id,name,museum,group,shape,card_kind,detail_kind,card_auth,detail_auth,ai_has_real_reference,card_live,detail_live,card_src,detail_src,credit
"gg-qmsh","《清明上河图》卷","故宫博物院","A-无AI图","variants","source","source","pending","pending","false","true","true","/artifact-sources/user-qingming/gg-qmsh-hongqiao-card.jpg","/artifact-sources/user-qingming/gg-qmsh-reading.jpg","用户提供《清明上河图》分段影像 · 画心拼接浏览版（不含完整题跋）"
"gg-qljs","《千里江山图》卷","故宫博物院","A-无AI图","variants","source","source","verified","verified","false","true","true","/artifact-sources/verified/gg-qljs-card-pd.jpg","/artifact-sources/verified/gg-qljs-detail-pd.jpg","王希孟《千里江山图》卷（故宫博物院藏）· Wikimedia Commons · Public domain"
"gg-pft","《平复帖》","故宫博物院","B-混合","variants","ai","source","","pending","true","true","true","/artifacts-v2/p1/gg-pft.png","/artifacts/gg-pft.jpg","陆机草隶平复帖卷.png"
"gg-jgyg","金瓯永固杯","故宫博物院","C-仅AI图","variants","ai","ai","ai","ai","true","true","true","/artifacts-v2/ai-pending-20260923/gg-jgyg.png","/artifacts-v2/ai-pending-20260923/gg-jgyg.png","AI 复原示意 · 据馆方文字资料生成，非文物实拍"
"gg-gzdc","各种釉彩大瓶","故宫博物院","C-仅AI图","variants","ai","ai","","","true","true","true","/artifacts-v2/p1/gg-gzdc.png","/artifacts-v2/p1/gg-gzdc.png","File:13 Glazed Vase.jpg"
"gg-jgb","成化款斗彩鸡缸杯","故宫博物院","C-仅AI图","variants","ai","ai","ai","ai","true","true","true","/artifacts-v2/ai-pending-20260923/gg-jgb.png","/artifacts-v2/ai-pending-20260923/gg-jgb.png","AI 复原示意 · 据馆方文字资料生成，非文物实拍"
"gg-ryzl","汝窑淡天青釉弦纹三足樽式炉","故宫博物院","C-仅AI图","variants","ai","ai","ai","ai","true","true","true","/artifacts-v2/ai-pending-20260923/gg-ryzl.png","/artifacts-v2/ai-pending-20260923/gg-ryzl.png","AI 复原示意 · 据馆方文字资料生成，非文物实拍"
"gb-hmwd","后母戊鼎","中国国家博物馆","B-混合","variants","ai","source","","pending","true","true","true","/artifacts-v2/p2-source/gb-hmwd.png","/artifacts/gb-hmwd.jpg","HouMuWuDingFullView.jpg"
"gb-syz","四羊方尊","中国国家博物馆","B-混合","variants","ai","source","","pending","true","true","true","/artifacts-v2/p2-source/gb-syz.png","/artifacts/gb-syz.jpg","Square zun with four sheep 01.jpg"
"gb-jgs","击鼓说唱俑","中国国家博物馆","B-混合","variants","ai","source","","pending","true","true","true","/artifacts-v2/p2-source/gb-jgs.png","/artifacts/gb-jgs.jpg","Ceramic figure of a story-teller.jpg"
"gb-jlfw","孝端皇后九龙九凤冠","中国国家博物馆","B-混合","variants","ai","source","","pending","true","true","true","/artifacts-v2/p2-source/gb-jlfw.png","/artifacts/gb-jlfw.jpg","孝端显皇后九龙九凤冠.jpeg"
"gb-hsyl","红山文化C形玉龙","中国国家博物馆","C-仅AI图","flat","ai","ai","ai","ai","false","true","true","/artifacts/gb-hsyl.jpg","/artifacts/gb-hsyl.jpg","AI 生成示意"
"gb-gyts","鹳鱼石斧图彩绘陶缸","中国国家博物馆","A-无AI图","variants","source","source","verified","verified","false","true","true","/artifact-sources/collection-20260922/gb-gyts.jpg","/artifact-sources/collection-20260922/gb-gyts.jpg","Augustokremo / Wikimedia Commons / CC BY-SA 4.0"
"gb-yygd","彩绘雁鱼青铜釭灯","中国国家博物馆","A-无AI图","variants","source","source","verified","verified","false","true","true","/artifact-sources/collection-20260922/gb-yygd.jpg","/artifact-sources/collection-20260922/gb-yygd.jpg","Gary Todd / Wikimedia Commons / CC0"
"gb-cxct","船形彩陶壶","中国国家博物馆","A-无AI图","variants","source","source","verified","verified","false","true","true","/artifact-sources/collection-20260922/gb-cxct.jpg","/artifact-sources/collection-20260922/gb-cxct.jpg","Editor at Large / Wikimedia Commons / CC BY-SA 2.5"
"yn-dwy","西汉“滇王之印”金印","中国国家博物馆","C-仅AI图","flat","ai","ai","ai","ai","false","true","true","/artifacts/yn-dwy.jpg","/artifacts/yn-dwy.jpg","AI 生成示意"
"qh-gyq","东汉“汉匈奴归义亲汉长”铜印","中国国家博物馆","C-仅AI图","flat","ai","ai","ai","ai","false","true","true","/artifacts/qh-gyq.jpg","/artifacts/qh-gyq.jpg","AI 生成示意"
"sb-jd","堇鼎","首都博物馆","C-仅AI图","variants","ai","ai","","","true","true","true","/artifacts-v2/p1/sb-jd.png","/artifacts-v2/p1/sb-jd.png","File:Western Zhou Bronze Jin Ding (9890625245).jpg"
"sb-bjl","伯矩鬲","首都博物馆","C-仅AI图","variants","ai","ai","","","true","true","true","/artifacts-v2/p1/sb-bjl.png","/artifacts-v2/p1/sb-bjl.png","Bo Ju Li.jpg"
"sb-qhbf","元青花凤首扁壶","首都博物馆","B-混合","variants","ai","source","","pending","true","true","true","/artifacts-v2/p2-source/sb-qhbf.png","/artifacts/sb-qhbf.jpg","File:景德镇窑青花凤首扁壶09124.jpg"
"tb-xjhl","范宽《雪景寒林图》","天津博物馆","B-混合","variants","ai","source","","pending","true","true","true","/artifacts-v2/p2-source/tb-xjhl.png","/artifacts/tb-xjhl.jpg","File:Xuejinghanlintu.jpg"
"tb-tbd","西周太保鼎","天津博物馆","C-仅AI图","variants","ai","ai","","","true","true","true","/artifacts-v2/p1/tb-tbd.png","/artifacts-v2/p1/tb-tbd.png","Taibao Ding.jpg"
"tb-yhc","乾隆款珐琅彩芍药雉鸡图玉壶春瓶","天津博物馆","C-仅AI图","variants","ai","ai","","","true","true","true","/artifacts-v2/p1/tb-yhc.png","/artifacts-v2/p1/tb-yhc.png","File:珐琅彩芍药雉鸡图玉壶春瓶08470.jpg"
"hb-cxd","长信宫灯","河北博物院","B-混合","variants","ai","source","","restricted","true","true","false","/artifacts-v2/p2-source/hb-cxd.png","/artifact-sources/official/hb-cxd.png","旅图河北：西汉长信宫灯 · 河北博物院藏"
"hb-jly","刘胜金缕玉衣","河北博物院","B-混合","variants","ai","source","","pending","true","true","true","/artifacts-v2/p2-source/hb-jly.png","/artifacts/hb-jly.jpg","File:Jin Lv Yu Yi of Liusheng, Han Dynasty,China (Hebei Museum).jpg"
"hb-sjfa","错金银四龙四凤铜方案座","河北博物院","C-仅AI图","variants","ai","ai","","","true","true","true","/artifacts-v2/p1/hb-sjfa.png","/artifacts-v2/p1/hb-sjfa.png","File:Bronze Square Table Stand Decorated with Dragon-and-phoenix.jpg"
"dz-jp","北宋定窑白釉刻花龙首净瓶","定州博物馆","C-仅AI图","flat","ai","ai","ai","ai","false","true","true","/artifacts/dz-jp.jpg","/artifacts/dz-jp.jpg","AI 生成示意"
"dz-yzp","东汉透雕神仙故事玉座屏","定州博物馆","C-仅AI图","flat","ai","ai","ai","ai","false","true","true","/artifacts/dz-yzp.jpg","/artifacts/dz-yzp.jpg","AI 生成示意"
"dz-lgd","东汉龙螭衔环谷纹青玉璧","定州博物馆","C-仅AI图","flat","ai","ai","ai","ai","false","true","true","/artifacts/dz-lgd.jpg","/artifacts/dz-lgd.jpg","AI 生成示意"
"sx-nz","晋侯鸟尊","山西博物院","C-仅AI图","flat","ai","ai","ai","ai","false","true","true","/artifacts/sx-nz.jpg","/artifacts/sx-nz.jpg","AI 生成示意"
"sx-hmms","侯马盟书","山西博物院","C-仅AI图","flat","ai","ai","ai","ai","false","true","true","/artifacts/sx-hmms.jpg","/artifacts/sx-hmms.jpg","AI 生成示意"
"sx-qh","北魏司马金龙墓木板漆画","山西博物院","C-仅AI图","flat","ai","ai","ai","ai","false","true","true","/artifacts/sx-qh.jpg","/artifacts/sx-qh.jpg","AI 生成示意"
"dt-lbl","北魏蓝玻璃碗","大同市博物馆","C-仅AI图","flat","ai","ai","ai","ai","false","true","true","/artifacts/dt-lbl.jpg","/artifacts/dt-lbl.jpg","AI 生成示意"
"dt-ytz","司马金龙墓釉陶俑阵","大同市博物馆","C-仅AI图","flat","ai","ai","ai","ai","false","true","true","/artifacts/dt-ytz.jpg","/artifacts/dt-ytz.jpg","AI 生成示意"
"nm-jgs","战国鹰顶金冠饰","内蒙古博物院","B-混合","variants","ai","source","","pending","true","true","true","/artifacts-v2/p2-source/nm-jgs.png","/artifacts/nm-jgs.jpg","File:匈奴王金冠.jpg"
"nm-jyx","元钧窑“小宋自造”香炉","内蒙古博物院","C-仅AI图","flat","ai","ai","ai","ai","false","true","true","/artifacts/nm-jyx.jpg","/artifacts/nm-jyx.jpg","AI 生成示意"
"nm-lsy","辽三彩鸳鸯壶","内蒙古博物院","C-仅AI图","flat","ai","ai","ai","ai","false","true","true","/artifacts/nm-lsy.jpg","/artifacts/nm-lsy.jpg","AI 生成示意"
"lb-zfsg","传周昉《簪花仕女图》卷","辽宁省博物馆","C-仅AI图","flat","ai","ai","ai","ai","false","true","true","/artifacts/lb-zfsg.jpg","/artifacts/lb-zfsg.jpg","AI 生成示意"
"lb-gf","《虢国夫人游春图》宋摹本","辽宁省博物馆","C-仅AI图","flat","ai","ai","ai","ai","false","true","true","/artifacts/lb-gf.jpg","/artifacts/lb-gf.jpg","AI 生成示意"
"lb-yzl","红山文化玉猪龙","辽宁省博物馆","C-仅AI图","variants","ai","ai","","","true","true","true","/artifacts-v2/p1/lb-yzl.png","/artifacts-v2/p1/lb-yzl.png","Hongshan pig-dragon (reassigned)"
"sy-ljy","清太宗皇太极御用鹿角椅","沈阳故宫博物院","C-仅AI图","flat","ai","ai","ai","ai","false","true","true","/artifacts/sy-ljy.jpg","/artifacts/sy-ljy.jpg","AI 生成示意"
"sy-yyd","清太祖努尔哈赤御用宝剑","沈阳故宫博物院","C-仅AI图","flat","ai","ai","ai","ai","false","true","true","/artifacts/sy-yyd.jpg","/artifacts/sy-yyd.jpg","AI 生成示意"
"sy-wyc","清乾隆款粉彩五燕瓷瓶","沈阳故宫博物院","C-仅AI图","flat","ai","ai","ai","ai","false","true","true","/artifacts/sy-wyc.jpg","/artifacts/sy-wyc.jpg","AI 生成示意"
"jl-efj","苏轼《洞庭春色赋·中山松醪赋》卷","吉林省博物院","C-仅AI图","flat","ai","ai","ai","ai","false","true","true","/artifacts/jl-efj.jpg","/artifacts/jl-efj.jpg","AI 生成示意"
"jl-wjg","张瑀《文姬归汉图》卷","吉林省博物院","C-仅AI图","flat","ai","ai","ai","ai","false","true","true","/artifacts/jl-wjg.jpg","/artifacts/jl-wjg.jpg","AI 生成示意"
"jl-ljm","夫余鎏金铜面具","吉林省博物院","C-仅AI图","flat","ai","ai","ai","ai","false","true","true","/artifacts/jl-ljm.jpg","/artifacts/jl-ljm.jpg","AI 生成示意"
"hlj-tzl","金代铜坐龙","黑龙江省博物馆","B-混合","variants","ai","source","","pending","true","true","true","/artifacts-v2/p2-source/hlj-tzl.png","/artifacts/hlj-tzl.jpg","File:铜坐龙-4.jpg"
"hlj-gys","新石器时代桂叶形石矛","黑龙江省博物馆","C-仅AI图","variants","ai","ai","","","true","true","true","/artifacts-v2/p1/hlj-gys.png","/artifacts-v2/p1/hlj-gys.png","File:桂叶形石器.jpg"
"hlj-syj","金代双鱼纹铜镜","黑龙江省博物馆","C-仅AI图","variants","ai","ai","ai","ai","true","true","true","/artifacts-v2/ai-pending-20260923/hlj-syj.png","/artifacts-v2/ai-pending-20260923/hlj-syj.png","AI 复原示意 · 据馆方文字资料生成，非文物实拍"
"sh-dkd","大克鼎","上海博物馆","B-混合","variants","ai","source","","pending","true","true","true","/artifacts-v2/p2-source/sh-dkd.png","/artifacts/sh-dkd.jpg","Da Ke ding.jpg"
"sh-syt","王羲之《上虞帖》唐摹本","上海博物馆","B-混合","variants","ai","source","","pending","true","true","true","/artifacts-v2/p1/sh-syt.png","/artifacts/sh-syt.jpg","File:王羲之 草书上虞帖卷.jpg"
"sh-sqf","战国商鞅方升","上海博物馆","B-混合","variants","ai","source","","pending","true","true","true","/artifacts-v2/p2-source/sh-sqf.png","/artifact-sources/official/sh-sqf.jpg","上海博物馆：战国商鞅方升"
"sh-zzjp","子仲姜盘","上海博物馆","A-无AI图","variants","source","source","verified","verified","false","true","true","/artifact-sources/collection-20260922/sh-zzjp.jpg","/artifact-sources/collection-20260922/sh-zzjp.jpg","Alexey Yakovlev / Wikimedia Commons / CC0"
"sh-ltry","朱克柔缂丝《莲塘乳鸭图》","上海博物馆","C-仅AI图","variants","ai","ai","ai","ai","true","true","true","/artifacts-v2/ai-pending-20260923/sh-ltry.png","/artifacts-v2/ai-pending-20260923/sh-ltry.png","AI 复原示意 · 据馆方文字资料生成，非文物实拍"
"nj-js","西汉金兽","南京博物院","C-仅AI图","flat","ai","ai","ai","ai","false","true","true","/artifacts/nj-js.jpg","/artifacts/nj-js.jpg","AI 生成示意"
"nj-mb","明洪武釉里红岁寒三友纹梅瓶","南京博物院","C-仅AI图","flat","ai","ai","ai","ai","false","true","true","/artifacts/nj-mb.jpg","/artifacts/nj-mb.jpg","AI 生成示意"
"nj-zlqx","竹林七贤与荣启期砖画","南京博物院","C-仅AI图","flat","ai","ai","ai","ai","false","true","true","/artifacts/nj-zlqx.jpg","/artifacts/nj-zlqx.jpg","AI 生成示意"
"nj-frs","清乾隆芙蓉石蟠螭耳盖炉","南京博物院","C-仅AI图","flat","ai","ai","ai","ai","false","true","true","/artifacts/nj-frs.jpg","/artifacts/nj-frs.jpg","AI 生成示意"
"sz-lhw","五代秘色瓷莲花碗","苏州博物馆","C-仅AI图","flat","ai","ai","ai","ai","false","true","true","/artifacts/sz-lhw.jpg","/artifacts/sz-lhw.jpg","AI 生成示意"
"sz-bz","北宋真珠舍利宝幢","苏州博物馆","B-混合","variants","ai","source","","pending","true","true","true","/artifacts-v2/p2-source/sz-bz.png","/artifacts/sz-bz.jpg","File:瑞光寺塔出土真珠舍利宝幢.jpg"
"sz-jx","北宋嵌螺钿人物花鸟纹经箱","苏州博物馆","C-仅AI图","flat","ai","ai","ai","ai","false","true","true","/artifacts/sz-jx.jpg","/artifacts/sz-jx.jpg","AI 生成示意"
"yz-mb","元霁蓝釉白龙纹梅瓶","扬州博物馆","C-仅AI图","flat","ai","ai","ai","ai","false","true","true","/artifacts/yz-mb.jpg","/artifacts/yz-mb.jpg","AI 生成示意"
"yz-tj","唐打马球图铜镜","扬州博物馆","C-仅AI图","flat","ai","ai","ai","ai","false","true","true","/artifacts/yz-tj.jpg","/artifacts/yz-tj.jpg","AI 生成示意"
"yz-zbq","郑板桥《兰竹石图》","扬州博物馆","C-仅AI图","flat","ai","ai","ai","ai","false","true","true","/artifacts/yz-zbq.jpg","/artifacts/yz-zbq.jpg","AI 生成示意"
"zj-fcst","黄公望《富春山居图·剩山图》","浙江省博物馆","B-混合","variants","ai","source","","pending","true","true","true","/artifacts-v2/p2-source/zj-fcst.png","/artifacts/zj-fcst.jpg","浙博藏剩山图, 2023-09-26 01.jpg"
"zj-sncy","河姆渡文化双鸟朝阳纹牙雕","浙江省博物馆","C-仅AI图","flat","ai","ai","ai","ai","false","true","true","/artifacts/zj-sncy.jpg","/artifacts/zj-sncy.jpg","AI 生成示意"
"zj-aywt","五代吴越国鎏金银阿育王塔","浙江省博物馆","C-仅AI图","flat","ai","ai","ai","ai","false","true","true","/artifacts/zj-aywt.jpg","/artifacts/zj-aywt.jpg","AI 生成示意"
"zj-yzj","战国越王者旨於睗剑","浙江省博物馆","A-无AI图","variants","source","source","verified","verified","false","true","true","/artifact-sources/verified/zj-yzj-card-cc0.jpg","/artifact-sources/verified/zj-yzj-detail-cc0.jpg","Gary Todd 摄影 · 浙江省博物馆藏越王者旨於睗剑 · CC0 1.0"
"nb-wgj","清末民初万工轿","宁波博物院","C-仅AI图","variants","ai","ai","ai","ai","true","true","true","/artifacts-v2/ai-pending-20260923/nb-wgj.png","/artifacts-v2/ai-pending-20260923/nb-wgj.png","AI 复原示意 · 据馆方文字资料生成，非文物实拍"
"nb-yrjd","战国羽人竞渡纹铜钺","宁波博物院","C-仅AI图","flat","ai","ai","ai","ai","false","true","true","/artifacts/nb-yrjd.jpg","/artifacts/nb-yrjd.jpg","AI 生成示意"
"nb-hyz","唐越窑青瓷荷叶盏托","宁波博物院","C-仅AI图","flat","ai","ai","ai","ai","false","true","true","/artifacts/nb-hyz.jpg","/artifacts/nb-hyz.jpg","AI 生成示意"
"nb-htb","唐越窑划花卉海棠杯","宁波博物院","C-仅AI图","variants","ai","ai","ai","ai","true","true","true","/artifacts-v2/ai-pending-20260923/nb-htb.png","/artifacts-v2/ai-pending-20260923/nb-htb.png","AI 复原示意 · 据馆方文字资料生成，非文物实拍"
"ah-czd","战国铸客大鼎（楚大鼎）","安徽博物院","C-仅AI图","flat","ai","ai","ai","ai","false","true","true","/artifacts/ah-czd.jpg","/artifacts/ah-czd.jpg","AI 生成示意"
"ah-wgj","春秋吴王光鉴","安徽博物院","C-仅AI图","flat","ai","ai","ai","ai","false","true","true","/artifacts/ah-wgj.jpg","/artifacts/ah-wgj.jpg","AI 生成示意"
"ah-yqz","北宋景德镇窑影青注子温碗","安徽博物院","C-仅AI图","flat","ai","ai","ai","ai","false","true","true","/artifacts/ah-yqz.jpg","/artifacts/ah-yqz.jpg","AI 生成示意"
"fj-kql","五代孔雀蓝釉陶瓶","福建博物院","C-仅AI图","flat","ai","ai","ai","ai","false","true","true","/artifacts/fj-kql.jpg","/artifacts/fj-kql.jpg","AI 生成示意"
"fj-jyz","宋建窑黑釉兔毫盏","福建博物院","C-仅AI图","flat","ai","ai","ai","ai","false","true","true","/artifacts/fj-jyz.jpg","/artifacts/fj-jyz.jpg","AI 生成示意"
"fj-dhgy","明德化窑何朝宗款观音立像","福建博物院","C-仅AI图","flat","ai","ai","ai","ai","false","true","true","/artifacts/fj-dhgy.jpg","/artifacts/fj-dhgy.jpg","AI 生成示意"
"qz-hzc","南宋泉州湾后渚港沉船","泉州海外交通史博物馆","C-仅AI图","flat","ai","ai","ai","ai","false","true","true","/artifacts/qz-hzc.jpg","/artifacts/qz-hzc.jpg","AI 生成示意"
"qz-mbs","元伊斯兰教阿拉伯文墓碑","泉州海外交通史博物馆","C-仅AI图","flat","ai","ai","ai","ai","false","true","true","/artifacts/qz-mbs.jpg","/artifacts/qz-mbs.jpg","AI 生成示意"
"qz-jc","宋磁灶窑绿釉军持","泉州海外交通史博物馆","C-仅AI图","flat","ai","ai","ai","ai","false","true","true","/artifacts/qz-jc.jpg","/artifacts/qz-jc.jpg","AI 生成示意"
"jx-qth","商代伏鸟双尾青铜虎","江西省博物馆","C-仅AI图","flat","ai","ai","ai","ai","false","true","true","/artifacts/jx-qth.jpg","/artifacts/jx-qth.jpg","AI 生成示意"
"jx-smsr","商代双面神人青铜头像","江西省博物馆","C-仅AI图","flat","ai","ai","ai","ai","false","true","true","/artifacts/jx-smsr.jpg","/artifacts/jx-smsr.jpg","AI 生成示意"
"jx-glc","元青花釉里红楼阁式谷仓","江西省博物馆","C-仅AI图","flat","ai","ai","ai","ai","false","true","true","/artifacts/jx-glc.jpg","/artifacts/jx-glc.jpg","AI 生成示意"
"jdz-qhmb","元青花缠枝牡丹纹梅瓶","景德镇中国陶瓷博物馆","C-仅AI图","variants","ai","ai","ai","ai","true","true","true","/artifacts-v2/ai-pending-20260923/jdz-qhmb.png","/artifacts-v2/ai-pending-20260923/jdz-qhmb.png","AI 复原示意 · 据馆方文字资料生成，非文物实拍"
"jdz-blz","清乾隆粉彩百鹿图尊","景德镇中国陶瓷博物馆","C-仅AI图","flat","ai","ai","ai","ai","false","true","true","/artifacts/jdz-blz.jpg","/artifacts/jdz-blz.jpg","AI 生成示意"
"jdz-cslh","沉思罗汉像（“无语佛”）","景德镇中国陶瓷博物馆","C-仅AI图","flat","ai","ai","ai","ai","false","true","true","/artifacts/jdz-cslh.jpg","/artifacts/jdz-cslh.jpg","AI 生成示意"
"sd-acy","商代亚醜钺","山东博物馆","C-仅AI图","flat","ai","ai","ai","ai","false","true","true","/artifacts/sd-acy.jpg","/artifacts/sd-acy.jpg","AI 生成示意"
"sd-lgdy","战国鲁国大玉璧","山东博物馆","C-仅AI图","flat","ai","ai","ai","ai","false","true","true","/artifacts/sd-lgdy.jpg","/artifacts/sd-lgdy.jpg","AI 生成示意"
"sd-hts","大汶口红陶兽形壶","山东博物馆","C-仅AI图","flat","ai","ai","ai","ai","false","true","true","/artifacts/sd-hts.jpg","/artifacts/sd-hts.jpg","AI 生成示意"
"sd-szb","银雀山汉墓《孙子兵法》《孙膑兵法》竹简","山东博物馆","C-仅AI图","flat","ai","ai","ai","ai","false","true","true","/artifacts/sd-szb.jpg","/artifacts/sd-szb.jpg","AI 生成示意"
"kz-sg","清“商周十供”青铜礼器","孔子博物馆","C-仅AI图","flat","ai","ai","ai","ai","false","true","true","/artifacts/kz-sg.jpg","/artifacts/kz-sg.jpg","AI 生成示意"
"kz-myc","明衍圣公朝服衣冠","孔子博物馆","C-仅AI图","flat","ai","ai","ai","ai","false","true","true","/artifacts/kz-myc.jpg","/artifacts/kz-myc.jpg","AI 生成示意"
"kz-kzsj","明版《孔子圣迹图》","孔子博物馆","C-仅AI图","flat","ai","ai","ai","ai","false","true","true","/artifacts/kz-kzsj.jpg","/artifacts/kz-kzsj.jpg","AI 生成示意"
"qzx-lxsf","北齐贴金彩绘佛造像","青州市博物馆","C-仅AI图","variants","ai","ai","","","true","true","true","/artifacts-v2/p1/qzx-lxsf.png","/artifacts-v2/p1/qzx-lxsf.png","File:青州龙兴寺 北齐 贴金彩绘思惟菩萨像.JPG"
"qzx-zyj","明赵秉忠状元卷","青州市博物馆","B-混合","variants","ai","source","","pending","true","true","true","/artifacts-v2/p1/qzx-zyj.png","/artifacts/qzx-zyj.jpg","File:状元卷.JPG"
"qzx-yzb","东汉“宜子孙”玉璧","青州市博物馆","C-仅AI图","flat","ai","ai","ai","ai","false","true","true","/artifacts/qzx-yzb.jpg","/artifacts/qzx-yzb.jpg","AI 生成示意"
"hn-jhg","贾湖骨笛","河南博物院","B-混合","variants","ai","source","","pending","true","true","true","/artifacts-v2/p2-source/hn-jhg.png","/artifacts/hn-jhg.jpg","File:贾湖骨笛 竖.jpg"
"hn-fhxz","商代妇好鸮尊","河南博物院","B-混合","variants","ai","source","","pending","true","true","true","/artifacts-v2/p2-source/hn-fhxz.png","/artifacts/hn-fhxz.jpg","20260408 Bronze Owl-Shaped Zun with Inscriptions of Fu Hao.jpg"
"hn-lhfh","春秋莲鹤方壶","河南博物院","B-混合","variants","ai","source","","pending","true","true","true","/artifacts-v2/p2-source/hn-lhfh.png","/artifacts/hn-lhfh.jpg","20260408 Rectangular Pot with Lotus Petal Cover and Crane Decoration 01.jpg"
"hn-wzt","唐武则天金简","河南博物院","C-仅AI图","variants","ai","ai","","","true","true","true","/artifacts-v2/p1/hn-wzt.png","/artifacts-v2/p1/hn-wzt.png","File:Chinese gold slip for absolving sin.jpg"
"hn-ywtj","云纹铜禁","河南博物院","A-无AI图","variants","source","source","verified","verified","false","true","true","/artifact-sources/collection-20260922/hn-ywtj.jpg","/artifact-sources/collection-20260922/hn-ywtj.jpg","Gary Todd / Wikimedia Commons / CC0"
"ly-byb","曹魏白玉杯","洛阳博物馆","C-仅AI图","flat","ai","ai","ai","ai","false","true","true","/artifacts/ly-byb.jpg","/artifacts/ly-byb.jpg","AI 生成示意"
"ly-hym","唐三彩黑釉马","洛阳博物馆","C-仅AI图","flat","ai","ai","ai","ai","false","true","true","/artifacts/ly-hym.jpg","/artifacts/ly-hym.jpg","AI 生成示意"
"ly-sbx","东汉石辟邪","洛阳博物馆","C-仅AI图","flat","ai","ai","ai","ai","false","true","true","/artifacts/ly-sbx.jpg","/artifacts/ly-sbx.jpg","AI 生成示意"
"kf-tmj","北宋《开封府题名记》碑","开封市博物馆","C-仅AI图","flat","ai","ai","ai","ai","false","true","true","/artifacts/kf-tmj.jpg","/artifacts/kf-tmj.jpg","AI 生成示意"
"kf-dsb","北宋大晟编钟","开封市博物馆","C-仅AI图","flat","ai","ai","ai","ai","false","true","true","/artifacts/kf-dsb.jpg","/artifacts/kf-dsb.jpg","AI 生成示意"
"kf-khc","北魏孔惠超石造像","开封市博物馆","B-混合","variants","ai","source","","pending","true","true","true","/artifacts-v2/p2-source/kf-khc.png","/artifacts/kf-khc.jpg","File:20241025 Stone Statues by Kong Huichao, Northern Wei Dynasty.jpg"
"yx-sxd","商代司母辛鼎","殷墟博物馆","C-仅AI图","flat","ai","ai","ai","ai","false","true","true","/artifacts/yx-sxd.jpg","/artifacts/yx-sxd.jpg","AI 生成示意"
"yx-yz","商代亚长牛尊","殷墟博物馆","C-仅AI图","flat","ai","ai","ai","ai","false","true","true","/artifacts/yx-yz.jpg","/artifacts/yx-yz.jpg","AI 生成示意"
"yx-jg","刻辞卜骨（甲骨）","殷墟博物馆","C-仅AI图","variants","ai","ai","","","true","true","true","/artifacts-v2/p1/yx-jg.png","/artifacts-v2/p1/yx-jg.png","Shang Ox Bone Oracle Bones.jpg"
"hub-zhy","战国曾侯乙编钟","湖北省博物馆","C-仅AI图","variants","ai","ai","","","true","true","true","/artifacts-v2/p1/hub-zhy.png","/artifacts-v2/p1/hub-zhy.png","20230208 Chime bells of Marquis Yi of Zeng.jpg"
"hub-ywj","春秋越王勾践剑","湖北省博物馆","C-仅AI图","variants","ai","ai","","","true","true","true","/artifacts-v2/p1/hub-ywj.png","/artifacts-v2/p1/hub-ywj.png","20230208 Bronze sword used by King Goujian of Yue 01.jpg"
"hub-zp","战国曾侯乙尊盘","湖北省博物馆","C-仅AI图","flat","ai","ai","ai","ai","false","true","true","/artifacts/hub-zp.jpg","/artifacts/hub-zp.jpg","AI 生成示意"
"hub-qj","睡虎地秦简《秦律十八种》","湖北省博物馆","C-仅AI图","flat","ai","ai","ai","ai","false","true","true","/artifacts/hub-qj.jpg","/artifacts/hub-qj.jpg","AI 生成示意"
"hub-sat","元青花四爱图梅瓶","湖北省博物馆","C-仅AI图","flat","ai","ai","ai","ai","false","true","true","/artifacts/hub-sat.jpg","/artifacts/hub-sat.jpg","AI 生成示意"
"jz-hnjg","战国漆木虎座鸟架鼓","荆州博物馆","C-仅AI图","flat","ai","ai","ai","ai","false","true","true","/artifacts/jz-hnjg.jpg","/artifacts/jz-hnjg.jpg","AI 生成示意"
"jz-yzj","战国越王州句剑","荆州博物馆","B-混合","variants","ai","source","","pending","true","true","true","/artifacts-v2/p2-source/jz-yzj.png","/artifacts/jz-yzj.jpg","File:越王州句剑 03.jpg"
"jz-lfh","战国龙凤虎纹绣罗","荆州博物馆","C-仅AI图","flat","ai","ai","ai","ai","false","true","true","/artifacts/jz-lfh.jpg","/artifacts/jz-lfh.jpg","AI 生成示意"
"hun-tbh","西汉马王堆T形帛画","湖南博物院","B-混合","variants","ai","source","","pending","true","true","true","/artifacts-v2/p1/hun-tbh.png","/artifacts/hun-tbh.jpg","File:Banière funéraire, peinture sur soie, Chine.jpg"
"hun-ssd","西汉直裾素纱单衣","湖南博物院","B-混合","variants","ai","source","","pending","true","true","true","/artifacts-v2/p2-source/hun-ssd.png","/artifacts/hun-ssd.jpg","File:Plain Unlined Silk Gauze Gown, Hunan Museum, picture2.jpg"
"hun-dhd","商代大禾人面纹方鼎","湖南博物院","C-仅AI图","flat","ai","ai","ai","ai","false","true","true","/artifacts/hun-dhd.jpg","/artifacts/hun-dhd.jpg","AI 生成示意"
"hun-mfl","商代皿方罍","湖南博物院","C-仅AI图","flat","ai","ai","ai","ai","false","true","true","/artifacts/hun-mfl.jpg","/artifacts/hun-mfl.jpg","AI 生成示意"
"cs-zml","三国长沙走马楼吴简","长沙简牍博物馆","C-仅AI图","flat","ai","ai","ai","ai","false","true","true","/artifacts/cs-zml.jpg","/artifacts/cs-zml.jpg","AI 生成示意"
"cs-dhj","东汉五一广场简牍","长沙简牍博物馆","C-仅AI图","flat","ai","ai","ai","ai","false","true","true","/artifacts/cs-dhj.jpg","/artifacts/cs-dhj.jpg","AI 生成示意"
"gd-qjy","清端石千金猴王砚","广东省博物馆","C-仅AI图","flat","ai","ai","ai","ai","false","true","true","/artifacts/gd-qjy.jpg","/artifacts/gd-qjy.jpg","AI 生成示意"
"gd-dsk","清金漆木雕大神龛","广东省博物馆","C-仅AI图","flat","ai","ai","ai","ai","false","true","true","/artifacts/gd-dsk.jpg","/artifacts/gd-dsk.jpg","AI 生成示意"
"gd-mlt","南宋陈容《墨龙图》轴","广东省博物馆","C-仅AI图","flat","ai","ai","ai","ai","false","true","true","/artifacts/gd-mlt.jpg","/artifacts/gd-mlt.jpg","AI 生成示意"
"ny-sly","西汉丝缕玉衣","南越王博物院","C-仅AI图","flat","ai","ai","ai","ai","false","true","true","/artifacts/ny-sly.jpg","/artifacts/ny-sly.jpg","AI 生成示意"
"ny-wdx","西汉“文帝行玺”金印","南越王博物院","C-仅AI图","flat","ai","ai","ai","ai","false","true","true","/artifacts/ny-wdx.jpg","/artifacts/ny-wdx.jpg","AI 生成示意"
"ny-jyb","西汉角形玉杯","南越王博物院","C-仅AI图","flat","ai","ai","ai","ai","false","true","true","/artifacts/ny-jyb.jpg","/artifacts/ny-jyb.jpg","AI 生成示意"
"ny-yh","西汉凸瓣纹银盒","南越王博物院","C-仅AI图","variants","ai","ai","ai","ai","true","true","true","/artifacts-v2/ai-new-20260927/ny-yh.png","/artifacts-v2/ai-new-20260927/ny-yh.png","AI 复原示意 · 据馆方文字资料生成，非文物实拍；纹样与表面状态不保真"
"ny-cpyb","西汉铜印花板模","南越王博物院","C-仅AI图","variants","ai","ai","ai","ai","true","true","true","/artifacts-v2/ai-new-20260927/ny-cpyb.png","/artifacts-v2/ai-new-20260927/ny-cpyb.png","AI 复原示意 · 据馆方文字资料生成，非文物实拍；板面纹样不保真"
"ny-hujie","西汉错金铭文铜虎节","南越王博物院","C-仅AI图","variants","ai","ai","ai","ai","true","true","true","/artifacts-v2/ai-new-20260927/ny-hujie.png","/artifacts-v2/ai-new-20260927/ny-hujie.png","AI 复原示意 · 据馆方文字资料生成，非文物实拍；铭文不作真实复刻"
"ny-gaozu","西汉铜承盘高足玉杯","南越王博物院","C-仅AI图","variants","ai","ai","ai","ai","true","true","true","/artifacts-v2/ai-new-20260927/ny-gaozu.png","/artifacts-v2/ai-new-20260927/ny-gaozu.png","AI 复原示意 · 据馆方文字资料生成，非文物实拍；连接细节不保真"
"ny-xiangyazhi","西汉金釦象牙卮","南越王博物院","C-仅AI图","variants","ai","ai","ai","ai","true","true","true","/artifacts-v2/ai-new-20260927/ny-xiangyazhi.png","/artifacts-v2/ai-new-20260927/ny-xiangyazhi.png","AI 复原示意 · 据馆方文字资料生成，非文物实拍；针刻纹样不保真"
"gx-xlt","西汉翔鹭纹铜鼓","广西壮族自治区博物馆","C-仅AI图","flat","ai","ai","ai","ai","false","true","true","/artifacts/gx-xlt.jpg","/artifacts/gx-xlt.jpg","AI 生成示意"
"gx-yfd","西汉羽纹铜凤灯","广西壮族自治区博物馆","C-仅AI图","flat","ai","ai","ai","ai","false","true","true","/artifacts/gx-yfd.jpg","/artifacts/gx-yfd.jpg","AI 生成示意"
"gx-qht","西汉漆绘提梁铜筒","广西壮族自治区博物馆","C-仅AI图","flat","ai","ai","ai","ai","false","true","true","/artifacts/gx-qht.jpg","/artifacts/gx-qht.jpg","AI 生成示意"
"hain-hgj","南宋华光礁I号沉船出水青白瓷","海南省博物馆","C-仅AI图","flat","ai","ai","ai","ai","false","true","true","/artifacts/hain-hgj.jpg","/artifacts/hain-hgj.jpg","AI 生成示意"
"hain-lj","清黎族龙被（织锦）","海南省博物馆","C-仅AI图","flat","ai","ai","ai","ai","false","true","true","/artifacts/hain-lj.jpg","/artifacts/hain-lj.jpg","AI 生成示意"
"hain-hhl","明黄花梨圈椅","海南省博物馆","C-仅AI图","flat","ai","ai","ai","ai","false","true","true","/artifacts/hain-hhl.jpg","/artifacts/hain-hhl.jpg","AI 生成示意"
"cq-nxz","战国青铜鸟形尊","重庆中国三峡博物馆","C-仅AI图","flat","ai","ai","ai","ai","false","true","true","/artifacts/cq-nxz.jpg","/artifacts/cq-nxz.jpg","AI 生成示意"
"cq-wyq","东汉乌杨石阙","重庆中国三峡博物馆","B-混合","variants","ai","source","","pending","true","true","true","/artifacts-v2/p2-source/cq-wyq.png","/artifacts/cq-wyq.jpg","File:Wuyang Que, 2017-09-21 03.jpg"
"cq-hty","明唐寅临《韩熙载夜宴图》卷","重庆中国三峡博物馆","C-仅AI图","flat","ai","ai","ai","ai","false","true","true","/artifacts/cq-hty.jpg","/artifacts/cq-hty.jpg","AI 生成示意"
"dz-qsg","南宋宝顶山千手观音","大足石刻博物馆","B-混合","variants","ai","source","","pending","true","true","true","/artifacts-v2/p2-source/dz-qsg.png","/artifacts/dz-qsg.jpg","File:Avalokitesvara.jpg"
"dz-zlj","南宋北山转轮经藏窟造像","大足石刻博物馆","C-仅AI图","flat","ai","ai","ai","ai","false","true","true","/artifacts/dz-zlj.jpg","/artifacts/dz-zlj.jpg","AI 生成示意"
"dz-mnt","南宋宝顶山牧牛图","大足石刻博物馆","C-仅AI图","flat","ai","ai","ai","ai","false","true","true","/artifacts/dz-mnt.jpg","/artifacts/dz-mnt.jpg","AI 生成示意"
"sc-xsel","西周象首耳兽面纹铜罍","四川博物院","C-仅AI图","flat","ai","ai","ai","ai","false","true","true","/artifacts/sc-xsel.jpg","/artifacts/sc-xsel.jpg","AI 生成示意"
"sc-ssj","五代后蜀残石经","四川博物院","C-仅AI图","flat","ai","ai","ai","ai","false","true","true","/artifacts/sc-ssj.jpg","/artifacts/sc-ssj.jpg","AI 生成示意"
"sc-hxz","东汉制盐画像砖","四川博物院","C-仅AI图","flat","ai","ai","ai","ai","false","true","true","/artifacts/sc-hxz.jpg","/artifacts/sc-hxz.jpg","AI 生成示意"
"sxd-qs","商代青铜神树","三星堆博物馆","B-混合","variants","ai","source","","pending","true","true","true","/artifacts-v2/p2-source/sxd-qs.png","/artifacts/sxd-qs.jpg","Ⅰ号大型青铜神树.jpg"
"sxd-dlr","商代青铜大立人","三星堆博物馆","B-混合","variants","ai","source","","pending","true","true","true","/artifacts-v2/p2-source/sxd-dlr.png","/artifacts/sxd-dlr.jpg","File:三星堆出土青铜大立人像, 2017-09-17.jpg"
"sxd-hjm","商代黄金面具","三星堆博物馆","B-混合","variants","ai","source","","pending","true","true","true","/artifacts-v2/p2-source/sxd-hjm.png","/artifacts/sxd-hjm.jpg","Sanxingdui Oct 2007 585.jpg"
"sxd-zym","商代青铜纵目面具","三星堆博物馆","B-混合","variants","ai","source","","pending","true","true","true","/artifacts-v2/p2-source/sxd-zym.png","/artifacts/sxd-zym.jpg","File:Bronze Mask with Protruding Eyes.jpg"
"sxd-jz","商代金杖","三星堆博物馆","C-仅AI图","variants","ai","ai","","","true","true","true","/artifacts-v2/p1/sxd-jz.png","/artifacts-v2/p1/sxd-jz.png","File:Sanxingdui Gold Scepter (9950984395).jpg"
"js-tysn","商周太阳神鸟金饰","成都金沙遗址博物馆","C-仅AI图","variants","ai","ai","","","true","true","true","/artifacts-v2/p1/js-tysn.png","/artifacts-v2/p1/js-tysn.png","太阳神鸟金箔片, 2017-09-17.jpg"
"js-hjm","商周黄金面具","成都金沙遗址博物馆","C-仅AI图","variants","ai","ai","","","true","true","true","/artifacts-v2/p1/js-hjm.png","/artifacts-v2/p1/js-hjm.png","File:Golden Mask Jinsha.JPG"
"js-sjc","新石器时代十节玉琮","成都金沙遗址博物馆","C-仅AI图","variants","ai","ai","","","true","true","true","/artifacts-v2/p1/js-sjc.png","/artifacts-v2/p1/js-sjc.png","File:Shijie Yucong.JPG"
"gz-tcm","东汉铜车马","贵州省博物馆","C-仅AI图","flat","ai","ai","ai","ai","false","true","true","/artifacts/gz-tcm.jpg","/artifacts/gz-tcm.jpg","AI 生成示意"
"gz-myg","清苗族银冠","贵州省博物馆","C-仅AI图","flat","ai","ai","ai","ai","false","true","true","/artifacts/gz-myg.jpg","/artifacts/gz-myg.jpg","AI 生成示意"
"gz-yjg","明播州杨氏土司金凤冠","贵州省博物馆","C-仅AI图","flat","ai","ai","ai","ai","false","true","true","/artifacts/gz-yjg.jpg","/artifacts/gz-yjg.jpg","AI 生成示意"
"yn-nha","战国牛虎铜案","云南省博物馆","C-仅AI图","flat","ai","ai","ai","ai","false","true","true","/artifacts/yn-nha.jpg","/artifacts/yn-nha.jpg","AI 生成示意"
"yn-jcn","宋大理国银鎏金镶珠金翅鸟","云南省博物馆","B-混合","variants","ai","source","","pending","true","true","true","/artifacts-v2/p2-source/yn-jcn.png","/artifacts/yn-jcn.jpg","File:大理崇圣寺千寻塔出土-银鎏金镶珠金翅鸟-大理国-云南省博物馆 2025-09-18 04.jpg"
"xz-stg","新石器时代双体陶罐","西藏博物馆","C-仅AI图","flat","ai","ai","ai","ai","false","true","true","/artifacts/xz-stg.jpg","/artifacts/xz-stg.jpg","AI 生成示意"
"xz-ljf","明永乐鎏金铜佛造像","西藏博物馆","C-仅AI图","flat","ai","ai","ai","ai","false","true","true","/artifacts/xz-ljf.jpg","/artifacts/xz-ljf.jpg","AI 生成示意"
"xz-byj","吐蕃贝叶经","西藏博物馆","C-仅AI图","flat","ai","ai","ai","ai","false","true","true","/artifacts/xz-byj.jpg","/artifacts/xz-byj.jpg","AI 生成示意"
"sxl-xmb","唐镶金兽首玛瑙杯","陕西历史博物馆","C-仅AI图","flat","ai","ai","ai","ai","false","true","true","/artifacts/sxl-xmb.jpg","/artifacts/sxl-xmb.jpg","AI 生成示意"
"sxl-wmh","唐鎏金舞马衔杯纹银壶","陕西历史博物馆","C-仅AI图","flat","ai","ai","ai","ai","false","true","true","/artifacts/sxl-wmh.jpg","/artifacts/sxl-wmh.jpg","AI 生成示意"
"sxl-hzx","西汉“皇后之玺”玉印","陕西历史博物馆","B-混合","variants","ai","source","","pending","true","true","true","/artifacts-v2/p2-source/sxl-hzx.png","/artifacts/sxl-hzx.jpg","""皇后之玺""玉印.jpg"
"sxl-lt","唐三彩骆驼载乐俑","陕西历史博物馆","C-仅AI图","variants","ai","ai","ai","ai","true","true","true","/artifacts-v2/ai-pending-20260923/sxl-lt.png","/artifacts-v2/ai-pending-20260923/sxl-lt.png","AI 复原示意 · 据馆方文字资料生成，非文物实拍"
"sxl-yjb","唐鸳鸯莲瓣纹金碗","陕西历史博物馆","B-混合","variants","ai","source","","pending","true","true","true","/artifacts-v2/p2-source/sxl-yjb.png","/artifacts/sxl-yjb.jpg","File:鸳鸯莲瓣纹金碗 20091112.jpg"
"sxl-ptxn","葡萄花鸟纹银香囊","陕西历史博物馆","C-仅AI图","variants","ai","ai","ai","ai","true","true","true","/artifacts-v2/ai-pending-20260923/sxl-ptxn.png","/artifacts-v2/ai-pending-20260923/sxl-ptxn.png","AI 复原示意 · 据馆方文字资料生成，非文物实拍"
"qs-by","秦兵马俑军阵（将军俑）","秦始皇帝陵博物院","C-仅AI图","flat","ai","ai","ai","ai","false","true","true","/artifacts/qs-by.jpg","/artifacts/qs-by.jpg","AI 生成示意"
"qs-tcm","秦陵铜车马","秦始皇帝陵博物院","C-仅AI图","flat","ai","ai","ai","ai","false","true","true","/artifacts/qs-tcm.jpg","/artifacts/qs-tcm.jpg","AI 生成示意"
"qs-gyz","秦跪射俑","秦始皇帝陵博物院","C-仅AI图","flat","ai","ai","ai","ai","false","true","true","/artifacts/qs-gyz.jpg","/artifacts/qs-gyz.jpg","AI 生成示意"
"xa-scm","唐三彩腾空马","西安博物院","C-仅AI图","flat","ai","ai","ai","ai","false","true","true","/artifacts/xa-scm.jpg","/artifacts/xa-scm.jpg","AI 生成示意"
"xa-dqz","隋董钦造鎏金铜弥陀佛像","西安博物院","C-仅AI图","flat","ai","ai","ai","ai","false","true","true","/artifacts/xa-dqz.jpg","/artifacts/xa-dqz.jpg","AI 生成示意"
"xa-snt","唐仕女俑","西安博物院","C-仅AI图","flat","ai","ai","ai","ai","false","true","true","/artifacts/xa-snt.jpg","/artifacts/xa-snt.jpg","AI 生成示意"
"bj-hz","西周何尊","宝鸡青铜器博物院","C-仅AI图","flat","ai","ai","ai","ai","false","true","true","/artifacts/bj-hz.jpg","/artifacts/bj-hz.jpg","AI 生成示意"
"bj-lp","西周逨盘","宝鸡青铜器博物院","C-仅AI图","flat","ai","ai","ai","ai","false","true","true","/artifacts/bj-lp.jpg","/artifacts/bj-lp.jpg","AI 生成示意"
"bj-hg","西周㝬簋（胡簋）","宝鸡青铜器博物院","C-仅AI图","flat","ai","ai","ai","ai","false","true","true","/artifacts/bj-hg.jpg","/artifacts/bj-hg.jpg","AI 生成示意"
"gs-tbm","东汉铜奔马（马踏飞燕）","甘肃省博物馆","C-仅AI图","flat","ai","ai","ai","ai","false","true","true","/artifacts/gs-tbm.jpg","/artifacts/gs-tbm.jpg","AI 生成示意"
"gs-rts","仰韶人头形器口彩陶瓶","甘肃省博物馆","C-仅AI图","flat","ai","ai","ai","ai","false","true","true","/artifacts/gs-rts.jpg","/artifacts/gs-rts.jpg","AI 生成示意"
"gs-yxt","魏晋驿使图画像砖","甘肃省博物馆","C-仅AI图","flat","ai","ai","ai","ai","false","true","true","/artifacts/gs-yxt.jpg","/artifacts/gs-yxt.jpg","AI 生成示意"
"dh-jsl","北魏第257窟《九色鹿本生》壁画","敦煌研究院（莫高窟）","C-仅AI图","flat","ai","ai","ai","ai","false","true","true","/artifacts/dh-jsl.jpg","/artifacts/dh-jsl.jpg","AI 生成示意"
"dh-swk","唐第45窟彩塑群像","敦煌研究院（莫高窟）","C-仅AI图","flat","ai","ai","ai","ai","false","true","true","/artifacts/dh-swk.jpg","/artifacts/dh-swk.jpg","AI 生成示意"
"dh-ft","唐飞天壁画","敦煌研究院（莫高窟）","C-仅AI图","flat","ai","ai","ai","ai","false","true","true","/artifacts/dh-ft.jpg","/artifacts/dh-ft.jpg","AI 生成示意"
"qh-wdw","马家窑文化舞蹈纹彩陶盆","青海省博物馆","C-仅AI图","flat","ai","ai","ai","ai","false","true","true","/artifacts/qh-wdw.jpg","/artifacts/qh-wdw.jpg","AI 生成示意"
"qh-tk","清堆绣唐卡","青海省博物馆","C-仅AI图","flat","ai","ai","ai","ai","false","true","true","/artifacts/qh-tk.jpg","/artifacts/qh-tk.jpg","AI 生成示意"
"nx-ljt","西夏鎏金铜牛","宁夏博物馆","C-仅AI图","flat","ai","ai","ai","ai","false","true","true","/artifacts/nx-ljt.jpg","/artifacts/nx-ljt.jpg","AI 生成示意"
"nx-jxb","西夏文佛经《吉祥遍至口和本续》","宁夏博物馆","C-仅AI图","flat","ai","ai","ai","ai","false","true","true","/artifacts/nx-jxb.jpg","/artifacts/nx-jxb.jpg","AI 生成示意"
"nx-hxw","唐胡旋舞石刻墓门","宁夏博物馆","C-仅AI图","flat","ai","ai","ai","ai","false","true","true","/artifacts/nx-hxw.jpg","/artifacts/nx-hxw.jpg","AI 生成示意"
"xj-wxc","东汉“五星出东方利中国”锦护臂","新疆维吾尔自治区博物馆","C-仅AI图","flat","ai","ai","ai","ai","false","true","true","/artifacts/xj-wxc.jpg","/artifacts/xj-wxc.jpg","AI 生成示意"
"xj-fxnv","唐《伏羲女娲图》绢画","新疆维吾尔自治区博物馆","C-仅AI图","flat","ai","ai","ai","ai","false","true","true","/artifacts/xj-fxnv.jpg","/artifacts/xj-fxnv.jpg","AI 生成示意"
"xj-thy","唐彩绘天王踏鬼木俑","新疆维吾尔自治区博物馆","C-仅AI图","flat","ai","ai","ai","ai","false","true","true","/artifacts/xj-thy.jpg","/artifacts/xj-thy.jpg","AI 生成示意"
"hk-lsf","《洛神赋图》卷（北宋摹本）","香港故宫文化博物馆","C-仅AI图","flat","ai","ai","ai","ai","false","true","true","/artifacts/hk-lsf.jpg","/artifacts/hk-lsf.jpg","AI 生成示意"
"hk-hrz","北宋定窑白釉孩儿枕","香港故宫文化博物馆","C-仅AI图","variants","ai","ai","","","true","true","true","/artifacts-v2/p1/hk-hrz.png","/artifacts-v2/p1/hk-hrz.png","File:Baby pillow 1.JPG"
"hk-jgb","明永乐青花龙穿花纹扁瓶","香港故宫文化博物馆","B-混合","variants","ai","source","","pending","true","true","true","/artifacts-v2/p1/hk-jgb.png","/artifact-sources/official/hk-jgb.png","香港故宫文化博物馆：明永乐青花龙穿花纹扁瓶 © 故宫博物院"
"mo-klk","明克拉克瓷青花盘","澳门博物馆","C-仅AI图","variants","ai","ai","ai","ai","true","true","true","/artifacts-v2/ai-pending-20260923/mo-klk.png","/artifacts-v2/ai-pending-20260923/mo-klk.png","AI 复原示意 · 据馆方文字资料生成，非文物实拍"
"mo-wxh","清外销通草水彩画","澳门博物馆","C-仅AI图","flat","ai","ai","ai","ai","false","true","true","/artifacts/mo-wxh.jpg","/artifacts/mo-wxh.jpg","AI 生成示意"
"tp-cyb","清翠玉白菜","台北故宫博物院","C-仅AI图","flat","ai","ai","ai","ai","false","true","true","/artifacts/tp-cyb.jpg","/artifacts/tp-cyb.jpg","AI 生成示意"
"tp-rxs","清肉形石","台北故宫博物院","C-仅AI图","flat","ai","ai","ai","ai","false","true","true","/artifacts/tp-rxs.jpg","/artifacts/tp-rxs.jpg","AI 生成示意"
"tp-mgd","西周毛公鼎","台北故宫博物院","C-仅AI图","flat","ai","ai","ai","ai","false","true","true","/artifacts/tp-mgd.jpg","/artifacts/tp-mgd.jpg","AI 生成示意"
"tp-rsp","北宋汝窑天青无纹水仙盆","台北故宫博物院","C-仅AI图","flat","ai","ai","ai","ai","false","true","true","/artifacts/tp-rsp.jpg","/artifacts/tp-rsp.jpg","AI 生成示意"
"tp-kxs","晋王羲之《快雪时晴帖》","台北故宫博物院","C-仅AI图","flat","ai","ai","ai","ai","false","true","true","/artifacts/tp-kxs.jpg","/artifacts/tp-kxs.jpg","AI 生成示意"
