"id","name","museum","province","dynasty","category","cardKind","detailKind","evidenceGrade","cardPath","detailPath","authorityUrl","detailSourceUrl","sourceTitle","author","institution","license","licenseUrl","authorizationStatus","assetMatchStatus","verifiedAt","linkCheckedAt","cardPromptVersion","cardGeneratedAt","sourceNote","cardBytes","cardSha256","detailBytes","detailSha256"
"ah-yqz","北宋景德镇窑影青注子温碗","安徽博物院","安徽省","北宋","陶瓷","ai-legacy","ai-legacy","D-UNTRACED","/artifacts/ah-yqz.jpg","/artifacts/ah-yqz.jpg","","","","","","","","","","","","","","","45772","8cb1f7e9a8c84b41a5ad5c7a9f48719e646e458cca3330e17f7aae9d15b88247","45772","8cb1f7e9a8c84b41a5ad5c7a9f48719e646e458cca3330e17f7aae9d15b88247"
"ah-wgj","春秋吴王光鉴","安徽博物院","安徽省","春秋","青铜器","ai-legacy","ai-legacy","D-UNTRACED","/artifacts/ah-wgj.jpg","/artifacts/ah-wgj.jpg","","","","","","","","","","","","","","","76658","7bb49116228e09dfb92171ca54440a6da79061c95b369dd05c1c92dd20b07a5d","76658","7bb49116228e09dfb92171ca54440a6da79061c95b369dd05c1c92dd20b07a5d"
"ah-czd","战国铸客大鼎（楚大鼎）","安徽博物院","安徽省","战国","青铜器","ai-legacy","ai-legacy","D-UNTRACED","/artifacts/ah-czd.jpg","/artifacts/ah-czd.jpg","","","","","","","","","","","","","","","73239","4c074e5a535a508fdb3933535cf52c0d20f339ee860856f0be533e079f9c4129","73239","4c074e5a535a508fdb3933535cf52c0d20f339ee860856f0be533e079f9c4129"
"mo-klk","明克拉克瓷青花盘","澳门博物馆","澳门特别行政区","明","陶瓷","ai","ai","B-OBJECT-REF","/artifacts-v2/ai-pending-20260923/mo-klk.png","/artifacts-v2/ai-pending-20260923/mo-klk.png","https://www.macaumuseum.gov.mo/zh-hans/collections/84072","","","","","","","","","","","quarantined-six-2026-09-23","2026-09-23","官网检索指向MM5197，页面本次返回空内容；图像和授权尚未完成核读，继续待核。 当前AI示意图仅据馆方文字生成，具体造型与细节继续待真品影像核验。","2602357","01eb58e27be58645c9a23c6772de4adc485108b046bdb67041e1c79b8d9b8604","2602357","01eb58e27be58645c9a23c6772de4adc485108b046bdb67041e1c79b8d9b8604"
"mo-wxh","清外销通草水彩画","澳门博物馆","澳门特别行政区","清","书画","ai-legacy","ai-legacy","D-UNTRACED","/artifacts/mo-wxh.jpg","/artifacts/mo-wxh.jpg","","","","","","","","","","","","","","检索到的是广东馆藏通草画，不是澳门具体藏品，不能迁移此图；需明确澳门记录的登记号。","68617","217a50428ad8e01c91fdbb90eba9f2b2eab9637bf3ed79d176b91fb2da50b40c","68617","217a50428ad8e01c91fdbb90eba9f2b2eab9637bf3ed79d176b91fb2da50b40c"
"gg-pft","《平复帖》","故宫博物院","北京市","西晋","书画","ai","source","C-SOURCE-PENDING","/artifacts-v2/p1/gg-pft.png","/artifacts/gg-pft.jpg","","https://commons.wikimedia.org/wiki/File:%E9%99%86%E6%9C%BA%E8%8D%89%E9%9A%B6%E5%B9%B3%E5%A4%8D%E5%B8%96%E5%8D%B7.png","陆机草隶平复帖卷.png","陆机","故宫博物院","PD-Art","https://creativecommons.org/publicdomain/mark/1.0/","pending","pending","2026-09-15","2026-09-15","artifact-v2-p1-2026-08-24","2026-08-24/2026-08-25","已读取逐文件说明与许可证区域；本地缩图与原始文件尚缺完整绑定证据，授权继续待核。","1892891","0e52e33eb514adae3457ec544515f9de75209732539f628e3c98c2a8dab45c66","74980","540f6438d1234270251db485632f53babca6a72dde39bb664e5acc527cba8dbf"
"gg-qljs","《千里江山图》卷","故宫博物院","北京市","北宋","书画","ai","source","C-SOURCE-PENDING","/artifacts-v2/p1/gg-qljs.png","/artifacts/gg-qljs.jpg","","https://commons.wikimedia.org/wiki/File:%E7%8E%8B%E5%B8%8C%E5%AD%9F%E5%8D%83%E9%87%8C%E6%B1%9F%E5%B1%B1%E5%9B%BE%E5%8D%B7.png","王希孟千里江山图卷.png","王希孟","故宫博物院","PD-scan","https://creativecommons.org/publicdomain/mark/1.0/","pending","pending","2026-09-15","2026-09-15","artifact-v2-p1-2026-08-24","unknown","已知高清原件本次仍连接超时；按用户指示跳过。","2337413","ae63f6634ca3549a3c0f5866a88e1b97db6ce6f59169dd1cd491855b40e2fe33","6023","ffa4af8f0fc545266a7432f65cf59e8a760edc0832f4bb770d0c392a7c6c5801"
"gg-qmsh","《清明上河图》卷","故宫博物院","北京市","北宋","书画","source","source","C-SOURCE-PENDING","/artifact-sources/user-qingming/gg-qmsh-hongqiao-card.jpg","/artifact-sources/user-qingming/gg-qmsh-reading.jpg","","","用户提供的高清分段影像：第7—10段","张择端（作品作者；数字影像制作方待核）","","","","pending","pending","","","","","用户高清分段已接入为同源局部卡片和画心阅卷版；未提供来源页和许可，授权继续pending。","236179","c73cf96aa9955e619579fb785a6f18fbf60ef4aca793463731da76944ccbe4bb","3990673","52420153f1afc0c982a173354ed60cf56f8ca3685fe395956a349589e813b7c6"
"sb-bjl","伯矩鬲","首都博物馆","北京市","西周","青铜器","ai","ai","D-UNTRACED","/artifacts-v2/p1/sb-bjl.png","/artifacts-v2/p1/sb-bjl.png","","","","","","","","","","","","artifact-v2-p1-2026-08-24","2026-08-24/2026-08-25","","1978151","0b04e465fc5ff25500f12b80fb4b7eede18d502f02745d46035a9e5f9f7dd2f6","1978151","0b04e465fc5ff25500f12b80fb4b7eede18d502f02745d46035a9e5f9f7dd2f6"
"gg-jgb","成化款斗彩鸡缸杯","故宫博物院","北京市","明成化","陶瓷","ai","ai","B-OBJECT-REF","/artifacts-v2/ai-pending-20260923/gg-jgb.png","/artifacts-v2/ai-pending-20260923/gg-jgb.png","https://intl.dpm.org.cn/Ceramicsis/852.html","","","","","","","","","","","pending-five-2026-09-23","2026-09-23","Commons候选有CC BY-SA 4.0许可，但同类鸡缸杯不止一件，缺少器底款识或藏品编号等精确对应证据，不据器型或文件名认定为本条藏品。","1811576","9adefabf9e1f3e1552b431fe7399043828ae0384386407dd0180eb9acad310f9","1811576","9adefabf9e1f3e1552b431fe7399043828ae0384386407dd0180eb9acad310f9"
"gg-gzdc","各种釉彩大瓶","故宫博物院","北京市","清","陶瓷","ai","ai","D-UNTRACED","/artifacts-v2/p1/gg-gzdc.png","/artifacts-v2/p1/gg-gzdc.png","","","","","","","","","","","","artifact-v2-p1-2026-08-24","unknown","","2016114","ceb7d27ef26bc7b50f685ebd0aa2fe7fcf6f0f7c37e1d9156b493599aaf105d2","2016114","ceb7d27ef26bc7b50f685ebd0aa2fe7fcf6f0f7c37e1d9156b493599aaf105d2"
"gb-hsyl","红山文化C形玉龙","中国国家博物馆","北京市","新石器时代","玉器","ai-legacy","ai-legacy","D-UNTRACED","/artifacts/gb-hsyl.jpg","/artifacts/gb-hsyl.jpg","","","","","","","","","","","","","","","45527","4c90a46a33e0fe5eda55930c9ae1c6ef4d1b3b880146e8a8f04de41516884862","45527","4c90a46a33e0fe5eda55930c9ae1c6ef4d1b3b880146e8a8f04de41516884862"
"gb-hmwd","后母戊鼎","中国国家博物馆","北京市","商","青铜器","ai","source","C-SOURCE-PENDING","/artifacts-v2/p2-source/gb-hmwd.png","/artifacts/gb-hmwd.jpg","","https://commons.wikimedia.org/wiki/File:HouMuWuDingFullView.jpg","HouMuWuDingFullView.jpg","Mlogic","中国国家博物馆","CC BY-SA 3.0","https://creativecommons.org/licenses/by-sa/3.0/","pending","pending","2026-09-15","2026-09-15","artifact-v2-p2-source-2026-08-27","unknown","已读取逐文件说明与许可证区域；本地缩图与原始文件尚缺完整绑定证据，授权继续待核。","2367528","3c72328943602d376b10b8a0c561f1d33f5155baa5a016cd282001c6de6e6041","153803","7f94efd9197da68da234eb978f79a27d62f6d0aa0c88c3839090e878968936ea"
"gb-jgs","击鼓说唱俑","中国国家博物馆","北京市","东汉","陶俑","ai","source","C-SOURCE-PENDING","/artifacts-v2/p2-source/gb-jgs.png","/artifacts/gb-jgs.jpg","","https://commons.wikimedia.org/wiki/File:Ceramic_figure_of_a_story-teller.jpg","Ceramic figure of a story-teller.jpg","Shujianyang","中国国家博物馆","CC0 1.0","https://creativecommons.org/publicdomain/zero/1.0/","pending","pending","2026-09-15","2026-09-15","artifact-v2-p2-source-2026-08-27","unknown","已读取逐文件说明与许可证区域；本地缩图与原始文件尚缺完整绑定证据，授权继续待核。","2180091","b02e0d2c9e1df23c311193c73f50c2a778ca74dbfef66df3f5f69fadb8447e9e","89964","aea5d9d84b161d7b85dab8ff4dc34b05dc2cf670f0de81dcf91d2c1a9e6b0758"
"gg-jgyg","金瓯永固杯","故宫博物院","北京市","清","金银器","ai","ai","B-OBJECT-REF","/artifacts-v2/ai-pending-20260923/gg-jgyg.png","/artifacts-v2/ai-pending-20260923/gg-jgyg.png","https://digicol.dpm.org.cn/cultural/detail?id=d3c6021697c94071a79f405c9e79aa82&page=1&source=0","","","","","","","","","","","quarantined-six-2026-09-23","2026-09-23","北京故宫数字库已核对到故00011674；未取得开放许可，不能用台北故杂005490图片代替。 当前AI示意图仅据馆方文字生成，具体造型与细节继续待真品影像核验。","2616519","26e06e717e2c21f5a9c586e83c4120b879a8d412a1aa2beef1fb20ab3b38b626","2616519","26e06e717e2c21f5a9c586e83c4120b879a8d412a1aa2beef1fb20ab3b38b626"
"sb-jd","堇鼎","首都博物馆","北京市","西周","青铜器","ai","ai","D-UNTRACED","/artifacts-v2/p1/sb-jd.png","/artifacts-v2/p1/sb-jd.png","","","","","","","","","","","","artifact-v2-p1-2026-08-24","2026-08-24/2026-08-25","","1915594","6576b9593b20c3d9d65249141bed6da87f23bb5374ef7539245b0232e5802789","1915594","6576b9593b20c3d9d65249141bed6da87f23bb5374ef7539245b0232e5802789"
"gg-ryzl","汝窑淡天青釉弦纹三足樽式炉","故宫博物院","北京市","北宋","陶瓷","ai","ai","B-OBJECT-REF","/artifacts-v2/ai-pending-20260923/gg-ryzl.png","/artifacts-v2/ai-pending-20260923/gg-ryzl.png","https://ggzl.dpm.org.cn/pages/exhibit_works/details?id=9404","","","","故宫博物院","","","","","","","pending-five-2026-09-23","2026-09-23","故宫数字展品页确认藏品名、北宋汝窑、三足兽形足、七道弦纹与淡天青釉；该文字记录不授权页面影像。未找到明确可复用的精确匹配照片，AI示意保留，釉色和开片仍待原件影像核验。","1920722","4a5ae37198349e3459347c779192cbc04acb6ef1e9902a0a5cf43666f1784627","1920722","4a5ae37198349e3459347c779192cbc04acb6ef1e9902a0a5cf43666f1784627"
"gb-syz","四羊方尊","中国国家博物馆","北京市","商","青铜器","ai","source","C-SOURCE-PENDING","/artifacts-v2/p2-source/gb-syz.png","/artifacts/gb-syz.jpg","","https://commons.wikimedia.org/wiki/File:Square_zun_with_four_sheep_01.jpg","Square zun with four sheep 01.jpg","Smartneddy","中国国家博物馆","CC BY-SA 3.0","https://creativecommons.org/licenses/by-sa/3.0/","pending","pending","2026-09-15","2026-09-15","artifact-v2-p2-source-2026-08-27","2026-08-27","已读取逐文件说明与许可证区域；本地缩图与原始文件尚缺完整绑定证据，授权继续待核。","2245731","b9bf85f1ef664d12a15f7fb62f0f59fbe43b0bd5203529e51ece50fe1653c003","107602","244a3b01198de4ca251cd4d1e0732d9eab34c9c54601d1fca7577108910b0b24"
"gb-jlfw","孝端皇后九龙九凤冠","中国国家博物馆","北京市","明","金银器","ai","source","C-SOURCE-PENDING","/artifacts-v2/p2-source/gb-jlfw.png","/artifacts/gb-jlfw.jpg","","https://commons.wikimedia.org/wiki/File:%E5%AD%9D%E7%AB%AF%E6%98%BE%E7%9A%87%E5%90%8E%E4%B9%9D%E9%BE%99%E4%B9%9D%E5%87%A4%E5%86%A0.jpeg","孝端显皇后九龙九凤冠.jpeg","清原染子","中国国家博物馆","PD-self","https://commons.wikimedia.org/wiki/File:%E5%AD%9D%E7%AB%AF%E6%98%BE%E7%9A%87%E5%90%8E%E4%B9%9D%E9%BE%99%E4%B9%9D%E5%87%A4%E5%86%A0.jpeg#Licensing","pending","pending","2026-09-15","2026-09-15","artifact-v2-p2-source-2026-08-27","2026-08-27","已读取逐文件说明与许可证区域；本地缩图与原始文件尚缺完整绑定证据，授权继续待核。","1997804","1ee9c0a81d56f69ed15ecb7297ee1d7502a4c3af9347723ebf30875171fffa58","158229","35db0fa195dfd37b811c1cd59ee79dced595cee803d7d537716c3e0934cf926c"
"sb-qhbf","元青花凤首扁壶","首都博物馆","北京市","元","陶瓷","ai","source","C-SOURCE-PENDING","/artifacts-v2/p2-source/sb-qhbf.png","/artifacts/sb-qhbf.jpg","","https://commons.wikimedia.org/wiki/File:%E6%99%AF%E5%BE%B7%E9%95%87%E7%AA%91%E9%9D%92%E8%8A%B1%E5%87%A4%E9%A6%96%E6%89%81%E5%A3%B609124.jpg","景德镇窑青花凤首扁壶09124.jpg","Augusthaiho","","CC BY-SA 4.0","https://creativecommons.org/licenses/by-sa/4.0/","pending","pending","2026-09-15","2026-09-15","artifact-v2-p2-source-2026-08-27","2026-08-27","已读取逐文件说明与许可证区域；本地缩图与原始文件尚缺完整绑定证据，授权继续待核。","2076960","2e06a7b07f02e8b098e13b63fc81b86d1de1af22b61426861331079a71e4597f","93284","f474a1121a335308657f487a31f7644ccaf6855bd1f4b25977df449130e494a8"
"cq-wyq","东汉乌杨石阙","重庆中国三峡博物馆","重庆市","东汉","石刻","ai","source","C-SOURCE-PENDING","/artifacts-v2/p2-source/cq-wyq.png","/artifacts/cq-wyq.jpg","","","","","","","","pending","pending","","","artifact-v2-p2-source-2026-08-27","2026-08-27","已检索到分类页线索，逐文件说明页读取失败；不据文件名或分类页页脚填写作者与许可。","1973172","d4f2a1239977cc0f8e9805d52588d999949e346b7a97892983b708d5eaad16ba","102042","2972f50bc7e2864f8365291ed7db08ff7b87279827cd97fdb957420f9f9b909b"
"cq-hty","明唐寅临《韩熙载夜宴图》卷","重庆中国三峡博物馆","重庆市","明","书画","ai-legacy","ai-legacy","D-UNTRACED","/artifacts/cq-hty.jpg","/artifacts/cq-hty.jpg","https://www.3gmuseum.cn/web/article/1431993710239088640/web/content_1431993710239088640.html","","","","","","","","","","","","","馆藏或研究线索，不是当前 AI 图的来源或授权证明；尚未取得可绑定到当前文物的开放许可文件。","66783","2279bb79b0129a15f7deb0394133e89589e169ded6dd53e40c3397c7a43ecaaf","66783","2279bb79b0129a15f7deb0394133e89589e169ded6dd53e40c3397c7a43ecaaf"
"dz-mnt","南宋宝顶山牧牛图","大足石刻博物馆","重庆市","南宋","石刻","ai-legacy","ai-legacy","D-UNTRACED","/artifacts/dz-mnt.jpg","/artifacts/dz-mnt.jpg","","","","","","","","","","","","","","","96349","dfa75d4d7263b11414e98afa0b2252c45c0c6251bc402da4c3f7e03dbba5dea5","96349","dfa75d4d7263b11414e98afa0b2252c45c0c6251bc402da4c3f7e03dbba5dea5"
"dz-qsg","南宋宝顶山千手观音","大足石刻博物馆","重庆市","南宋","石刻","ai","source","C-SOURCE-PENDING","/artifacts-v2/p2-source/dz-qsg.png","/artifacts/dz-qsg.jpg","","https://commons.wikimedia.org/wiki/File:Avalokitesvara.jpg","Avalokitesvara.jpg","Calton（页面根据版权声明推定）","大足石刻","CC BY-SA 3.0","https://creativecommons.org/licenses/by-sa/3.0/","pending","pending","2026-09-15","2026-09-15","artifact-v2-p2-source-2026-08-27","2026-08-27","已读取逐文件说明与许可证区域；本地缩图与原始文件尚缺完整绑定证据，授权继续待核。","3059311","0e2b15917360e1ebd3f36015f74c51c2df52084d4d0c5e2d5aa09beb799fce48","160404","9f38a8aa2856fb93f5918da11a14e96bbb59953d79cf24fe118586c6536b6a01"
"dz-zlj","南宋北山转轮经藏窟造像","大足石刻博物馆","重庆市","南宋","石刻","ai-legacy","ai-legacy","D-UNTRACED","/artifacts/dz-zlj.jpg","/artifacts/dz-zlj.jpg","","","","","","","","","","","","","","","100455","7f336c55b68d1bb9ea942677b0dc5fc13abf6fec34caafd89e92f6504bb6723d","100455","7f336c55b68d1bb9ea942677b0dc5fc13abf6fec34caafd89e92f6504bb6723d"
"cq-nxz","战国青铜鸟形尊","重庆中国三峡博物馆","重庆市","战国","青铜器","ai-legacy","ai-legacy","D-UNTRACED","/artifacts/cq-nxz.jpg","/artifacts/cq-nxz.jpg","","","","","","","","","","","","","","","63909","bcd96387590dcfe8f902bb1dfe56ae19f71d258a892544cbf32cb4f18b17fd75","63909","bcd96387590dcfe8f902bb1dfe56ae19f71d258a892544cbf32cb4f18b17fd75"
"fj-dhgy","明德化窑何朝宗款白釉观音像","福建博物院","福建省","明","陶瓷","ai-legacy","ai-legacy","D-UNTRACED","/artifacts/fj-dhgy.jpg","/artifacts/fj-dhgy.jpg","","","","","","","","","","","","","","","65911","a1c21a0789ffb95adb376bdd01c11d2d0cc8430c14a3e8c70b51df0202a1dbbd","65911","a1c21a0789ffb95adb376bdd01c11d2d0cc8430c14a3e8c70b51df0202a1dbbd"
"fj-jyz","南宋建窑黑釉兔毫盏","福建博物院","福建省","南宋","陶瓷","ai-legacy","ai-legacy","D-UNTRACED","/artifacts/fj-jyz.jpg","/artifacts/fj-jyz.jpg","","","","","","","","","","","","","","","61740","dafcf4e66dac7106c30cc65de9b716dae323844e5d56658d236f0f5376473736","61740","dafcf4e66dac7106c30cc65de9b716dae323844e5d56658d236f0f5376473736"
"qz-hzc","南宋泉州湾后渚港沉船","泉州海外交通史博物馆","福建省","南宋","杂项","ai-legacy","ai-legacy","D-UNTRACED","/artifacts/qz-hzc.jpg","/artifacts/qz-hzc.jpg","","","","","","","","","","","","","","","75057","58a63dbbbe138d4744500cc27f94a2116d6d3c925d40f9fd6b0cb012bad83a07","75057","58a63dbbbe138d4744500cc27f94a2116d6d3c925d40f9fd6b0cb012bad83a07"
"qz-jc","宋磁灶窑绿釉军持","泉州海外交通史博物馆","福建省","宋","陶瓷","ai-legacy","ai-legacy","D-UNTRACED","/artifacts/qz-jc.jpg","/artifacts/qz-jc.jpg","","","","","","","","","","","","","","","49108","ebe80e599a6173d7b5fdc14192ad2844b8309dfbcaedb5094120f71a454e53a6","49108","ebe80e599a6173d7b5fdc14192ad2844b8309dfbcaedb5094120f71a454e53a6"
"fj-kql","五代孔雀蓝釉陶瓶","福建博物院","福建省","五代","陶瓷","ai-legacy","ai-legacy","D-UNTRACED","/artifacts/fj-kql.jpg","/artifacts/fj-kql.jpg","","","","","","","","","","","","","","","63684","2ed735895bf9439afefe89f1e59fc4f8ca25125de56b83ab1030d4dc3f2ebadd","63684","2ed735895bf9439afefe89f1e59fc4f8ca25125de56b83ab1030d4dc3f2ebadd"
"qz-mbs","元伊斯兰教阿拉伯文墓碑","泉州海外交通史博物馆","福建省","元","石刻","ai-legacy","ai-legacy","D-UNTRACED","/artifacts/qz-mbs.jpg","/artifacts/qz-mbs.jpg","","","","","","","","","","","","","","","95086","20638d793a95e81016516e0f1cb5cd1fd634cfdd92d1ed128412babd6fc3381c","95086","20638d793a95e81016516e0f1cb5cd1fd634cfdd92d1ed128412babd6fc3381c"
"dh-jsl","北魏第257窟《九色鹿本生》壁画","敦煌研究院（莫高窟）","甘肃省","北魏","书画","ai-legacy","ai-legacy","D-UNTRACED","/artifacts/dh-jsl.jpg","/artifacts/dh-jsl.jpg","https://www.e-dunhuang.com/cave/10.0001/0001.0001.0257","","","","","","","","","","","","","馆藏或研究线索，不是当前 AI 图的来源或授权证明；尚未取得可绑定到当前文物的开放许可文件。","100161","f257091d929fb0a7c8f12744e36043dfd1010cce369106673e44da76241d81af","100161","f257091d929fb0a7c8f12744e36043dfd1010cce369106673e44da76241d81af"
"gs-tbm","东汉铜奔马（马踏飞燕）","甘肃省博物馆","甘肃省","东汉","青铜器","ai-legacy","ai-legacy","D-UNTRACED","/artifacts/gs-tbm.jpg","/artifacts/gs-tbm.jpg","","","","","","","","","","","","","","","48129","c9369e0b58b3d95707895aa2bbdfefeb93dba79d0a04c71fa6fbb55deeef30dc","48129","c9369e0b58b3d95707895aa2bbdfefeb93dba79d0a04c71fa6fbb55deeef30dc"
"dh-swk","唐第45窟彩塑群像","敦煌研究院（莫高窟）","甘肃省","唐","石刻","ai-legacy","ai-legacy","D-UNTRACED","/artifacts/dh-swk.jpg","/artifacts/dh-swk.jpg","","","","","","","","","","","","","","","86696","e18f030c24f0d06fec743e3c8d513601f46136812120e1decd917ea8587cfc0d","86696","e18f030c24f0d06fec743e3c8d513601f46136812120e1decd917ea8587cfc0d"
"dh-ft","唐飞天壁画","敦煌研究院（莫高窟）","甘肃省","唐","书画","ai-legacy","ai-legacy","D-UNTRACED","/artifacts/dh-ft.jpg","/artifacts/dh-ft.jpg","","","","","","","","","","","","","","","70259","f729b918163c6ef506c771852aa2b2cab7094d7dbcd989f7b8f9d938ae1c1208","70259","f729b918163c6ef506c771852aa2b2cab7094d7dbcd989f7b8f9d938ae1c1208"
"gs-yxt","魏晋驿使图画像砖","甘肃省博物馆","甘肃省","魏晋","石刻","ai-legacy","ai-legacy","D-UNTRACED","/artifacts/gs-yxt.jpg","/artifacts/gs-yxt.jpg","","","","","","","","","","","","","","","88849","744c6ba7aa9e4916e584152190370066b1ac89cd67c3bfb6f845272b36c0be9e","88849","744c6ba7aa9e4916e584152190370066b1ac89cd67c3bfb6f845272b36c0be9e"
"gs-rts","仰韶人头形器口彩陶瓶","甘肃省博物馆","甘肃省","新石器时代","陶瓷","ai-legacy","ai-legacy","D-UNTRACED","/artifacts/gs-rts.jpg","/artifacts/gs-rts.jpg","","","","","","","","","","","","","","","69669","8f3f2581a85a31459d99e3725e9fe250b84c3e2ac3ff77349a33932bb1eb0693","69669","8f3f2581a85a31459d99e3725e9fe250b84c3e2ac3ff77349a33932bb1eb0693"
"gd-mlt","南宋陈容《墨龙图》轴","广东省博物馆","广东省","南宋","书画","ai-legacy","ai-legacy","D-UNTRACED","/artifacts/gd-mlt.jpg","/artifacts/gd-mlt.jpg","https://www.gdmuseum.org.cn/cn/col49/149836","","","","","","","","","","","","","馆藏或研究线索，不是当前 AI 图的来源或授权证明；尚未取得可绑定到当前文物的开放许可文件。","66076","c10cbf3a47e1f70b629a1c1b5ef818d2853498aa55b16b92fd077f38dd860b6b","66076","c10cbf3a47e1f70b629a1c1b5ef818d2853498aa55b16b92fd077f38dd860b6b"
"gd-qjy","清端石千金猴王砚","广东省博物馆","广东省","清","杂项","ai-legacy","ai-legacy","D-UNTRACED","/artifacts/gd-qjy.jpg","/artifacts/gd-qjy.jpg","","","","","","","","","","","","","","","69212","35acf5a848d8d710e287f224ed91ff534709e3cb8d5820a38b9f529fd33d64f8","69212","35acf5a848d8d710e287f224ed91ff534709e3cb8d5820a38b9f529fd33d64f8"
"gd-dsk","清金漆木雕大神龛","广东省博物馆","广东省","清","漆器","ai-legacy","ai-legacy","D-UNTRACED","/artifacts/gd-dsk.jpg","/artifacts/gd-dsk.jpg","","","","","","","","","","","","","","","132663","a68793a9d0c48aea2d75ec8e4ee11c8d3b3bf81323fcec4d9228889f1a4f75ee","132663","a68793a9d0c48aea2d75ec8e4ee11c8d3b3bf81323fcec4d9228889f1a4f75ee"
"ny-wdx","西汉“文帝行玺”金印","南越王博物院","广东省","西汉","金银器","ai-legacy","ai-legacy","D-UNTRACED","/artifacts/ny-wdx.jpg","/artifacts/ny-wdx.jpg","","","","","","","","","","","","","","","67928","a11dd7ec72f0af4b48df60f48414c7b6df6eee7e80d4aa1c55bdb500046f2f50","67928","a11dd7ec72f0af4b48df60f48414c7b6df6eee7e80d4aa1c55bdb500046f2f50"
"ny-jyb","西汉角形玉杯","南越王博物院","广东省","西汉","玉器","ai-legacy","ai-legacy","D-UNTRACED","/artifacts/ny-jyb.jpg","/artifacts/ny-jyb.jpg","","","","","","","","","","","","","","","54416","66fac003eb6be8d4337f1da90c48a37b30d0537cdf712f610128e1a60de6ab8f","54416","66fac003eb6be8d4337f1da90c48a37b30d0537cdf712f610128e1a60de6ab8f"
"ny-sly","西汉丝缕玉衣","南越王博物院","广东省","西汉","玉器","ai-legacy","ai-legacy","D-UNTRACED","/artifacts/ny-sly.jpg","/artifacts/ny-sly.jpg","","","","","","","","","","","","","","","61643","6be6dac3221ce8fe59ee761fc0712a82080493b8924006409748ad0f0f148faf","61643","6be6dac3221ce8fe59ee761fc0712a82080493b8924006409748ad0f0f148faf"
"gx-qht","西汉漆绘提梁铜筒","广西壮族自治区博物馆","广西壮族自治区","西汉","漆器","ai-legacy","ai-legacy","D-UNTRACED","/artifacts/gx-qht.jpg","/artifacts/gx-qht.jpg","","","","","","","","","","","","","","","76052","ffe115fa0e6c38611c34f4544c0d79d0f31bc803732977d99bd58c41d09d94ed","76052","ffe115fa0e6c38611c34f4544c0d79d0f31bc803732977d99bd58c41d09d94ed"
"gx-xlt","西汉翔鹭纹铜鼓","广西壮族自治区博物馆","广西壮族自治区","西汉","青铜器","ai-legacy","ai-legacy","D-UNTRACED","/artifacts/gx-xlt.jpg","/artifacts/gx-xlt.jpg","","","","","","","","","","","","","","","75464","ecc2a1ec17ab893e52ecf21c56980de1d671d2577219c7cc3afa2754f6930337","75464","ecc2a1ec17ab893e52ecf21c56980de1d671d2577219c7cc3afa2754f6930337"
"gx-yfd","西汉羽纹铜凤灯","广西壮族自治区博物馆","广西壮族自治区","西汉","青铜器","ai-legacy","ai-legacy","D-UNTRACED","/artifacts/gx-yfd.jpg","/artifacts/gx-yfd.jpg","","","","","","","","","","","","","","","60932","253a7ee40c08dbf955b8950b4a04bbbd6a586c6821115668ca7a6b4df42baed3","60932","253a7ee40c08dbf955b8950b4a04bbbd6a586c6821115668ca7a6b4df42baed3"
"gz-tcm","东汉铜车马","贵州省博物馆","贵州省","东汉","青铜器","ai-legacy","ai-legacy","D-UNTRACED","/artifacts/gz-tcm.jpg","/artifacts/gz-tcm.jpg","","","","","","","","","","","","","","","75862","441ee7cc1b182e0f9096d5f7dad5386909c0e3815349683f6a9edb328e41c573","75862","441ee7cc1b182e0f9096d5f7dad5386909c0e3815349683f6a9edb328e41c573"
"gz-yjg","明播州杨氏土司金凤冠","贵州省博物馆","贵州省","明","金银器","ai-legacy","ai-legacy","D-UNTRACED","/artifacts/gz-yjg.jpg","/artifacts/gz-yjg.jpg","","","","","","","","","","","","","","","111711","a02f38083edc84d74d722923d85256e39ead88eb90a719b8d9539673f0d2a13f","111711","a02f38083edc84d74d722923d85256e39ead88eb90a719b8d9539673f0d2a13f"
"gz-myg","清苗族银冠","贵州省博物馆","贵州省","清","金银器","ai-legacy","ai-legacy","D-UNTRACED","/artifacts/gz-myg.jpg","/artifacts/gz-myg.jpg","","","","","","","","","","","","","","","110596","874ae217193bc68e18f37c3d7d4625ae29f13ff58207a60331801a153f698281","110596","874ae217193bc68e18f37c3d7d4625ae29f13ff58207a60331801a153f698281"
"hain-hhl","明黄花梨圈椅","海南省博物馆","海南省","明","杂项","ai-legacy","ai-legacy","D-UNTRACED","/artifacts/hain-hhl.jpg","/artifacts/hain-hhl.jpg","","","","","","","","","","","","","","","67946","bdfcacf20dbf5bb87cae0dc460c8b676c3c08f88759b369ff83ad5d4517544b7","67946","bdfcacf20dbf5bb87cae0dc460c8b676c3c08f88759b369ff83ad5d4517544b7"
"hain-hgj","南宋华光礁I号沉船出水青白瓷","海南省博物馆","海南省","南宋","陶瓷","ai-legacy","ai-legacy","D-UNTRACED","/artifacts/hain-hgj.jpg","/artifacts/hain-hgj.jpg","","","","","","","","","","","","","","","37468","cb9f02b8b00425529603b2bbfc503501246a486713937dcce15e4abf3c52d4c9","37468","cb9f02b8b00425529603b2bbfc503501246a486713937dcce15e4abf3c52d4c9"
"hain-lj","清黎族龙被（织锦）","海南省博物馆","海南省","清","织绣","ai-legacy","ai-legacy","D-UNTRACED","/artifacts/hain-lj.jpg","/artifacts/hain-lj.jpg","","","","","","","","","","","","","","","121095","2b3aa901a69d4faf7e588f11f637812f1a58a7eea492449196039359529f8b1c","121095","2b3aa901a69d4faf7e588f11f637812f1a58a7eea492449196039359529f8b1c"
"dz-jp","北宋定窑白釉刻花龙首净瓶","定州博物馆","河北省","北宋","陶瓷","ai-legacy","ai-legacy","D-UNTRACED","/artifacts/dz-jp.jpg","/artifacts/dz-jp.jpg","","","","","","","","","","","","","","","48748","23986f1a202705cd6f192c057c57d6e4d1eb22e511f15fe7e6cbad77bd319476","48748","23986f1a202705cd6f192c057c57d6e4d1eb22e511f15fe7e6cbad77bd319476"
"hb-sjfa","错金银四龙四凤铜方案座","河北博物院","河北省","战国","青铜器","ai","ai","D-UNTRACED","/artifacts-v2/p1/hb-sjfa.png","/artifacts-v2/p1/hb-sjfa.png","","","","","","","","","","","","artifact-v2-p1-2026-08-24","2026-08-24/2026-08-25","","1812329","0ef9abbd089597d13aaf9bd0f1b6b9443325ca85f2d14c14829dde121d1c1cf3","1812329","0ef9abbd089597d13aaf9bd0f1b6b9443325ca85f2d14c14829dde121d1c1cf3"
"dz-lgd","东汉龙螭衔环谷纹青玉璧","定州博物馆","河北省","东汉","玉器","ai-legacy","ai-legacy","D-UNTRACED","/artifacts/dz-lgd.jpg","/artifacts/dz-lgd.jpg","","","","","","","","","","","","","","","75662","eb323d2eb27203f3625c79caca1ce7c9ceee8d3c387870d5d23af3765aa10643","75662","eb323d2eb27203f3625c79caca1ce7c9ceee8d3c387870d5d23af3765aa10643"
"dz-yzp","东汉透雕神仙故事玉座屏","定州博物馆","河北省","东汉","玉器","ai-legacy","ai-legacy","D-UNTRACED","/artifacts/dz-yzp.jpg","/artifacts/dz-yzp.jpg","","","","","","","","","","","","","","","84893","4e2eb2b345a834c301b8c5760022391d7a7e5687c5fdebe42aaefa7e5e241fff","84893","4e2eb2b345a834c301b8c5760022391d7a7e5687c5fdebe42aaefa7e5e241fff"
"hb-jly","刘胜金缕玉衣","河北博物院","河北省","西汉","玉器","ai","source","C-SOURCE-PENDING","/artifacts-v2/p2-source/hb-jly.png","/artifacts/hb-jly.jpg","","https://commons.wikimedia.org/wiki/File:Jin_Lv_Yu_Yi_of_Liusheng%2C_Han_Dynasty%2CChina_(Hebei_Museum).jpg","Jin Lv Yu Yi of Liusheng, Han Dynasty,China (Hebei Museum).jpg","XRAY96","河北博物院","PD-self","https://commons.wikimedia.org/wiki/File:Jin_Lv_Yu_Yi_of_Liusheng%2C_Han_Dynasty%2CChina_(Hebei_Museum).jpg#Licensing","pending","pending","2026-09-15","2026-09-15","artifact-v2-p2-source-2026-08-27","unknown","已读取逐文件说明与许可证区域；本地缩图与原始文件尚缺完整绑定证据，授权继续待核。","2537948","144d7c04a1624bd68e14537dda462ef2cf4d8454238a3098089d88a5e3331575","119665","cab1b60deb2ccc9eebe3e3ac0bceff8fa42089354fab209f41dec1ed0fd8e212"
"hb-cxd","长信宫灯","河北博物院","河北省","西汉","青铜器","ai","source","E-RESTRICTED","/artifacts-v2/p2-source/hb-cxd.png","/artifact-sources/official/hb-cxd.png","","https://lthb.hebeimedia.cn/c/2022-07-20/563282.html","","","河北博物院 / 河北新闻网旅图河北","","","restricted","pending","2026-09-15","2026-09-15","artifact-v2-p2-source-2026-08-27","2026-08-27","页面明确未经允许不得复制或镜像；未取得额外授权，停止展示此来源图，详情仅保留标识清楚的 AI 示意。AI 参考图权利仍待核。","2006140","c28b785f12947f18b1cad96629e661c62edf89f7e54764c74d02c8a4ae7553f7","307115","b4b520b345177bb8c8d9ea6a46296a61ff9ab03f757a8529ac0e634b8ef7eaba"
"kf-tmj","北宋《开封府题名记》碑","开封市博物馆","河南省","北宋","石刻","ai-legacy","ai-legacy","D-UNTRACED","/artifacts/kf-tmj.jpg","/artifacts/kf-tmj.jpg","","","","","","","","","","","","","","","92419","07c62ba0e0a7f2d9ee9c708645ea696c510779a2efedc06d8a7296d9945c4248","92419","07c62ba0e0a7f2d9ee9c708645ea696c510779a2efedc06d8a7296d9945c4248"
"kf-dsb","北宋大晟编钟","开封市博物馆","河南省","北宋","青铜器","ai-legacy","ai-legacy","D-UNTRACED","/artifacts/kf-dsb.jpg","/artifacts/kf-dsb.jpg","","","","","","","","","","","","","","","69553","24417de50ea342faf67de378739caa102f257c6dde219d07463df20dc43818f5","69553","24417de50ea342faf67de378739caa102f257c6dde219d07463df20dc43818f5"
"kf-khc","北魏孔惠超石造像","开封市博物馆","河南省","北魏","石刻","ai","source","C-SOURCE-PENDING","/artifacts-v2/p2-source/kf-khc.png","/artifacts/kf-khc.jpg","","","","","","","","pending","pending","","","artifact-v2-p2-source-2026-08-27","2026-08-27","已检索到分类页线索，逐文件说明页读取失败；不据文件名或分类页页脚填写作者与许可。","2318623","e07b33184ecbc4a2fd4c9bf4626f642b94c548ba073e91d1f879a62f25c15c24","138038","1549903999b60dec4a87c97176b3f55324d7724d0b5cc76c5e4bfa87baff4e09"
"ly-byb","曹魏白玉杯","洛阳博物馆","河南省","曹魏","玉器","ai-legacy","ai-legacy","D-UNTRACED","/artifacts/ly-byb.jpg","/artifacts/ly-byb.jpg","","","","","","","","","","","","","","","43083","9082377bc76e69243496c071733e3dee4a810adedf364b31f65adcec9bf74927","43083","9082377bc76e69243496c071733e3dee4a810adedf364b31f65adcec9bf74927"
"hn-lhfh","春秋莲鹤方壶","河南博物院","河南省","春秋","青铜器","ai","source","C-SOURCE-PENDING","/artifacts-v2/p2-source/hn-lhfh.png","/artifacts/hn-lhfh.jpg","","https://commons.wikimedia.org/wiki/File:20260408_Rectangular_Pot_with_Lotus_Petal_Cover_and_Crane_Decoration_01.jpg","20260408 Rectangular Pot with Lotus Petal Cover and Crane Decoration 01.jpg","Windmemories","河南博物院","CC BY-SA 4.0","https://creativecommons.org/licenses/by-sa/4.0/","pending","pending","2026-09-15","2026-09-15","artifact-v2-p2-source-2026-08-27","2026-08-27","已读取逐文件说明与许可证区域；本地缩图与原始文件尚缺完整绑定证据，授权继续待核。","2510089","8d42601865bdbf07a6a6bca1ecceb7769a6255088fc3ec058b385d917dd43daa","136434","c5619ad31955241e167d55ed63191688d793d0406c8b1fffcdc661dec0b8ea84"
"ly-sbx","东汉石辟邪","洛阳博物馆","河南省","东汉","石刻","ai-legacy","ai-legacy","D-UNTRACED","/artifacts/ly-sbx.jpg","/artifacts/ly-sbx.jpg","","","","","","","","","","","","","","","73183","521160f071cac2e667d862a9eeaea29e22b064775b14bf89f24623ef3d9360bf","73183","521160f071cac2e667d862a9eeaea29e22b064775b14bf89f24623ef3d9360bf"
"hn-jhg","贾湖骨笛","河南博物院","河南省","新石器时代","杂项","ai","source","C-SOURCE-PENDING","/artifacts-v2/p2-source/hn-jhg.png","/artifacts/hn-jhg.jpg","","https://commons.wikimedia.org/wiki/File:%E8%B4%BE%E6%B9%96%E9%AA%A8%E7%AC%9B_%E7%AB%96.jpg","贾湖骨笛 竖.jpg","Cangminzho","河南博物院","CC BY-SA 4.0","https://creativecommons.org/licenses/by-sa/4.0/","pending","pending","2026-09-15","2026-09-15","artifact-v2-p2-source-2026-08-27","2026-08-27","已读取逐文件说明与许可证区域；本地缩图与原始文件尚缺完整绑定证据，授权继续待核。","1755954","240a2a1b2ef2cff531fcde3d303362d1707576ced8f60a7700fa6f09b2746e94","37838","703eebceddac5fc8330a62b8c0c3c106d26b82d8863a3358466e8c18496c6e1f"
"yx-jg","刻辞卜骨（甲骨）","殷墟博物馆","河南省","商","简牍","ai","ai","D-UNTRACED","/artifacts-v2/p1/yx-jg.png","/artifacts-v2/p1/yx-jg.png","","","","","","","","","","","","artifact-v2-p1-2026-08-24","2026-08-24/2026-08-25","","1613452","706d51f2973313b904ba8a4ff8ae3a19d5a9348f064d85b4492a8e1e43b6c48d","1613452","706d51f2973313b904ba8a4ff8ae3a19d5a9348f064d85b4492a8e1e43b6c48d"
"hn-fhxz","商代妇好鸮尊","河南博物院","河南省","商","青铜器","ai","source","C-SOURCE-PENDING","/artifacts-v2/p2-source/hn-fhxz.png","/artifacts/hn-fhxz.jpg","","https://commons.wikimedia.org/wiki/File:20260408_Bronze_Owl-Shaped_Zun_with_Inscriptions_of_Fu_Hao.jpg","20260408 Bronze Owl-Shaped Zun with Inscriptions of Fu Hao.jpg","Windmemories","河南博物院 / 中国国家博物馆","CC BY-SA 4.0","https://creativecommons.org/licenses/by-sa/4.0/","pending","pending","2026-09-15","2026-09-15","artifact-v2-p2-source-2026-08-27","2026-08-27","来源页照片含两件鸮尊，前方为河南博物院、后方为中国国家博物馆；不能把整张照片都称为河南单件馆藏。当前文件绑定仍待核。","2254694","7a20658c60c9ccad7624109a5757b486a4f0d85717d08a6a27c4564c007e04cb","98210","886df4fd7158ca6d8a38d41a3ea79dc9db09630b9cce6ea274babdbb0f10cea7"
"yx-sxd","商代司母辛鼎","殷墟博物馆","河南省","商","青铜器","ai-legacy","ai-legacy","D-UNTRACED","/artifacts/yx-sxd.jpg","/artifacts/yx-sxd.jpg","","","","","","","","","","","","","","","76557","94e672c3e664a933f119fdec1818a5783f25532fee344334fb8c068e037b86b7","76557","94e672c3e664a933f119fdec1818a5783f25532fee344334fb8c068e037b86b7"
"yx-yz","商代亚长牛尊","殷墟博物馆","河南省","商","青铜器","ai-legacy","ai-legacy","D-UNTRACED","/artifacts/yx-yz.jpg","/artifacts/yx-yz.jpg","","","","","","","","","","","","","","","82285","73e6e01560c4f8c72b1a0c647d7a177fea105c75fbd803208584313f6c32740e","82285","73e6e01560c4f8c72b1a0c647d7a177fea105c75fbd803208584313f6c32740e"
"ly-hym","唐三彩黑釉马","洛阳博物馆","河南省","唐","陶瓷","ai-legacy","ai-legacy","D-UNTRACED","/artifacts/ly-hym.jpg","/artifacts/ly-hym.jpg","","","","","","","","","","","","","","","68191","11e085b8566fca835f68ae4dbd96baf3a756f39f4e99bf87049555acc94b5711","68191","11e085b8566fca835f68ae4dbd96baf3a756f39f4e99bf87049555acc94b5711"
"hn-wzt","唐武则天金简","河南博物院","河南省","唐","金银器","ai","ai","D-UNTRACED","/artifacts-v2/p1/hn-wzt.png","/artifacts-v2/p1/hn-wzt.png","","","","","","","","","","","","artifact-v2-p1-2026-08-24","2026-08-24/2026-08-25","","1892762","4bf1e3e30365c8da5922af70ac2a7203598ffcd591d611cab0c85d46ff61ada0","1892762","4bf1e3e30365c8da5922af70ac2a7203598ffcd591d611cab0c85d46ff61ada0"
"hlj-syj","金代双鱼纹铜镜","黑龙江省博物馆","黑龙江省","金","青铜器","ai","ai","B-OBJECT-REF","/artifacts-v2/ai-pending-20260923/hlj-syj.png","/artifacts-v2/ai-pending-20260923/hlj-syj.png","https://wlt.hlj.gov.cn/wlt/c114162/202508/c00_31863487.shtml","","","","","","","","","","","quarantined-six-2026-09-23","2026-09-23","找到两馆展览中的黑龙江双鱼纹大铜镜线索，页面超时；不能据同名把不同尺寸、出土地的双鱼镜代入。 当前AI示意图仅据馆方文字生成，具体造型与细节继续待真品影像核验。","2816707","7856595d79a8cb76d8dc0ba51db5af6478b283412580a00d93c004a1a1d46284","2816707","7856595d79a8cb76d8dc0ba51db5af6478b283412580a00d93c004a1a1d46284"
"hlj-tzl","金代铜坐龙","黑龙江省博物馆","黑龙江省","金","青铜器","ai","source","C-SOURCE-PENDING","/artifacts-v2/p2-source/hlj-tzl.png","/artifacts/hlj-tzl.jpg","","https://commons.wikimedia.org/wiki/File:%E9%93%9C%E5%9D%90%E9%BE%99-4.jpg","铜坐龙-4.jpg","Huanokinhejo","黑龙江省博物馆","CC BY-SA 4.0","https://creativecommons.org/licenses/by-sa/4.0/","pending","pending","2026-09-15","2026-09-15","artifact-v2-p2-source-2026-08-27","2026-08-27","已读取逐文件说明与许可证区域；本地缩图与原始文件尚缺完整绑定证据，授权继续待核。","1547704","3c8296fe03a8c0cae5097b69520149e954d156d50db4742624e9ff8f970cd2f5","75081","60d97e5e0fc42bd0a08c984aef36b09eaa2bf39816f3e6d6156ae81df937fc52"
"hlj-gys","新石器时代桂叶形石矛","黑龙江省博物馆","黑龙江省","新石器时代","杂项","ai","ai","D-UNTRACED","/artifacts-v2/p1/hlj-gys.png","/artifacts-v2/p1/hlj-gys.png","","","","","","","","","","","","artifact-v2-p1-2026-08-24","2026-08-24/2026-08-25","","1586669","7786922b643b8492316a4b092e0e6543406ab25f5d356ce8006e1651dff15c84","1586669","7786922b643b8492316a4b092e0e6543406ab25f5d356ce8006e1651dff15c84"
"hub-ywj","春秋越王勾践剑","湖北省博物馆","湖北省","春秋","青铜器","ai","ai","D-UNTRACED","/artifacts-v2/p1/hub-ywj.png","/artifacts-v2/p1/hub-ywj.png","","","","","","","","","","","","artifact-v2-p1-2026-08-24","2026-08-24/2026-08-25","","1662779","accb01547c22de0d309b4e61d7163a4b9efbbde83564e261cb13f90ea9cd17f4","1662779","accb01547c22de0d309b4e61d7163a4b9efbbde83564e261cb13f90ea9cd17f4"
"hub-sat","元青花四爱图梅瓶","湖北省博物馆","湖北省","元","陶瓷","ai-legacy","ai-legacy","D-UNTRACED","/artifacts/hub-sat.jpg","/artifacts/hub-sat.jpg","","","","","","","","","","","","","","","78881","29af14d88479832547c6ec638fdc20232040891b5b817efb44ac9746059a302c","78881","29af14d88479832547c6ec638fdc20232040891b5b817efb44ac9746059a302c"
"hub-qj","云梦睡虎地秦简","湖北省博物馆","湖北省","秦","简牍","ai-legacy","ai-legacy","D-UNTRACED","/artifacts/hub-qj.jpg","/artifacts/hub-qj.jpg","","","","","","","","","","","","","","","88976","c848840a0f371247466cf7226149ea80d95962eb8073ec0c243066d44507c422","88976","c848840a0f371247466cf7226149ea80d95962eb8073ec0c243066d44507c422"
"hub-zhy","战国曾侯乙编钟","湖北省博物馆","湖北省","战国","青铜器","ai","ai","D-UNTRACED","/artifacts-v2/p1/hub-zhy.png","/artifacts-v2/p1/hub-zhy.png","","","","","","","","","","","","artifact-v2-p1-2026-08-24","2026-08-24/2026-08-25","","2322530","f55af4e78a03852b704e1e8678d7c664b5a6f5d0d94eae0d2426363a47e12225","2322530","f55af4e78a03852b704e1e8678d7c664b5a6f5d0d94eae0d2426363a47e12225"
"hub-zp","战国曾侯乙尊盘","湖北省博物馆","湖北省","战国","青铜器","ai-legacy","ai-legacy","D-UNTRACED","/artifacts/hub-zp.jpg","/artifacts/hub-zp.jpg","","","","","","","","","","","","","","","80581","922aadeb6c973a8baff21a2ab5c5b660cbbf457bcafc6ec3fc4d339ccbe0dcd7","80581","922aadeb6c973a8baff21a2ab5c5b660cbbf457bcafc6ec3fc4d339ccbe0dcd7"
"jz-lfh","战国龙凤虎纹绣罗","荆州博物馆","湖北省","战国","织绣","ai-legacy","ai-legacy","D-UNTRACED","/artifacts/jz-lfh.jpg","/artifacts/jz-lfh.jpg","","","","","","","","","","","","","","","108567","0a648131e019797cb62861a1dbb2e5f2f15a37587a931c32baa506dae0b7a983","108567","0a648131e019797cb62861a1dbb2e5f2f15a37587a931c32baa506dae0b7a983"
"jz-hnjg","战国漆木虎座鸟架鼓","荆州博物馆","湖北省","战国","漆器","ai-legacy","ai-legacy","D-UNTRACED","/artifacts/jz-hnjg.jpg","/artifacts/jz-hnjg.jpg","","","","","","","","","","","","","","","65741","af0f9ce72028d781fa8b302b7e0dbe6ab89a467424b4e0c5df0f6e70f6f746d1","65741","af0f9ce72028d781fa8b302b7e0dbe6ab89a467424b4e0c5df0f6e70f6f746d1"
"jz-yzj","战国越王州句剑","荆州博物馆","湖北省","战国","青铜器","ai","source","C-SOURCE-PENDING","/artifacts-v2/p2-source/jz-yzj.png","/artifacts/jz-yzj.jpg","","https://commons.wikimedia.org/wiki/File:%E8%B6%8A%E7%8E%8B%E5%B7%9E%E5%8F%A5%E5%89%91_03.jpg","越王州句剑 03.jpg","AriaKoi","荆州博物馆","CC BY 4.0","https://creativecommons.org/licenses/by/4.0/","pending","pending","2026-09-15","2026-09-15","artifact-v2-p2-source-2026-08-27","2026-08-27","已读取逐文件说明与许可证区域；本地缩图与原始文件尚缺完整绑定证据，授权继续待核。","1444263","7b1403084e5f07f72d540afe4254e5d3a123219f7fd2646c2c8c10b1743bfe43","75104","87ee793e569dc8e608da92354b052e7ec49ae8d13685655d5586eb2b03535f98"
"cs-dhj","东汉五一广场简牍","长沙简牍博物馆","湖南省","东汉","简牍","ai-legacy","ai-legacy","D-UNTRACED","/artifacts/cs-dhj.jpg","/artifacts/cs-dhj.jpg","","","","","","","","","","","","","","","81222","e351839b43bd2ba819cc3002bf325070ce1a3fae394d9458c78288f70e2923f2","81222","e351839b43bd2ba819cc3002bf325070ce1a3fae394d9458c78288f70e2923f2"
"cs-zml","三国长沙走马楼吴简","长沙简牍博物馆","湖南省","三国","简牍","ai-legacy","ai-legacy","D-UNTRACED","/artifacts/cs-zml.jpg","/artifacts/cs-zml.jpg","","","","","","","","","","","","","","","100912","4c689150307600625c4e5797ab65d36ffc0646caa6a4381e9c6c34a227b90a41","100912","4c689150307600625c4e5797ab65d36ffc0646caa6a4381e9c6c34a227b90a41"
"hun-dhd","商代大禾人面纹方鼎","湖南博物院","湖南省","商","青铜器","ai-legacy","ai-legacy","D-UNTRACED","/artifacts/hun-dhd.jpg","/artifacts/hun-dhd.jpg","","","","","","","","","","","","","","","73528","fa6bbc72b9c53799e9b3d2b7c9789359f3245213b44229bf12a4c2d1be3cdfad","73528","fa6bbc72b9c53799e9b3d2b7c9789359f3245213b44229bf12a4c2d1be3cdfad"
"hun-mfl","商代皿方罍","湖南博物院","湖南省","商","青铜器","ai-legacy","ai-legacy","D-UNTRACED","/artifacts/hun-mfl.jpg","/artifacts/hun-mfl.jpg","","","","","","","","","","","","","","","81733","447434b69429acb36f634b3ab3ff9cbcbbd5889072ab3e8196bb7832a427eb48","81733","447434b69429acb36f634b3ab3ff9cbcbbd5889072ab3e8196bb7832a427eb48"
"hun-tbh","西汉马王堆T形帛画","湖南博物院","湖南省","西汉","织绣","ai","source","C-SOURCE-PENDING","/artifacts-v2/p1/hun-tbh.png","/artifacts/hun-tbh.jpg","","https://commons.wikimedia.org/wiki/File:Bani%C3%A8re_fun%C3%A9raire%2C_peinture_sur_soie%2C_Chine.jpg","Banière funéraire, peinture sur soie, Chine.jpg","佚名（古画）；Yann Forget（扫描上传）","湖南博物院","PD-Art","https://creativecommons.org/publicdomain/mark/1.0/","pending","pending","2026-09-15","2026-09-15","artifact-v2-p1-2026-08-24","2026-08-24/2026-08-25","已读取逐文件说明与许可证区域；本地缩图与原始文件尚缺完整绑定证据，授权继续待核。","2073928","c4e1ac3f41baa9b679d870b97f4db0ace0f7cb89f717c53eb25d750a70e3d9b7","64539","3c5c3613eba8479354f45ed6edeff946a52f96777d9a8feb696c814de2e88454"
"hun-ssd","西汉素纱襌衣","湖南博物院","湖南省","西汉","织绣","ai","source","C-SOURCE-PENDING","/artifacts-v2/p2-source/hun-ssd.png","/artifacts/hun-ssd.jpg","","https://commons.wikimedia.org/wiki/File:Plain_Unlined_Silk_Gauze_Gown%2C_Hunan_Museum%2C_picture2.jpg","Plain Unlined Silk Gauze Gown, Hunan Museum, picture2.jpg","Huangdan2060","湖南博物院","CC0 1.0","https://creativecommons.org/publicdomain/zero/1.0/","pending","pending","2026-09-15","2026-09-15","artifact-v2-p2-source-2026-08-27","unknown","已读取逐文件说明与许可证区域；本地缩图与原始文件尚缺完整绑定证据，授权继续待核。","2095784","7a8a85a9d1b519b7e79cf1fb11c546e80b496a16a9138762cc9054b4ba9ac130","56151","47c7ca323c74e6dc3780aafccceaa237e9033b8b70d8d122c218aeb78fe9a889"
"jl-ljm","夫余鎏金铜面具","吉林省博物院","吉林省","汉","金银器","ai-legacy","ai-legacy","D-UNTRACED","/artifacts/jl-ljm.jpg","/artifacts/jl-ljm.jpg","","","","","","","","","","","","","","","69236","37fda895a9d3aa5e2266c9865f61291ae1834715761835d737efd23db68e3226","69236","37fda895a9d3aa5e2266c9865f61291ae1834715761835d737efd23db68e3226"
"jl-efj","苏轼《洞庭春色赋·中山松醪赋》卷","吉林省博物院","吉林省","北宋","书画","ai-legacy","ai-legacy","D-UNTRACED","/artifacts/jl-efj.jpg","/artifacts/jl-efj.jpg","https://whhlyt.jl.gov.cn/ggfw/hdyg/201908/t20190814_6031978.html","","","","","","","","","","","","","馆藏或研究线索，不是当前 AI 图的来源或授权证明；尚未取得可绑定到当前文物的开放许可文件。","70887","bfb444c0b52fa419fb0b289a7e15549d84a5fd01207aa51056b7d85680a0c22e","70887","bfb444c0b52fa419fb0b289a7e15549d84a5fd01207aa51056b7d85680a0c22e"
"jl-wjg","张瑀《文姬归汉图》卷","吉林省博物院","吉林省","金","书画","ai-legacy","ai-legacy","D-UNTRACED","/artifacts/jl-wjg.jpg","/artifacts/jl-wjg.jpg","https://whhlyt.jl.gov.cn/ggfw/hdyg/201908/t20190814_6031978.html","","","","","","","","","","","","","馆藏或研究线索，不是当前 AI 图的来源或授权证明；尚未取得可绑定到当前文物的开放许可文件。","47641","db2d630276a95a5dd569986ba374f4e2a0caf9065b885c6812a9978267470947","47641","db2d630276a95a5dd569986ba374f4e2a0caf9065b885c6812a9978267470947"
"sz-jx","北宋嵌螺钿人物花鸟纹经箱","苏州博物馆","江苏省","北宋","漆器","ai-legacy","ai-legacy","D-UNTRACED","/artifacts/sz-jx.jpg","/artifacts/sz-jx.jpg","","","","","","","","","","","","","","","100253","b0299614f8b55349bf6a405579be7e7b3a3246977b893b2b173630ca07171973","100253","b0299614f8b55349bf6a405579be7e7b3a3246977b893b2b173630ca07171973"
"sz-bz","北宋真珠舍利宝幢","苏州博物馆","江苏省","北宋","杂项","ai","source","C-SOURCE-PENDING","/artifacts-v2/p2-source/sz-bz.png","/artifacts/sz-bz.jpg","","","","","","","","pending","pending","","","artifact-v2-p2-source-2026-08-27","2026-08-27","已检索到分类页线索，逐文件说明页读取失败；不据文件名或分类页页脚填写作者与许可。","1811859","cf2eb6e12e0fc1f76a338ed4395bd07546f0a2160d09bc0662447abb22ed36f3","89165","8ffa301c154d64cc4b80a0473c90cbb9ba03aae976167eb7062f93c66bbb419e"
"nj-mb","明洪武釉里红岁寒三友纹梅瓶","南京博物院","江苏省","明","陶瓷","ai-legacy","ai-legacy","D-UNTRACED","/artifacts/nj-mb.jpg","/artifacts/nj-mb.jpg","","","","","","","","","","","","","","","81726","4a51a817fb109f0c82f32ca46c550adf95b595646062958b51b3249e5cf6d6c7","81726","4a51a817fb109f0c82f32ca46c550adf95b595646062958b51b3249e5cf6d6c7"
"nj-frs","清乾隆芙蓉石蟠螭耳盖炉","南京博物院","江苏省","清","玉器","ai-legacy","ai-legacy","D-UNTRACED","/artifacts/nj-frs.jpg","/artifacts/nj-frs.jpg","","","","","","","","","","","","","","","66224","d097af6b7421ae01c8874c4ae16198690319805a8d87603cfbac1710c7454487","66224","d097af6b7421ae01c8874c4ae16198690319805a8d87603cfbac1710c7454487"
"yz-tj","唐打马球图铜镜","扬州博物馆","江苏省","唐","金银器","ai-legacy","ai-legacy","D-UNTRACED","/artifacts/yz-tj.jpg","/artifacts/yz-tj.jpg","","","","","","","","","","","","","","","72926","14a82a2c3c9cb83828be788bd3998c30ee31a499d57eae147a85ed15695f94ce","72926","14a82a2c3c9cb83828be788bd3998c30ee31a499d57eae147a85ed15695f94ce"
"sz-lhw","五代秘色瓷莲花碗","苏州博物馆","江苏省","五代","陶瓷","ai-legacy","ai-legacy","D-UNTRACED","/artifacts/sz-lhw.jpg","/artifacts/sz-lhw.jpg","","","","","","","","","","","","","","","59577","ddc4a1d2764ee431a767bf716c43adebc119c90abfe6e01c15d2e82c02e6b299","59577","ddc4a1d2764ee431a767bf716c43adebc119c90abfe6e01c15d2e82c02e6b299"
"nj-js","西汉金兽","南京博物院","江苏省","西汉","金银器","ai-legacy","ai-legacy","D-UNTRACED","/artifacts/nj-js.jpg","/artifacts/nj-js.jpg","","","","","","","","","","","","","","","78979","30e12be01437bd90a907d09638615e4dbe48311b0df6ade112ae3a8438266502","78979","30e12be01437bd90a907d09638615e4dbe48311b0df6ade112ae3a8438266502"
"yz-mb","元霁蓝釉白龙纹梅瓶","扬州博物馆","江苏省","元","陶瓷","ai-legacy","ai-legacy","D-UNTRACED","/artifacts/yz-mb.jpg","/artifacts/yz-mb.jpg","","","","","","","","","","","","","","","90160","96f672cbb78d2eb0631f9fe115df58485d3442b40bb13b18958b028e1f6de98f","90160","96f672cbb78d2eb0631f9fe115df58485d3442b40bb13b18958b028e1f6de98f"
"yz-zbq","郑板桥《兰竹石图》","扬州博物馆","江苏省","清","书画","ai-legacy","ai-legacy","D-UNTRACED","/artifacts/yz-zbq.jpg","/artifacts/yz-zbq.jpg","","","","","","","","","","","","","","馆藏或研究线索，不是当前 AI 图的来源或授权证明；尚未取得可绑定到当前文物的开放许可文件。","79861","b095bc03d0e941851b15b8360edfdd21ddf0e412047f3f3556d1a691cf13f189","79861","b095bc03d0e941851b15b8360edfdd21ddf0e412047f3f3556d1a691cf13f189"
"nj-zlqx","竹林七贤与荣启期砖画","南京博物院","江苏省","南朝","石刻","ai-legacy","ai-legacy","D-UNTRACED","/artifacts/nj-zlqx.jpg","/artifacts/nj-zlqx.jpg","","","","","","","","","","","","","","","114597","b1aa81e96582441088f82448e15f564135f6ef13171e86ebbcf5bcb6e4789055","114597","b1aa81e96582441088f82448e15f564135f6ef13171e86ebbcf5bcb6e4789055"
"jdz-cslh","沉思罗汉像（“无语佛”）","景德镇中国陶瓷博物馆","江西省","当代","陶瓷","ai-legacy","ai-legacy","D-UNTRACED","/artifacts/jdz-cslh.jpg","/artifacts/jdz-cslh.jpg","","","","","","","","","","","","","","","77162","700c40aaa81e597f83a7e240a6333a0a51c0b0c2a72883d93c8f849ba2d502bc","77162","700c40aaa81e597f83a7e240a6333a0a51c0b0c2a72883d93c8f849ba2d502bc"
"jdz-blz","清乾隆粉彩百鹿图尊","景德镇中国陶瓷博物馆","江西省","清","陶瓷","ai-legacy","ai-legacy","D-UNTRACED","/artifacts/jdz-blz.jpg","/artifacts/jdz-blz.jpg","","","","","","","","","","","","","","","85836","ba2ec62052924b1f454c22b3a56c5bcc80296d6dc7d47e5c1f3a7b80d646123e","85836","ba2ec62052924b1f454c22b3a56c5bcc80296d6dc7d47e5c1f3a7b80d646123e"
"jx-qth","商代伏鸟双尾青铜虎","江西省博物馆","江西省","商","青铜器","ai-legacy","ai-legacy","D-UNTRACED","/artifacts/jx-qth.jpg","/artifacts/jx-qth.jpg","","","","","","","","","","","","","","","72408","c6eae3e96010ad5335e77741083bc1d952eabb7bf3c21a1a050a29c954aae65a","72408","c6eae3e96010ad5335e77741083bc1d952eabb7bf3c21a1a050a29c954aae65a"
"jx-smsr","商代双面神人青铜头像","江西省博物馆","江西省","商","青铜器","ai-legacy","ai-legacy","D-UNTRACED","/artifacts/jx-smsr.jpg","/artifacts/jx-smsr.jpg","","","","","","","","","","","","","","","70383","0d1782a82fbe20b20457d320473151f4e8112b16e073addb9d211b3ce02b4b61","70383","0d1782a82fbe20b20457d320473151f4e8112b16e073addb9d211b3ce02b4b61"
"jdz-qhmb","元青花缠枝牡丹纹梅瓶","景德镇中国陶瓷博物馆","江西省","元","陶瓷","ai","ai","B-OBJECT-REF","/artifacts-v2/ai-pending-20260923/jdz-qhmb.png","/artifacts-v2/ai-pending-20260923/jdz-qhmb.png","https://www.jdz.gov.cn/zwzx/tpxw/t1095082.shtml","","","","","","","","","","","quarantined-six-2026-09-23","2026-09-23","市政府馆藏报道明确元青花缠枝牡丹纹梅瓶，但未找到图片再利用许可，不接入报道图片。 当前AI示意图仅据馆方文字生成，具体造型与细节继续待真品影像核验。","2285440","764447dee61c5835d1802c3cfbe3dd0e9440cd7c5f07fa9079a3a02cd41ef479","2285440","764447dee61c5835d1802c3cfbe3dd0e9440cd7c5f07fa9079a3a02cd41ef479"
"jx-glc","元青花釉里红楼阁式谷仓","江西省博物馆","江西省","元","陶瓷","ai-legacy","ai-legacy","D-UNTRACED","/artifacts/jx-glc.jpg","/artifacts/jx-glc.jpg","","","","","","","","","","","","","","","96119","242f87bc15798979e73a4efad65434a023b5cbb6b4799027acc6a448840d1b9e","96119","242f87bc15798979e73a4efad65434a023b5cbb6b4799027acc6a448840d1b9e"
"lb-gf","《虢国夫人游春图》宋摹本","辽宁省博物馆","辽宁省","北宋","书画","ai-legacy","ai-legacy","D-UNTRACED","/artifacts/lb-gf.jpg","/artifacts/lb-gf.jpg","https://zhuanti.mct.gov.cn/lnsbwg2022.html","","","","","","","","","","","","","馆藏或研究线索，不是当前 AI 图的来源或授权证明；尚未取得可绑定到当前文物的开放许可文件。","59051","44d109c453c5564b2fcb43c334131e1f103522c8406ca1e36054052dcacd37fb","59051","44d109c453c5564b2fcb43c334131e1f103522c8406ca1e36054052dcacd37fb"
"lb-yzl","红山文化玉猪龙","辽宁省博物馆","辽宁省","新石器时代","玉器","ai","ai","D-UNTRACED","/artifacts-v2/p1/lb-yzl.png","/artifacts-v2/p1/lb-yzl.png","","","","","","","","","","","","artifact-v2-p1-2026-08-24","2026-08-24/2026-08-25","","1688982","cd8680bb5c22f3a53f4c0b574a8bced9e3fbcb8ad4810b5855d84d1fe90b8c47","1688982","cd8680bb5c22f3a53f4c0b574a8bced9e3fbcb8ad4810b5855d84d1fe90b8c47"
"sy-wyc","清乾隆款粉彩五燕瓷瓶","沈阳故宫博物院","辽宁省","清","陶瓷","ai-legacy","ai-legacy","D-UNTRACED","/artifacts/sy-wyc.jpg","/artifacts/sy-wyc.jpg","","","","","","","","","","","","","","","63330","f6b10e126f69602b63870a90158c3c6648ad03e90763ab1eab55829dc8b6b9cb","63330","f6b10e126f69602b63870a90158c3c6648ad03e90763ab1eab55829dc8b6b9cb"
"sy-ljy","清太宗皇太极御用鹿角椅","沈阳故宫博物院","辽宁省","清","杂项","ai-legacy","ai-legacy","D-UNTRACED","/artifacts/sy-ljy.jpg","/artifacts/sy-ljy.jpg","","","","","","","","","","","","","","","75701","22b19742f1f8f2ced0ffdea9f6af006c803d7b179fff48e60b7bbe1b7ac55a2c","75701","22b19742f1f8f2ced0ffdea9f6af006c803d7b179fff48e60b7bbe1b7ac55a2c"
"sy-yyd","清太祖努尔哈赤御用宝剑","沈阳故宫博物院","辽宁省","清","杂项","ai-legacy","ai-legacy","D-UNTRACED","/artifacts/sy-yyd.jpg","/artifacts/sy-yyd.jpg","","","","","","","","","","","","","","","39147","e36cb99c1369c0f7191b8dd2fb9d05da4e2c95992e3094f621e65a1ddabf979e","39147","e36cb99c1369c0f7191b8dd2fb9d05da4e2c95992e3094f621e65a1ddabf979e"
"lb-zfsg","周昉《簪花仕女图》","辽宁省博物馆","辽宁省","唐","书画","ai-legacy","ai-legacy","D-UNTRACED","/artifacts/lb-zfsg.jpg","/artifacts/lb-zfsg.jpg","https://zhuanti.mct.gov.cn/lnsbwg2022.html","","","","","","","","","","","","","馆藏或研究线索，不是当前 AI 图的来源或授权证明；尚未取得可绑定到当前文物的开放许可文件。","74341","32cfa0ba533d0a9c291173b392fb6be01b55d75817a0951324824a798a818a64","74341","32cfa0ba533d0a9c291173b392fb6be01b55d75817a0951324824a798a818a64"
"nm-lsy","辽三彩鸳鸯壶","内蒙古博物院","内蒙古自治区","辽","陶瓷","ai-legacy","ai-legacy","D-UNTRACED","/artifacts/nm-lsy.jpg","/artifacts/nm-lsy.jpg","","","","","","","","","","","","","","","76610","0560c44c44f2e8d2f615b1aa1bca31af9697317db936a0060a414360d6e27af0","76610","0560c44c44f2e8d2f615b1aa1bca31af9697317db936a0060a414360d6e27af0"
"nm-jyx","元钧窑“小宋自造”香炉","内蒙古博物院","内蒙古自治区","元","陶瓷","ai-legacy","ai-legacy","D-UNTRACED","/artifacts/nm-jyx.jpg","/artifacts/nm-jyx.jpg","","","","","","","","","","","","","","","69763","4d309a7c8eba9cdd234272bbdb8c92186df3227080b9ca865932b63272b84316","69763","4d309a7c8eba9cdd234272bbdb8c92186df3227080b9ca865932b63272b84316"
"nm-jgs","战国匈奴鹰形金冠","内蒙古博物院","内蒙古自治区","战国","金银器","ai","source","C-SOURCE-PENDING","/artifacts-v2/p2-source/nm-jgs.png","/artifacts/nm-jgs.jpg","","https://commons.wikimedia.org/wiki/File:%E5%8C%88%E5%A5%B4%E7%8E%8B%E9%87%91%E5%86%A0.jpg","匈奴王金冠.jpg","三猎","内蒙古博物院","CC BY-SA 4.0","https://creativecommons.org/licenses/by-sa/4.0/","pending","pending","2026-09-15","2026-09-15","artifact-v2-p2-source-2026-08-27","2026-08-27","已读取逐文件说明与许可证区域；本地缩图与原始文件尚缺完整绑定证据，授权继续待核。","1809434","0a2aee652d229265b3f9b92d4f868a0f1f7975892ac49ce562dede86d0398f4a","100704","2ee0d235b33d2020d76c39275996cd065400ecd2c5250dd459b61c8bf6239daf"
"nx-hxw","唐胡旋舞石刻墓门","宁夏博物馆","宁夏回族自治区","唐","石刻","ai-legacy","ai-legacy","D-UNTRACED","/artifacts/nx-hxw.jpg","/artifacts/nx-hxw.jpg","","","","","","","","","","","","","","","106739","ef8c33f1391b692ae0d53523e2d4f6a489d2cb609f25a74cc250459fa52edbb3","106739","ef8c33f1391b692ae0d53523e2d4f6a489d2cb609f25a74cc250459fa52edbb3"
"nx-ljt","西夏鎏金铜牛","宁夏博物馆","宁夏回族自治区","西夏","金银器","ai-legacy","ai-legacy","D-UNTRACED","/artifacts/nx-ljt.jpg","/artifacts/nx-ljt.jpg","","","","","","","","","","","","","","","68508","6d261e5d141925f1784eb24587a2201144ea1ebf1a5faf027bc4b30d0595e7ed","68508","6d261e5d141925f1784eb24587a2201144ea1ebf1a5faf027bc4b30d0595e7ed"
"nx-jxb","西夏文佛经《吉祥遍至口和本续》","宁夏博物馆","宁夏回族自治区","西夏","简牍","ai-legacy","ai-legacy","D-UNTRACED","/artifacts/nx-jxb.jpg","/artifacts/nx-jxb.jpg","","","","","","","","","","","","","","馆藏或研究线索，不是当前 AI 图的来源或授权证明；尚未取得可绑定到当前文物的开放许可文件。","84056","79726a2bdb61b6ecdd2819264d62c2d450d0851562568a70ff7f048f21543b3d","84056","79726a2bdb61b6ecdd2819264d62c2d450d0851562568a70ff7f048f21543b3d"
"qh-gyq","汉“汉匈奴归义亲汉长”铜印","青海省博物馆","青海省","汉","青铜器","ai-legacy","ai-legacy","D-UNTRACED","/artifacts/qh-gyq.jpg","/artifacts/qh-gyq.jpg","","","","","","","","","","","","","","","70467","4ddd406e970a49c9545015f5ad1c34b1ba1ef8c4bca20331401d29eafe0a7791","70467","4ddd406e970a49c9545015f5ad1c34b1ba1ef8c4bca20331401d29eafe0a7791"
"qh-wdw","马家窑文化舞蹈纹彩陶盆","青海省博物馆","青海省","新石器时代","陶瓷","ai-legacy","ai-legacy","D-UNTRACED","/artifacts/qh-wdw.jpg","/artifacts/qh-wdw.jpg","","","","","","","","","","","","","","","53594","6c36fa867e22181225529351a19901843762ac4f38e86b2743ae806136e8bf2c","53594","6c36fa867e22181225529351a19901843762ac4f38e86b2743ae806136e8bf2c"
"qh-tk","清堆绣唐卡","青海省博物馆","青海省","清","织绣","ai-legacy","ai-legacy","D-UNTRACED","/artifacts/qh-tk.jpg","/artifacts/qh-tk.jpg","","","","","","","","","","","","","","","125896","9b9b2f1207d546e7bc1c4505d7348415a4cd1e35889e2404058a5aa3aba24b6f","125896","9b9b2f1207d546e7bc1c4505d7348415a4cd1e35889e2404058a5aa3aba24b6f"
"qzx-lxsf","北齐贴金彩绘佛造像","青州市博物馆","山东省","北齐","石刻","ai","ai","D-UNTRACED","/artifacts-v2/p1/qzx-lxsf.png","/artifacts-v2/p1/qzx-lxsf.png","","","","","","","","","","","","artifact-v2-p1-2026-08-24","2026-08-24/2026-08-25","","1851879","0fec47abb181081fa8b0d23d7dcf603bb3ec1d69b21ac55ce0a905e3bacd7dc7","1851879","0fec47abb181081fa8b0d23d7dcf603bb3ec1d69b21ac55ce0a905e3bacd7dc7"
"sd-hts","大汶口红陶兽形壶","山东博物馆","山东省","新石器时代","陶瓷","ai-legacy","ai-legacy","D-UNTRACED","/artifacts/sd-hts.jpg","/artifacts/sd-hts.jpg","","","","","","","","","","","","","","","62799","f63827a7a81524aa57f6e34e1dbec83bbf352d7b802a5182418ac86ac57b5755","62799","f63827a7a81524aa57f6e34e1dbec83bbf352d7b802a5182418ac86ac57b5755"
"qzx-yzb","东汉“宜子孙”玉璧","青州市博物馆","山东省","东汉","玉器","ai-legacy","ai-legacy","D-UNTRACED","/artifacts/qzx-yzb.jpg","/artifacts/qzx-yzb.jpg","","","","","","","","","","","","","","","74829","56839775daca354078b5246f38205bc600c9b7012449b6b0796493351324c5af","74829","56839775daca354078b5246f38205bc600c9b7012449b6b0796493351324c5af"
"kz-kzsj","明版《孔子圣迹图》","孔子博物馆","山东省","明","书画","ai-legacy","ai-legacy","D-UNTRACED","/artifacts/kz-kzsj.jpg","/artifacts/kz-kzsj.jpg","","","","","","","","","","","","","","馆藏或研究线索，不是当前 AI 图的来源或授权证明；尚未取得可绑定到当前文物的开放许可文件。","84795","1f127266fc781fd7b985e26af64df1a8ae27850a0664f057537f066d9edc70f8","84795","1f127266fc781fd7b985e26af64df1a8ae27850a0664f057537f066d9edc70f8"
"kz-myc","明衍圣公朝服衣冠","孔子博物馆","山东省","明","织绣","ai-legacy","ai-legacy","D-UNTRACED","/artifacts/kz-myc.jpg","/artifacts/kz-myc.jpg","","","","","","","","","","","","","","","97103","58c7052a03d345ebd1376611fd9202e7352e21693e7a0d6e9d687dd09479f2d4","97103","58c7052a03d345ebd1376611fd9202e7352e21693e7a0d6e9d687dd09479f2d4"
"qzx-zyj","明赵秉忠状元卷","青州市博物馆","山东省","明","书画","ai","source","C-SOURCE-PENDING","/artifacts-v2/p1/qzx-zyj.png","/artifacts/qzx-zyj.jpg","","https://commons.wikimedia.org/wiki/File:%E7%8A%B6%E5%85%83%E5%8D%B7.JPG","状元卷.JPG","三猎","青州博物馆","CC BY-SA 4.0","https://creativecommons.org/licenses/by-sa/4.0/","pending","pending","2026-09-15","2026-09-15","artifact-v2-p1-2026-08-24","2026-08-24/2026-08-25","已读取逐文件说明与许可证区域；本地缩图与原始文件尚缺完整绑定证据，授权继续待核。","2031106","cdeb8ebbb362e62045c30b1f86670c04bfc183d164dd48d5ed7aa11c7879b9af","117409","64942b286039163d3e0d55def37774a977d1443ac757fa5bf901ebdfa372c336"
"kz-sg","清“商周十供”青铜礼器","孔子博物馆","山东省","商周","青铜器","ai-legacy","ai-legacy","D-UNTRACED","/artifacts/kz-sg.jpg","/artifacts/kz-sg.jpg","","","","","","","","","","","","","","","72447","720def2de9b04064b7b493f08d67a7154c06d3f8a74ec76dd2eba6d2deb48e7c","72447","720def2de9b04064b7b493f08d67a7154c06d3f8a74ec76dd2eba6d2deb48e7c"
"sd-acy","商代亚醜钺","山东博物馆","山东省","商","青铜器","ai-legacy","ai-legacy","D-UNTRACED","/artifacts/sd-acy.jpg","/artifacts/sd-acy.jpg","","","","","","","","","","","","","","","89530","6f524d7b44602ad25240effae8a9860a51c8292146283110e221e6dff844de5d","89530","6f524d7b44602ad25240effae8a9860a51c8292146283110e221e6dff844de5d"
"sd-szb","银雀山汉墓《孙子兵法》《孙膑兵法》竹简","山东博物馆","山东省","西汉","简牍","ai-legacy","ai-legacy","D-UNTRACED","/artifacts/sd-szb.jpg","/artifacts/sd-szb.jpg","","","","","","","","","","","","","","","71054","70d1cd74f14c1c28d25891e2c135cf79fe01765b01eeb0e2e9a3e7b71fd022dc","71054","70d1cd74f14c1c28d25891e2c135cf79fe01765b01eeb0e2e9a3e7b71fd022dc"
"sd-lgdy","战国鲁国大玉璧","山东博物馆","山东省","战国","玉器","ai-legacy","ai-legacy","D-UNTRACED","/artifacts/sd-lgdy.jpg","/artifacts/sd-lgdy.jpg","","","","","","","","","","","","","","","76978","5cafe8e510461838193c0b3edb104f0020ab7bdb65d1289a77812625da021c88","76978","5cafe8e510461838193c0b3edb104f0020ab7bdb65d1289a77812625da021c88"
"dt-lbl","北魏蓝玻璃碗","大同市博物馆","山西省","北魏","陶瓷","ai-legacy","ai-legacy","D-UNTRACED","/artifacts/dt-lbl.jpg","/artifacts/dt-lbl.jpg","","","","","","","","","","","","","","","52082","1be1479917d64c3835f2df0afcd86b4e5678ebf3d41e1b14772cf6fbd8e05c4f","52082","1be1479917d64c3835f2df0afcd86b4e5678ebf3d41e1b14772cf6fbd8e05c4f"
"sx-qh","北魏司马金龙墓木板漆画","山西博物院","山西省","北魏","漆器","ai-legacy","ai-legacy","D-UNTRACED","/artifacts/sx-qh.jpg","/artifacts/sx-qh.jpg","","","","","","","","","","","","","","","77108","9c046235f652a3a5a091f299cb2c5b9b743470804327349efd001d3a264b99bb","77108","9c046235f652a3a5a091f299cb2c5b9b743470804327349efd001d3a264b99bb"
"sx-hmms","侯马盟书","山西博物院","山西省","春秋","简牍","ai-legacy","ai-legacy","D-UNTRACED","/artifacts/sx-hmms.jpg","/artifacts/sx-hmms.jpg","","","","","","","","","","","","","","","69808","fe5d9d1942a5f71d642cddc4e0f169827798e1ad249cc0b6ac245a8f04af4dea","69808","fe5d9d1942a5f71d642cddc4e0f169827798e1ad249cc0b6ac245a8f04af4dea"
"sx-nz","晋侯鸟尊","山西博物院","山西省","西周","青铜器","ai-legacy","ai-legacy","D-UNTRACED","/artifacts/sx-nz.jpg","/artifacts/sx-nz.jpg","","","","","","","","","","","","","","","79392","0e4a973ea2e2a6eb1005b05ec4cf0fe58312033e7679601fb25c98c969f1478f","79392","0e4a973ea2e2a6eb1005b05ec4cf0fe58312033e7679601fb25c98c969f1478f"
"dt-ytz","司马金龙墓釉陶俑阵","大同市博物馆","山西省","北魏","陶俑","ai-legacy","ai-legacy","D-UNTRACED","/artifacts/dt-ytz.jpg","/artifacts/dt-ytz.jpg","","","","","","","","","","","","","","","74964","c0da4e3b7f2215c2c85b0394ded8738716efbe53117f49a031a9692cde5f1326","74964","c0da4e3b7f2215c2c85b0394ded8738716efbe53117f49a031a9692cde5f1326"
"sxl-ptxn","葡萄花鸟纹银香囊","陕西历史博物馆","陕西省","唐","金银器","ai","ai","B-OBJECT-REF","/artifacts-v2/ai-pending-20260923/sxl-ptxn.png","/artifacts-v2/ai-pending-20260923/sxl-ptxn.png","https://www.sxhm.com/collections/detail/9948","","","","","","","","","","","pending-five-2026-09-23","2026-09-23","陕西历史博物馆官方藏品记录及图像可核对，但无明确可复用许可；未用其他银香囊或复制品替代该件。","2066637","18cef49d9ae1faeead8d2b4efde819a633e87e071f4ea7c38ef209af719f31e5","2066637","18cef49d9ae1faeead8d2b4efde819a633e87e071f4ea7c38ef209af719f31e5"
"qs-by","秦兵马俑军阵（将军俑）","秦始皇帝陵博物院","陕西省","秦","陶俑","ai-legacy","ai-legacy","D-UNTRACED","/artifacts/qs-by.jpg","/artifacts/qs-by.jpg","","","","","","","","","","","","","","","65046","14a7041dd38a467948fac7c900ac43f215b0031fa2742647d47cb198e7323694","65046","14a7041dd38a467948fac7c900ac43f215b0031fa2742647d47cb198e7323694"
"qs-gyz","秦跪射俑","秦始皇帝陵博物院","陕西省","秦","陶俑","ai-legacy","ai-legacy","D-UNTRACED","/artifacts/qs-gyz.jpg","/artifacts/qs-gyz.jpg","","","","","","","","","","","","","","","77562","69d7d8d113c613a45ae43e5e9b1b275d2da077187d6336edc98ff44dd3d54b8d","77562","69d7d8d113c613a45ae43e5e9b1b275d2da077187d6336edc98ff44dd3d54b8d"
"qs-tcm","秦陵铜车马","秦始皇帝陵博物院","陕西省","秦","青铜器","ai-legacy","ai-legacy","D-UNTRACED","/artifacts/qs-tcm.jpg","/artifacts/qs-tcm.jpg","","","","","","","","","","","","","","","90566","6d8490807584747247378d5dae3777f03c54b1ac66affa0affbcd92df5dee185","90566","6d8490807584747247378d5dae3777f03c54b1ac66affa0affbcd92df5dee185"
"xa-dqz","隋董钦造鎏金铜弥陀佛像","西安博物院","陕西省","隋","金银器","ai-legacy","ai-legacy","D-UNTRACED","/artifacts/xa-dqz.jpg","/artifacts/xa-dqz.jpg","","","","","","","","","","","","","","","87933","0e38588f3ef7a25631be199b83733e9bef4705cd18815b1bb3ebf65ba8506668","87933","0e38588f3ef7a25631be199b83733e9bef4705cd18815b1bb3ebf65ba8506668"
"sxl-wmh","唐鎏金舞马衔杯纹银壶","陕西历史博物馆","陕西省","唐","金银器","ai-legacy","ai-legacy","D-UNTRACED","/artifacts/sxl-wmh.jpg","/artifacts/sxl-wmh.jpg","","","","","","","","","","","","","","","85154","621bb63d5bf566f820b08919ba55b26a0d6651cf0fc996852ae660b3bddfd4f8","85154","621bb63d5bf566f820b08919ba55b26a0d6651cf0fc996852ae660b3bddfd4f8"
"sxl-lt","唐三彩骆驼载乐俑","陕西历史博物馆","陕西省","唐","陶俑","ai","ai","B-OBJECT-REF","/artifacts-v2/ai-pending-20260923/sxl-lt.png","/artifacts-v2/ai-pending-20260923/sxl-lt.png","https://www.sxhm.com/collections/detail/509.html","","","","","","","","","","","quarantined-six-2026-09-23","2026-09-23","找到陕西历史博物馆Gary Todd照片，逐文件CC0声明已核读；从摄影者Flickr下载超时，继续隔离。 当前AI示意图仅据馆方文字生成，具体造型与细节继续待真品影像核验。","2350150","215cb93a1d11a63d0bf9ef7855b6065f5181289729fbf47450b4f5c017199686","2350150","215cb93a1d11a63d0bf9ef7855b6065f5181289729fbf47450b4f5c017199686"
"xa-scm","唐三彩腾空马","西安博物院","陕西省","唐","陶瓷","ai-legacy","ai-legacy","D-UNTRACED","/artifacts/xa-scm.jpg","/artifacts/xa-scm.jpg","","","","","","","","","","","","","","","76329","ea364afc4dfa737163624876811c7aa0713874feaf6a38ba537daf11236cbb7b","76329","ea364afc4dfa737163624876811c7aa0713874feaf6a38ba537daf11236cbb7b"
"xa-snt","唐仕女俑","西安博物院","陕西省","唐","陶俑","ai-legacy","ai-legacy","D-UNTRACED","/artifacts/xa-snt.jpg","/artifacts/xa-snt.jpg","","","","","","","","","","","","","","","58684","b160e1ff3c4bb5783fb07d3a29a236f862a2a862bd3ec72ccbb9f989e3648021","58684","b160e1ff3c4bb5783fb07d3a29a236f862a2a862bd3ec72ccbb9f989e3648021"
"sxl-xmb","唐镶金兽首玛瑙杯","陕西历史博物馆","陕西省","唐","玉器","ai-legacy","ai-legacy","D-UNTRACED","/artifacts/sxl-xmb.jpg","/artifacts/sxl-xmb.jpg","","","","","","","","","","","","","","","54187","31aaf7e9cd00ce45735ec611d7febb413ce8abf942505ce07fc31a4e844360ed","54187","31aaf7e9cd00ce45735ec611d7febb413ce8abf942505ce07fc31a4e844360ed"
"sxl-yjb","唐鸳鸯莲瓣纹金碗","陕西历史博物馆","陕西省","唐","金银器","ai","source","C-SOURCE-PENDING","/artifacts-v2/p2-source/sxl-yjb.png","/artifacts/sxl-yjb.jpg","","https://commons.wikimedia.org/wiki/File:%E9%B8%B3%E9%B8%AF%E8%8E%B2%E7%93%A3%E7%BA%B9%E9%87%91%E7%A2%97_20091112.jpg","鸳鸯莲瓣纹金碗 20091112.jpg","颐园新居","陕西历史博物馆","CC BY-SA 3.0","https://creativecommons.org/licenses/by-sa/3.0/","pending","pending","2026-09-15","2026-09-15","artifact-v2-p2-source-2026-08-27","2026-08-27","已读取逐文件说明与许可证区域；本地缩图与原始文件尚缺完整绑定证据，授权继续待核。","2032178","b72faa75b0bbfbcbb0c68fbd0f6a67b0e837d1af20cbe41384e3538671d1ae34","103075","d6413e208b9d5b659ebb5ea059daebdd6d044a24578025325525eef3a406036c"
"sxl-hzx","西汉“皇后之玺”玉印","陕西历史博物馆","陕西省","西汉","玉器","ai","source","C-SOURCE-PENDING","/artifacts-v2/p2-source/sxl-hzx.png","/artifacts/sxl-hzx.jpg","","https://commons.wikimedia.org/wiki/File:%22%E7%9A%87%E5%90%8E%E4%B9%8B%E7%8E%BA%22%E7%8E%89%E5%8D%B0.jpg","""皇后之玺""玉印.jpg","Antolavoasio","","CC BY-SA 4.0","https://creativecommons.org/licenses/by-sa/4.0/","pending","pending","2026-09-15","2026-09-15","artifact-v2-p2-source-2026-08-27","2026-08-27","已读取逐文件说明与许可证区域；本地缩图与原始文件尚缺完整绑定证据，授权继续待核。","1537687","6d37b8bd02b8dd9ae7df80fc8780c98e7acea19b6115cddbb411a1b3dd59f345","48027","7c94a12efca04528ed4fdd2c5c0661ec8225e0610f9205502ce8d66ecfe8f9b7"
"bj-hz","西周何尊","宝鸡青铜器博物院","陕西省","西周","青铜器","ai-legacy","ai-legacy","D-UNTRACED","/artifacts/bj-hz.jpg","/artifacts/bj-hz.jpg","","","","","","","","","","","","","","","84187","9fa823587521f5d1f644c51771d9bef467acd3d95cad27ffcdc3b5166b703427","84187","9fa823587521f5d1f644c51771d9bef467acd3d95cad27ffcdc3b5166b703427"
"bj-lp","西周逨盘","宝鸡青铜器博物院","陕西省","西周","青铜器","ai-legacy","ai-legacy","D-UNTRACED","/artifacts/bj-lp.jpg","/artifacts/bj-lp.jpg","","","","","","","","","","","","","","","83195","ed0a08b6370cfe98bd36af30badc3bfe47d330d07b9aa9fc7e17fa504335614e","83195","ed0a08b6370cfe98bd36af30badc3bfe47d330d07b9aa9fc7e17fa504335614e"
"bj-hg","西周㝬簋（胡簋）","宝鸡青铜器博物院","陕西省","西周","青铜器","ai-legacy","ai-legacy","D-UNTRACED","/artifacts/bj-hg.jpg","/artifacts/bj-hg.jpg","","","","","","","","","","","","","","","83026","f4dad75c5f656cd2eb299e26ab93b5ce1266638741e98e71750abbfbe4340436","83026","f4dad75c5f656cd2eb299e26ab93b5ce1266638741e98e71750abbfbe4340436"
"sh-dkd","大克鼎","上海博物馆","上海市","西周","青铜器","ai","source","C-SOURCE-PENDING","/artifacts-v2/p2-source/sh-dkd.png","/artifacts/sh-dkd.jpg","","https://commons.wikimedia.org/wiki/File:Da_Ke_ding.jpg","Da Ke ding.jpg","Mountain","上海博物馆","CC BY-SA 3.0","https://creativecommons.org/licenses/by-sa/3.0/","pending","pending","2026-09-15","2026-09-15","artifact-v2-p2-source-2026-08-27","2026-08-27","已读取逐文件说明与许可证区域；本地缩图与原始文件尚缺完整绑定证据，授权继续待核。","2338514","0e7ce0bfc622238ccd8b0bc792f4d148d8d98bfbe4866f9f7625fc9d27aa9b33","125305","28967b4cfe43c684a263c6aa9d7fbfb2dd79e572b96181138a1d622b2e7005cd"
"sh-syt","王羲之《上虞帖》唐摹本","上海博物馆","上海市","东晋","书画","ai","source","C-SOURCE-PENDING","/artifacts-v2/p1/sh-syt.png","/artifacts/sh-syt.jpg","","https://commons.wikimedia.org/wiki/File:%E7%8E%8B%E7%BE%B2%E4%B9%8B_%E8%8D%89%E4%B9%A6%E4%B8%8A%E8%99%9E%E5%B8%96%E5%8D%B7.jpg","王羲之 草书上虞帖卷.jpg","王羲之（唐摹本）","上海博物馆","PD-Art","https://creativecommons.org/publicdomain/mark/1.0/","pending","pending","2026-09-15","2026-09-15","artifact-v2-p1-2026-08-24","2026-08-24/2026-08-25","已读取逐文件说明与许可证区域；本地缩图与原始文件尚缺完整绑定证据，授权继续待核。","1977747","186f4d577210c0cd502b92a180b0d55337345606658b94c01d7a088c3e9d8911","71500","2f3f6f706c4921e8483c113354eacc4dcb0277a330dc5cf294241d94172f2193"
"sh-sqf","战国商鞅方升","上海博物馆","上海市","战国","青铜器","ai","source","C-SOURCE-PENDING","/artifacts-v2/p2-source/sh-sqf.png","/artifact-sources/official/sh-sqf.jpg","","https://www.shanghaimuseum.net/mu/frontend/pg/m/article/id/CI00000346","","","上海博物馆","","","pending","pending","2026-09-15","2026-09-15","artifact-v2-p2-source-2026-08-27","2026-08-27","官方藏品页可读并标注版权；未见本图开放许可，不能把官网公开展示视为授权。","1767466","522c6a6e3a07329f7f44df1808817eae2a9653200308bae4907b2e7175627820","1341039","4df068c5b71eec6caca562769de18a06571abc9813c3f97ec90d36b1ce74451c"
"sh-ltry","朱克柔缂丝《莲塘乳鸭图》","上海博物馆","上海市","南宋","织绣","ai","ai","B-OBJECT-REF","/artifacts-v2/ai-pending-20260923/sh-ltry.png","/artifacts-v2/ai-pending-20260923/sh-ltry.png","https://www.shanghaimuseum.net/mu/frontend/pg/article/id/E00004147","","","","","","","","","","","pending-five-2026-09-23","2026-09-23","候选为莲塘乳鸭图的二维复制影像，只有PD-Art公共领域声明，未提供摄影者的独立开放许可；尚未完成该声明对本站使用场景的适用性核验，继续待图。这不等于判定该影像侵权。","2875881","86d1acefa28056bb95174db5c3ee9547f1dcb651bade4ac20438a476bbff2706","2875881","86d1acefa28056bb95174db5c3ee9547f1dcb651bade4ac20438a476bbff2706"
"sc-hxz","东汉制盐画像砖","四川博物院","四川省","东汉","石刻","ai-legacy","ai-legacy","D-UNTRACED","/artifacts/sc-hxz.jpg","/artifacts/sc-hxz.jpg","","","","","","","","","","","","","","","122235","9c45359b6da6ae19215c5dff58060ab6b2fc9e76d27a7c7223f6253f957e11df","122235","9c45359b6da6ae19215c5dff58060ab6b2fc9e76d27a7c7223f6253f957e11df"
"sxd-hjm","商代黄金面具","三星堆博物馆","四川省","商","金银器","ai","source","C-SOURCE-PENDING","/artifacts-v2/p2-source/sxd-hjm.png","/artifacts/sxd-hjm.jpg","","https://commons.wikimedia.org/wiki/File:Sanxingdui_Oct_2007_585.jpg","Sanxingdui Oct 2007 585.jpg","G41rn8","三星堆博物馆","CC BY-SA 4.0","https://creativecommons.org/licenses/by-sa/4.0/","pending","pending","2026-09-15","2026-09-15","artifact-v2-p2-source-2026-08-27","2026-08-27","来源页描述为贴金箔的青铜头像，不能仅凭黄金面具名称认定为2021年出土的独立金面具；当前实物版本与图像绑定仍待核。","1977989","654fb0d29352b79fb4921a65716b71667035df0012bf6ad7a6aa102388c1bb9f","112394","5171ac0be9c72dfde85784c3c634315b34f23508086ffa40bb3f5a5d1a5e7b5c"
"sxd-jz","商代金杖","三星堆博物馆","四川省","商","金银器","ai","ai","D-UNTRACED","/artifacts-v2/p1/sxd-jz.png","/artifacts-v2/p1/sxd-jz.png","","","","","","","","","","","","artifact-v2-p1-2026-08-24","2026-08-24/2026-08-25","","1722989","f27706cea19ba3db4b72f088cb4db7c6bea52a997f64c65f3687739f02895bc6","1722989","f27706cea19ba3db4b72f088cb4db7c6bea52a997f64c65f3687739f02895bc6"
"sxd-dlr","商代青铜大立人","三星堆博物馆","四川省","商","青铜器","ai","source","C-SOURCE-PENDING","/artifacts-v2/p2-source/sxd-dlr.png","/artifacts/sxd-dlr.jpg","","https://commons.wikimedia.org/wiki/File:%E4%B8%89%E6%98%9F%E5%A0%86%E5%87%BA%E5%9C%9F%E9%9D%92%E9%93%9C%E5%A4%A7%E7%AB%8B%E4%BA%BA%E5%83%8F%2C_2017-09-17.jpg","三星堆出土青铜大立人像, 2017-09-17.jpg","Siyuwj","三星堆博物馆","CC BY-SA 4.0","https://creativecommons.org/licenses/by-sa/4.0/","pending","pending","2026-09-15","2026-09-15","artifact-v2-p2-source-2026-08-27","2026-08-27","已读取逐文件说明与许可证区域；本地缩图与原始文件尚缺完整绑定证据，授权继续待核。","1727956","a9028e32137ff38f57c432264dbe455467a9a8afefeec93ae9da8b70bb48603e","67676","b5cf953fd8223413c26de0c03fd9b61379187f4b2a7ae9b4053eb7e1fa8ec441"
"sxd-qs","商代青铜神树","三星堆博物馆","四川省","商","青铜器","ai","source","C-SOURCE-PENDING","/artifacts-v2/p2-source/sxd-qs.png","/artifacts/sxd-qs.jpg","","https://commons.wikimedia.org/wiki/File:%E2%85%A0%E5%8F%B7%E5%A4%A7%E5%9E%8B%E9%9D%92%E9%93%9C%E7%A5%9E%E6%A0%91.jpg","Ⅰ号大型青铜神树.jpg","Tyg728","三星堆博物馆","CC BY-SA 4.0","https://creativecommons.org/licenses/by-sa/4.0/","pending","pending","2026-09-15","2026-09-15","artifact-v2-p2-source-2026-08-27","2026-08-27","已读取逐文件说明与许可证区域；本地缩图与原始文件尚缺完整绑定证据，授权继续待核。","1743224","85df6d589c2c2a8111eb2ba4eb44465facf33d1e20a48225e7fceccce351e93e","109459","1263e6991877c8245142e6def9848ab9156592a2be002aea8e327e17f810466c"
"sxd-zym","商代青铜纵目面具","三星堆博物馆","四川省","商","青铜器","ai","source","C-SOURCE-PENDING","/artifacts-v2/p2-source/sxd-zym.png","/artifacts/sxd-zym.jpg","","https://commons.wikimedia.org/wiki/File:Bronze_Mask_with_Protruding_Eyes.jpg","Bronze Mask with Protruding Eyes.jpg","momo","三星堆博物馆","CC BY 2.0","https://creativecommons.org/licenses/by/2.0/","pending","pending","2026-09-15","2026-09-15","artifact-v2-p2-source-2026-08-27","2026-08-27","已读取逐文件说明与许可证区域；本地缩图与原始文件尚缺完整绑定证据，授权继续待核。","1628278","7e1bd64f28f9bba356911387e7a0b6e1f62e502755556849224898d6753c934f","80870","92538c62246bc46bce03e8b0d8c1ed5ef999faf2d04a76c18c530920b58370c6"
"js-hjm","商周黄金面具","成都金沙遗址博物馆","四川省","商周","金银器","ai","ai","D-UNTRACED","/artifacts-v2/p1/js-hjm.png","/artifacts-v2/p1/js-hjm.png","","","","","","","","","","","","artifact-v2-p1-2026-08-24","2026-08-24/2026-08-25","","1661462","b4f1c27e50f4c1713d2e91cefadef28202906ba81712ce91085347ae6d022154","1661462","b4f1c27e50f4c1713d2e91cefadef28202906ba81712ce91085347ae6d022154"
"js-tysn","商周太阳神鸟金饰","成都金沙遗址博物馆","四川省","商周","金银器","ai","ai","D-UNTRACED","/artifacts-v2/p1/js-tysn.png","/artifacts-v2/p1/js-tysn.png","","","","","","","","","","","","artifact-v2-p1-2026-08-24","2026-08-24/2026-08-25","","1725409","23ca91aa61df40fd48bb9018eecbc515e888120e828b00a6eb15b9a57b236c88","1725409","23ca91aa61df40fd48bb9018eecbc515e888120e828b00a6eb15b9a57b236c88"
"sc-ssj","五代后蜀残石经","四川博物院","四川省","五代","石刻","ai-legacy","ai-legacy","D-UNTRACED","/artifacts/sc-ssj.jpg","/artifacts/sc-ssj.jpg","","","","","","","","","","","","","","","92140","195340dca2a499359016d7f4d94487fe88d29f612b6b9a446d34e34507be07c6","92140","195340dca2a499359016d7f4d94487fe88d29f612b6b9a446d34e34507be07c6"
"sc-xsel","西周象首耳兽面纹铜罍","四川博物院","四川省","西周","青铜器","ai-legacy","ai-legacy","D-UNTRACED","/artifacts/sc-xsel.jpg","/artifacts/sc-xsel.jpg","","","","","","","","","","","","","","","87780","d0f260c8461196df8e13efba906ae52d205fe7b3227b472e2749b95f10476d29","87780","d0f260c8461196df8e13efba906ae52d205fe7b3227b472e2749b95f10476d29"
"js-sjc","新石器时代十节玉琮","成都金沙遗址博物馆","四川省","新石器时代","玉器","ai","ai","D-UNTRACED","/artifacts-v2/p1/js-sjc.png","/artifacts-v2/p1/js-sjc.png","","","","","","","","","","","","artifact-v2-p1-2026-08-24","2026-08-24/2026-08-25","","1513585","4fa7d023744db4413a3388f1453febb3d72f0e81bd0bb364cfdcc7058de51530","1513585","4fa7d023744db4413a3388f1453febb3d72f0e81bd0bb364cfdcc7058de51530"
"tp-rsp","北宋汝窑天青无纹水仙盆","台北故宫博物院","台湾省","北宋","陶瓷","ai-legacy","ai-legacy","D-UNTRACED","/artifacts/tp-rsp.jpg","/artifacts/tp-rsp.jpg","","","","","","","","","","","","","","","51677","faab4cf5e132b0b1a7797b5e4e8ce7af29d45b96917c337b5c8b638e490a0ae7","51677","faab4cf5e132b0b1a7797b5e4e8ce7af29d45b96917c337b5c8b638e490a0ae7"
"tp-kxs","晋王羲之《快雪时晴帖》","台北故宫博物院","台湾省","东晋","书画","ai-legacy","ai-legacy","D-UNTRACED","/artifacts/tp-kxs.jpg","/artifacts/tp-kxs.jpg","https://digitalarchive.npm.gov.tw/Collection/Detail/19?dep=P","","","","","","","","","","","","","官方页面声明中阶图 CC BY 4.0；本次尚未下载并绑定具体本幅文件，仍展示明确标识的 AI 图，授权不升级。","61551","54c00829e2c7ea7fe08bd5ca704e748dc8055c2bd6a19dc576177a2cf88979f2","61551","54c00829e2c7ea7fe08bd5ca704e748dc8055c2bd6a19dc576177a2cf88979f2"
"tp-cyb","清翠玉白菜","台北故宫博物院","台湾省","清","玉器","ai-legacy","ai-legacy","D-UNTRACED","/artifacts/tp-cyb.jpg","/artifacts/tp-cyb.jpg","","","","","","","","","","","","","","","59518","60744c3877bb36ce986e3caa186e235e7e081878d0adca517ea8dd8c13fcf2a3","59518","60744c3877bb36ce986e3caa186e235e7e081878d0adca517ea8dd8c13fcf2a3"
"tp-rxs","清肉形石","台北故宫博物院","台湾省","清","杂项","ai-legacy","ai-legacy","D-UNTRACED","/artifacts/tp-rxs.jpg","/artifacts/tp-rxs.jpg","","","","","","","","","","","","","","","67096","c2ec47614b1ef1b6a2f4e85c7dbedf7647cd42a07f941833cdca285ac18ddcdf","67096","c2ec47614b1ef1b6a2f4e85c7dbedf7647cd42a07f941833cdca285ac18ddcdf"
"tp-mgd","西周毛公鼎","台北故宫博物院","台湾省","西周","青铜器","ai-legacy","ai-legacy","D-UNTRACED","/artifacts/tp-mgd.jpg","/artifacts/tp-mgd.jpg","","","","","","","","","","","","","","","66549","12e1cb076c3b17a9690cc980323964642637d998f196d33c40492273cf30f1ab","66549","12e1cb076c3b17a9690cc980323964642637d998f196d33c40492273cf30f1ab"
"tb-xjhl","范宽《雪景寒林图》","天津博物馆","天津市","北宋","书画","ai","source","C-SOURCE-PENDING","/artifacts-v2/p2-source/tb-xjhl.png","/artifacts/tb-xjhl.jpg","","https://commons.wikimedia.org/wiki/File:Xuejinghanlintu.jpg","Xuejinghanlintu.jpg","范宽","天津博物馆","PD-Art","https://creativecommons.org/publicdomain/mark/1.0/","pending","pending","2026-09-15","2026-09-15","artifact-v2-p2-source-2026-08-27","2026-08-27","已读取逐文件说明与许可证区域；本地缩图与原始文件尚缺完整绑定证据，授权继续待核。","2776872","039e1ee299025b59d5b8c4837dbc63180925861d57b4c6b1fa44f3ea05be4586","218568","dd753d6f794edc27b11f710186a723500042702f329d6cc3d3fb32810606c0a7"
"tb-yhc","乾隆款珐琅彩芍药雉鸡图玉壶春瓶","天津博物馆","天津市","清","陶瓷","ai","ai","D-UNTRACED","/artifacts-v2/p1/tb-yhc.png","/artifacts-v2/p1/tb-yhc.png","","","","","","","","","","","","artifact-v2-p1-2026-08-24","2026-08-24/2026-08-25","","1704073","16f6ff0a78cc1a840555e6501466867b234d24bb117a1b66f89170e4e0bdfd2b","1704073","16f6ff0a78cc1a840555e6501466867b234d24bb117a1b66f89170e4e0bdfd2b"
"tb-tbd","西周太保鼎","天津博物馆","天津市","西周","青铜器","ai","ai","D-UNTRACED","/artifacts-v2/p1/tb-tbd.png","/artifacts-v2/p1/tb-tbd.png","","","","","","","","","","","","artifact-v2-p1-2026-08-24","2026-08-24/2026-08-25","","1964576","d4c5be28625cabbeee76f783e2bd4afdc3f8295474b028dc7216904967e81513","1964576","d4c5be28625cabbeee76f783e2bd4afdc3f8295474b028dc7216904967e81513"
"xz-ljf","明永乐鎏金铜佛造像","西藏博物馆","西藏自治区","明","金银器","ai-legacy","ai-legacy","D-UNTRACED","/artifacts/xz-ljf.jpg","/artifacts/xz-ljf.jpg","","","","","","","","","","","","","","","99877","69bcd549d6af8af8c469366e6fe796ef192927a7cdbaa29d4c75259b93bf89a5","99877","69bcd549d6af8af8c469366e6fe796ef192927a7cdbaa29d4c75259b93bf89a5"
"xz-byj","吐蕃贝叶经","西藏博物馆","西藏自治区","唐","杂项","ai-legacy","ai-legacy","D-UNTRACED","/artifacts/xz-byj.jpg","/artifacts/xz-byj.jpg","","","","","","","","","","","","","","馆藏或研究线索，不是当前 AI 图的来源或授权证明；尚未取得可绑定到当前文物的开放许可文件。","70422","fbc64c1b2363c922ba83c6317f070b43a109afc7431b52e3c87327fdaaa07b53","70422","fbc64c1b2363c922ba83c6317f070b43a109afc7431b52e3c87327fdaaa07b53"
"xz-stg","新石器时代双体陶罐","西藏博物馆","西藏自治区","新石器时代","陶瓷","ai-legacy","ai-legacy","D-UNTRACED","/artifacts/xz-stg.jpg","/artifacts/xz-stg.jpg","","","","","","","","","","","","","","","58834","34d15e51e35374384c0df2509ce5d97e7e45e80eab1ab972b1461976eed67d69","58834","34d15e51e35374384c0df2509ce5d97e7e45e80eab1ab972b1461976eed67d69"
"hk-lsf","《洛神赋图》卷（北宋摹本）","香港故宫文化博物馆","香港特别行政区","北宋","书画","ai-legacy","ai-legacy","D-UNTRACED","/artifacts/hk-lsf.jpg","/artifacts/hk-lsf.jpg","https://www.hkpm.org.hk/sc/exhibition/the-making-of-masterpieces-chinese-painting-and-calligraphy-from-the-palace-museum","","","","","","","","","","","","","官方展览页表明作品归藏北京故宫；香港为借展场景，不应理解为香港永久馆藏。AI 图授权不因展览页存在而确认。","79463","28010bf973fce46192ed844c228ac5dc33c1bd5bcab9e2caa6330115cb2bcdd7","79463","28010bf973fce46192ed844c228ac5dc33c1bd5bcab9e2caa6330115cb2bcdd7"
"hk-hrz","北宋定窑白釉孩儿枕","香港故宫文化博物馆","香港特别行政区","北宋","陶瓷","ai","ai","D-UNTRACED","/artifacts-v2/p1/hk-hrz.png","/artifacts-v2/p1/hk-hrz.png","","","","","","","","","","","","artifact-v2-p1-2026-08-24","2026-08-24/2026-08-25","","1511579","4a435023095be1a5e941efe8b5cbb25979bb1084f16cbb3a852d180b88e37909","1511579","4a435023095be1a5e941efe8b5cbb25979bb1084f16cbb3a852d180b88e37909"
"hk-jgb","明永乐青花龙穿花纹扁瓶","香港故宫文化博物馆","香港特别行政区","明永乐","陶瓷","ai","source","C-SOURCE-PENDING","/artifacts-v2/p1/hk-jgb.png","/artifact-sources/official/hk-jgb.png","https://www.hkpm.org.hk/sc/visit/audio-guide/g3-clay-to-treasure","https://www.hkpm.org.hk/sc/visit/audio-guide/g3-clay-to-treasure","","","香港故宫文化博物馆 / 故宫博物院","","","pending","pending","2026-09-15","2026-09-15","artifact-v2-p1-2026-08-24","2026-08-24/2026-08-25","官方页面对应明永乐青花龙穿花纹扁瓶，标注 © 故宫博物院；未见开放许可，授权待核。","1811314","bb755728e761d203c0e9a61a78e55e400719c05b3b4c306594c96004ef545595","432101","2a68ca8c7c54fbc3049dbdb7cb102e587e1e355117723d7fe87bcd828426a7d5"
"xj-wxc","东汉“五星出东方利中国”锦护臂","新疆维吾尔自治区博物馆","新疆维吾尔自治区","东汉","织绣","ai-legacy","ai-legacy","D-UNTRACED","/artifacts/xj-wxc.jpg","/artifacts/xj-wxc.jpg","","","","","","","","","","","","","","","81365","a52ebaa3175895eb809a17abbfa927a7020c90d78a58f80e329869b1c1cd51e0","81365","a52ebaa3175895eb809a17abbfa927a7020c90d78a58f80e329869b1c1cd51e0"
"xj-fxnv","唐《伏羲女娲图》绢画","新疆维吾尔自治区博物馆","新疆维吾尔自治区","唐","书画","ai-legacy","ai-legacy","D-UNTRACED","/artifacts/xj-fxnv.jpg","/artifacts/xj-fxnv.jpg","https://museum.njucm.edu.cn/2023/1205/c6498a119173/page.htm","","","","","","","","","","","","","馆藏或研究线索，不是当前 AI 图的来源或授权证明；尚未取得可绑定到当前文物的开放许可文件。","85559","8910c6b5525d49ba88fbf3e9c5b5390428babf02cd3ba33e034d924b2e7c754a","85559","8910c6b5525d49ba88fbf3e9c5b5390428babf02cd3ba33e034d924b2e7c754a"
"xj-thy","唐彩绘天王踏鬼木俑","新疆维吾尔自治区博物馆","新疆维吾尔自治区","唐","杂项","ai-legacy","ai-legacy","D-UNTRACED","/artifacts/xj-thy.jpg","/artifacts/xj-thy.jpg","","","","","","","","","","","","","","","83535","9a5aaf00915a0975c3b37b9c1345885016c48d8f704806ee89b7f744d70fcbed","83535","9a5aaf00915a0975c3b37b9c1345885016c48d8f704806ee89b7f744d70fcbed"
"yn-jcn","宋大理国银鎏金镶珠金翅鸟","云南省博物馆","云南省","宋","金银器","ai","source","C-SOURCE-PENDING","/artifacts-v2/p2-source/yn-jcn.png","/artifacts/yn-jcn.jpg","","https://commons.wikimedia.org/wiki/File:%E5%A4%A7%E7%90%86%E5%B4%87%E5%9C%A3%E5%AF%BA%E5%8D%83%E5%AF%BB%E5%A1%94%E5%87%BA%E5%9C%9F-%E9%93%B6%E9%8E%8F%E9%87%91%E9%95%B6%E7%8F%A0%E9%87%91%E7%BF%85%E9%B8%9F-%E5%A4%A7%E7%90%86%E5%9B%BD-%E4%BA%91%E5%8D%97%E7%9C%81%E5%8D%9A%E7%89%A9%E9%A6%86_2025-09-18_04.jpg","大理崇圣寺千寻塔出土-银鎏金镶珠金翅鸟-大理国-云南省博物馆 2025-09-18 04.jpg","Kcx36","云南省博物馆","CC BY-SA 4.0","https://creativecommons.org/licenses/by-sa/4.0/","pending","pending","2026-09-15","2026-09-15","artifact-v2-p2-source-2026-08-27","2026-08-27","已读取逐文件说明与许可证区域；本地缩图与原始文件尚缺完整绑定证据，授权继续待核。","2084503","1bb06d7328a83587dc7822d2dc54e261e54826c3279397a6aeebe0eb77273906","125184","f33499df6ce356043c3815fbd6895861618a38adcce8376222c703c2b75ca24c"
"yn-dwy","西汉“滇王之印”金印","云南省博物馆","云南省","西汉","金银器","ai-legacy","ai-legacy","D-UNTRACED","/artifacts/yn-dwy.jpg","/artifacts/yn-dwy.jpg","","","","","","","","","","","","","","","69358","dbc804e0b7f9f39b65311756b53da9f6d852b7242b22a7831fa25bd6d561e6b0","69358","dbc804e0b7f9f39b65311756b53da9f6d852b7242b22a7831fa25bd6d561e6b0"
"yn-nha","战国牛虎铜案","云南省博物馆","云南省","战国","青铜器","ai-legacy","ai-legacy","D-UNTRACED","/artifacts/yn-nha.jpg","/artifacts/yn-nha.jpg","","","","","","","","","","","","","","","46505","caa3d2e6add09871c6ac4fc2f13283281bf42bbf30258778fe15e0005c5ede37","46505","caa3d2e6add09871c6ac4fc2f13283281bf42bbf30258778fe15e0005c5ede37"
"zj-sncy","河姆渡文化双鸟朝阳纹牙雕","浙江省博物馆","浙江省","新石器时代","杂项","ai-legacy","ai-legacy","D-UNTRACED","/artifacts/zj-sncy.jpg","/artifacts/zj-sncy.jpg","","","","","","","","","","","","","","","87799","92f6120f1eb58609b72014e09852682cd4d786a60390a917c25bd342f8d03961","87799","92f6120f1eb58609b72014e09852682cd4d786a60390a917c25bd342f8d03961"
"zj-fcst","黄公望《富春山居图·剩山图》","浙江省博物馆","浙江省","元","书画","ai","source","C-SOURCE-PENDING","/artifacts-v2/p2-source/zj-fcst.png","/artifacts/zj-fcst.jpg","","","","","","","","pending","pending","","","artifact-v2-p2-source-2026-08-27","2026-08-27","已检索到分类页线索，逐文件说明页读取失败；不据文件名或分类页页脚填写作者与许可。","1889453","9b98e3f52a23b02d76c9a0f5b16261c580d4ed3c62a64d3713e65d153623d781","87283","febf065b464e30c7221a621b9926ac89607a51d4b18dad6d12a42498ba7031ca"
"nb-wgj","清末民初万工轿","宁波博物院","浙江省","清末","漆器","ai","ai","B-OBJECT-REF","/artifacts-v2/ai-pending-20260923/nb-wgj.png","/artifacts-v2/ai-pending-20260923/nb-wgj.png","https://www.nbmuseum.cn/art/2020/9/1/art_20385_1225.html","","","","","","","","","","","quarantined-six-2026-09-23","2026-09-23","已核读宁波博物院万工轿资料，但未找到图像再利用许可；继续隔离旧浙江省博图与依赖图。 当前AI示意图仅据馆方文字生成，具体造型与细节继续待真品影像核验。","2628187","8bd32aa0b6d46fb82b398ea2a0f144e15e165bef01a168d29e7db5113dc6660c","2628187","8bd32aa0b6d46fb82b398ea2a0f144e15e165bef01a168d29e7db5113dc6660c"
"nb-htb","唐越窑划花卉海棠杯","宁波博物院","浙江省","晚唐","陶瓷","ai","ai","B-OBJECT-REF","/artifacts-v2/ai-pending-20260923/nb-htb.png","/artifacts-v2/ai-pending-20260923/nb-htb.png","https://www.nbmuseum.cn/art/2026/1/21/art_20384_8871.html","","","","","","","","","","","pending-five-2026-09-23","2026-09-23","宁波博物馆官方页面可核对器物，但未找到明确开放影像许可；不把馆方公开展示等同于可转载。","2263060","eca1bdf3f5bae04011a3c9649c8e4414915ceb81b610e9d1ac03f5539490df26","2263060","eca1bdf3f5bae04011a3c9649c8e4414915ceb81b610e9d1ac03f5539490df26"
"nb-hyz","唐越窑青瓷荷叶盏托","宁波博物院","浙江省","唐","陶瓷","ai-legacy","ai-legacy","D-UNTRACED","/artifacts/nb-hyz.jpg","/artifacts/nb-hyz.jpg","","","","","","","","","","","","","","","52170","ca7f74139753099212bb8aff14b81d92261cebaf02089584b550bbcd3a474a26","52170","ca7f74139753099212bb8aff14b81d92261cebaf02089584b550bbcd3a474a26"
"zj-aywt","五代吴越国鎏金银阿育王塔","浙江省博物馆","浙江省","五代","金银器","ai-legacy","ai-legacy","D-UNTRACED","/artifacts/zj-aywt.jpg","/artifacts/zj-aywt.jpg","","","","","","","","","","","","","","","94376","c6bf7f901c55d4550de325868b7830e28ae405e64297bb934693a181ce6b9c38","94376","c6bf7f901c55d4550de325868b7830e28ae405e64297bb934693a181ce6b9c38"
"nb-yrjd","战国羽人竞渡纹铜钺","宁波博物院","浙江省","战国","青铜器","ai-legacy","ai-legacy","D-UNTRACED","/artifacts/nb-yrjd.jpg","/artifacts/nb-yrjd.jpg","","","","","","","","","","","","","","","82095","dd4362868ef87e9de410f38c73d45310b2c91c8087236f6006460e928f7cfa89","82095","dd4362868ef87e9de410f38c73d45310b2c91c8087236f6006460e928f7cfa89"
