index,file,time,identification,confidence,inRegistry,label
"1","IMG_20250307_145936.jpg","145936","展览前言板","场景","","「曾世家」前言"
"2","IMG_20250307_145940.jpg","145940","展览标题板","场景","","曾世家——考古揭秘的曾国 / Zeng: a Mysterious State in Archaeological Discovery"
"3","IMG_20250307_150010.jpg","150010","曾仲斿父铜壶","确定","","曾仲斿父(yóu)父铜壶（方形壶，盖顶镂空花瓣立饰、双耳衔环）"
"4","IMG_20250307_150027.jpg","150027","垂鳞纹铜方卣","确定","","春秋早期；1970年随州均川熊家老湾出土"
"5","IMG_20250307_150037.jpg","150037","黄季嬴铜鼎","确定","","春秋早期；1972年随州均川熊家老湾出土；铭文「黄季作季嬴宝鼎，其万年子孙永宝用享」；可能为黄国女子嫁到曾国的陪嫁品"
"6","IMG_20250307_150135.jpg","150135","窃曲纹铜鼎","确定","","春秋早期；1966年京山苏家垄出土；九鼎之一，两件内壁铸「曾侯仲子斿父自作鼎彝」"
"7","IMG_20250307_150243.jpg","150243","曾侯與（?）伯? ?（复制品）","部分","","展签注明「（复制品）」，名称部分被裁切"
"8","IMG_20250307_150318.jpg","150318","曾子伯旁晨铜壶","确定","","春秋早期；2015年枣阳郭家庙墓地郭家庙区86号墓出土；盖顶铭文「曾子伯旁晨自作行器，其永祜福」"
"9","IMG_20250307_150333.jpg","150333","曾子伯旁晨铜鬲","确定","","春秋早期；2015年枣阳郭家庙墓地86号墓出土；口沿铭文「曾子伯旁晨行器」"
"10","IMG_20250307_150430.jpg","150430","曾侯谏铜鼎","确定","","西周早期；2011年随州叶家山墓地2号墓出土；铭文「曾侯谏作宝彝」"
"11","IMG_20250307_150445.jpg","150445","陈列柜场景（多件鼎、簋）","场景","",""
"12","IMG_20250307_150451.jpg","150451","青铜甗","可能","",""
"13","IMG_20250307_150515.jpg","150515","曾侯谏作媿铜肆壶","确定","","西周早期；2013年随州叶家山墓地28号墓出土；铭文「曾侯谏作媿肆壶」"
"14","IMG_20250307_150536.jpg","150536","郭家庙陶器组","场景","","展板「郭家庙周边的曾国城邑」"
"15","IMG_20250307_150602.jpg","150602","青铜匜","可能","",""
"16","IMG_20250307_150616.jpg","150616","陈列柜场景（铜鼎等）","场景","",""
"17","IMG_20250307_150638.jpg","150638","展板「曾国与其他国家的关系」","场景","","中英双语展板（非文物）"
"18","IMG_20250307_150718.jpg","150718","玛瑙串饰（两件珠环）＋悬挂饰件","可能","",""
"19","IMG_20250307_150753.jpg","150753","展板「曾侯乙墓出土文物铭文所见的曾国国君」","场景","","含曾侯與铜戟（上戈通长26.8、中戈18.5、下戈18厘米）与铜尊盘底部铭文（原「曾侯與」磨改刻为「曾侯乙作持用终」）"
"20","IMG_20250307_150937.jpg","150937","叶家山28号墓铜器与玉器组","可能","","一排小标签（铜钺、铜削刀等，2013年叶家山28号墓出土）"
"21","IMG_20250307_151005.jpg","151005","甬钟（编钟单件）","可能","",""
"22","IMG_20250307_151038.jpg","151038","带盖铜器（龙形盖钮、四龙形耳）#22–26 同一件多角度","很可能","",""
"23","IMG_20250307_151047.jpg","151047","同上（侧视）","很可能","",""
"24","IMG_20250307_151104.jpg","151104","同上（正面）","很可能","",""
"25","IMG_20250307_151108.jpg","151108","同上（另一侧）","很可能","",""
"26","IMG_20250307_151124.jpg","151124","同上（俯视局部）","很可能","",""
"27","IMG_20250307_151301.jpg","151301","三足带双翼铜器（形近爵／角类）","可能","",""
"28","IMG_20250307_151305.jpg","151305","陈列柜（三件小鼎＋弓形器）","场景","","展板「弓形器使用方法示意图」"
"29","IMG_20250307_151319.jpg","151319","青铜鼎（侧附短流？）","可能","",""
"30","IMG_20250307_151325.jpg","151325","同上（另一角度）","可能","",""
"31","IMG_20250307_151428.jpg","151428","青铜尊（扉棱、喇叭口）","可能","",""
"32","IMG_20250307_151439.jpg","151439","同上（仰视／另一角度）","可能","",""
"33","IMG_20250307_151511.jpg","151511","青铜带流器（疑盉／鎏类）","可能","",""
"34","IMG_20250307_151534.jpg","151534","甬钟（编钟组件）","很可能","",""
"35","IMG_20250307_151537.jpg","151537","曾侯與甬钟","确定","","春秋时期；2009年随州文峰塔墓地1号墓出土"
"36","IMG_20250307_151547.jpg","151547","铜簋（带盖、方座）","可能","",""
"37","IMG_20250307_151621.jpg","151621","带盖铜器（细密蟠虺纹／镂空）","可能","",""
"38","IMG_20250307_151639.jpg","151639","蟠螭纹铜缶（名称待核）","部分","","战国时期；出土信息字段未读全"
"39","IMG_20250307_151643.jpg","151643","牛钮铜盖鼎","确定","","战国中期；2012年随州文峰塔墓地18号墓出土；盖顶饰牛形钮"
"40","IMG_20250307_151711.jpg","151711","展板＋4件铜器","场景","","「成功从海外追索回国的『曾伯克父』青铜器组」"
"41","IMG_20250307_151726.jpg","151726","铜簋（带盖、双耳）","可能","",""
"42","IMG_20250307_152651.jpg","152651","特大型方形铜器（盖上环钮、四足，满饰蟠螭纹；疑铜鉴缶／冰鉴类）#42–45 同一件","很可能","",""
"43","IMG_20250307_152711.jpg","152711","同上（侧视）","很可能","",""
"44","IMG_20250307_152723.jpg","152723","同上（盖与器身）","很可能","",""
"45","IMG_20250307_152811.jpg","152811","同上（带小方孔）","很可能","",""
"46","IMG_20250307_152830.jpg","152830","金箔","确定","","展签「金箔 / Gold foil」"
"47","IMG_20250307_152914.jpg","152914","漆木器（黑漆朱绘，疑漆衣箱／漆盒）","可能","",""
"48","IMG_20250307_152946.jpg","152946","彩漆木雕龙纹盖豆","确定","","展签中英文名"
"49","IMG_20250307_152958.jpg","152958","彩漆木雕鸳鸯形盒","确定","","展签中英文名＋器物说明"
"50","IMG_20250307_153055.jpg","153055","带盖铜鼎＋圆形器","可能","",""
"51","IMG_20250307_153135.jpg","153135","素面玉琮","确定","","展签「素面玉琮 / Jade cong-tube」"
"52","IMG_20250307_153203.jpg","153203","玉首铜削刀","确定","","用于削去竹简墨书错误；曾侯乙墓东室出土4件之一；柄与玉环钮连接处作龙首形、嵌绿松石"
"53","IMG_20250307_153722.jpg","153722","楚子趠鼎（「趠」字待核）","确定","","春秋；1974年宜昌当阳电一1号墓出土"
"54","IMG_20250307_153724.jpg","153724","楚子趠鼎（另一角度）","确定","","春秋；1974年宜昌当阳电一1号墓出土"
"55","IMG_20250307_153735.jpg","153735","铜鼎（带盖）＋铜盆／鼎（一对）","可能","",""
"56","IMG_20250307_153759.jpg","153759","青铜马（多匹，疑铜车马组件）","可能","",""
"57","IMG_20250307_153841.jpg","153841","陈列柜（大量铜兵器：戈、矛、剑）","场景","",""
"58","IMG_20250307_153911.jpg","153911","陈列柜（成组铜鼎等礼器）","场景","",""
"59","IMG_20250307_153945.jpg","153945","曾侯乙编钟（编钟架全景）","确定","hub-zhy","站内已收录"
"60","IMG_20250307_154051.jpg","154051","析君铜戟","确定","","展签中英文名；说明涉及「曾侯乙」相关铭文"
"61","IMG_20250307_154321.jpg","154321","金元玉饰一组","场景","","可读部分：白玉团?折枝牡丹饰、青白玉秋山饰、青白玉?升?环饰（金元「春水／秋山」题材）"
"62","IMG_20250307_154338.jpg","154338","展柜内两件花形饰（配上方人物画像）","可能","",""
