"id","name","museum","grade","searchedAt","query","authorityUrl","authorityEvidenceStatus","matchEvidence","imageSourceUrl","sourceLicense","authorizationStatus","localAssetPath","localAssetSha256","recordedAssetSha256","recordedHashMatchesLocal","originalSha256","processingChain","modificationNote","originalFileDownloadedAndHashedThisRound","licenseEvidenceClosedThisRound","chainClosure","replacementDecision"
"ah-yqz","北宋景德镇窑影青注子温碗","安徽博物院","D-UNTRACED","2026-09-23","""北宋景德镇窑影青注子温碗"" ""安徽博物院"" 官方 馆藏","","no-validated-authority-page","本轮已按文物名+馆名逐件检索；未确认可直接引用的权威单件目录页。该空缺不是藏品不存在的证据。","","","not-assessed-ai-illustration","/artifacts/ah-yqz.jpg","8cb1f7e9a8c84b41a5ad5c7a9f48719e646e458cca3330e17f7aae9d15b88247","","","","","","","","","retain-ai-or-pending"
"ah-wgj","春秋吴王光鉴","安徽博物院","D-UNTRACED","2026-09-23","""春秋吴王光鉴"" ""安徽博物院"" 官方 馆藏","","no-validated-authority-page","本轮已按文物名+馆名逐件检索；未确认可直接引用的权威单件目录页。该空缺不是藏品不存在的证据。","","","not-assessed-ai-illustration","/artifacts/ah-wgj.jpg","7bb49116228e09dfb92171ca54440a6da79061c95b369dd05c1c92dd20b07a5d","","","","","","","","","retain-ai-or-pending"
"ah-czd","战国铸客大鼎（楚大鼎）","安徽博物院","D-UNTRACED","2026-09-23","""战国铸客大鼎（楚大鼎）"" ""安徽博物院"" 官方 馆藏","https://www.shouxian.gov.cn/zwzx/jrsz/8139363.html","match-supported","寿县政府页面明确称“铸客大鼎/楚大鼎”为安徽博物院镇馆之宝，并给出出土、尺寸、铭文等器物特征。","","","not-assessed-ai-illustration","/artifacts/ah-czd.jpg","4c074e5a535a508fdb3933535cf52c0d20f339ee860856f0be533e079f9c4129","","","","","","","","","retain-ai-or-pending"
"mo-wxh","清外销通草水彩画","澳门博物馆","D-UNTRACED","2026-09-23","""清外销通草水彩画"" ""澳门博物馆"" 官方 馆藏","","no-validated-authority-page","本轮已按文物名+馆名逐件检索；未确认可直接引用的权威单件目录页。该空缺不是藏品不存在的证据。","","","not-assessed-ai-illustration","/artifacts/mo-wxh.jpg","217a50428ad8e01c91fdbb90eba9f2b2eab9637bf3ed79d176b91fb2da50b40c","","","","","","","","","retain-ai-or-pending"
"gg-pft","《平复帖》","故宫博物院","C-SOURCE-PENDING","2026-09-23","核对来源文件页、许可说明及本地详情资源：https://commons.wikimedia.org/wiki/File:%E9%99%86%E6%9C%BA%E8%8D%89%E9%9A%B6%E5%B9%B3%E5%A4%8D%E5%B8%96%E5%8D%B7.png","","","已读取逐文件说明与许可证区域；本地缩图与原始文件尚缺完整绑定证据，授权继续待核。","https://commons.wikimedia.org/wiki/File:%E9%99%86%E6%9C%BA%E8%8D%89%E9%9A%B6%E5%B9%B3%E5%A4%8D%E5%B8%96%E5%8D%B7.png","PD-Art","pending","/artifacts/gg-pft.jpg","540f6438d1234270251db485632f53babca6a72dde39bb664e5acc527cba8dbf","540f6438d1234270251db485632f53babca6a72dde39bb664e5acc527cba8dbf","true","","","历史缩略图；原始裁切、压缩与下载链待复核。本次未改动图像像素。","false","false","open-missing-original-file-digest-and-source-to-derivative-proof","retain-current-pending"
"gg-qljs","《千里江山图》卷","故宫博物院","C-SOURCE-PENDING","2026-09-23","核对来源文件页、许可说明及本地详情资源：https://commons.wikimedia.org/wiki/File:%E7%8E%8B%E5%B8%8C%E5%AD%9F%E5%8D%83%E9%87%8C%E6%B1%9F%E5%B1%B1%E5%9B%BE%E5%8D%B7.png","","","已知高清原件本次仍连接超时；按用户指示跳过。","https://commons.wikimedia.org/wiki/File:%E7%8E%8B%E5%B8%8C%E5%AD%9F%E5%8D%83%E9%87%8C%E6%B1%9F%E5%B1%B1%E5%9B%BE%E5%8D%B7.png","PD-scan","pending","/artifacts/gg-qljs.jpg","ffa4af8f0fc545266a7432f65cf59e8a760edc0832f4bb770d0c392a7c6c5801","ffa4af8f0fc545266a7432f65cf59e8a760edc0832f4bb770d0c392a7c6c5801","true","","","历史缩略图；原始裁切、压缩与下载链待复核。本次未改动图像像素。","false","false","open-missing-original-file-digest-and-source-to-derivative-proof","retain-current-pending"
"gg-qmsh","《清明上河图》卷","故宫博物院","C-SOURCE-PENDING","2026-09-23","核对来源文件页、许可说明及本地详情资源：无来源页","","","用户高清分段已接入为同源局部卡片和画心阅卷版；未提供来源页和许可，授权继续pending。","","","pending","/artifact-sources/user-qingming/gg-qmsh-reading.jpg","52420153f1afc0c982a173354ed60cf56f8ca3685fe395956a349589e813b7c6","52420153f1afc0c982a173354ed60cf56f8ca3685fe395956a349589e813b7c6","true","","","第7—10段按画面接缝顺序拼接，末段保留至横坐标19000；等比缩小为16000×770网页浏览版，并派生WebP。未补缝、未调色、未锐化、未AI补绘；原始大图未改动。","false","false","open-missing-original-file-digest-and-source-to-derivative-proof","retain-current-pending"
"sb-bjl","伯矩鬲","首都博物馆","D-UNTRACED","2026-09-23","""伯矩鬲"" ""首都博物馆"" 官方 馆藏","https://www.capitalmuseum.org.cn/collection/d49fbc66d3094c1ab54b5d533954c2c3","match-supported","首都博物馆藏品页标题为“伯矩鬲”，记录1974年琉璃河251号墓出土、铭文与器物尺寸。","","","not-assessed-ai-illustration","/artifacts-v2/p1/sb-bjl.png","0b04e465fc5ff25500f12b80fb4b7eede18d502f02745d46035a9e5f9f7dd2f6","","","","","","","","","retain-ai-or-pending"
"gg-gzdc","各种釉彩大瓶","故宫博物院","D-UNTRACED","2026-09-23","""各种釉彩大瓶"" ""故宫博物院"" 官方 馆藏","https://www.dpm.org.cn/collection/ceramic/226759.html","match-supported","故宫藏品页以文物号故00154493标识“各种釉彩大瓶”，列出乾隆年代、尺寸及正反面/款识图。","","","not-assessed-ai-illustration","/artifacts-v2/p1/gg-gzdc.png","ceb7d27ef26bc7b50f685ebd0aa2fe7fcf6f0f7c37e1d9156b493599aaf105d2","","","","","","","","","retain-ai-or-pending"
"gb-hsyl","红山文化C形玉龙","中国国家博物馆","D-UNTRACED","2026-09-23","""红山文化C形玉龙"" ""中国国家博物馆"" 官方 馆藏","","no-validated-authority-page","本轮已按文物名+馆名逐件检索；未确认可直接引用的权威单件目录页。该空缺不是藏品不存在的证据。","","","not-assessed-ai-illustration","/artifacts/gb-hsyl.jpg","4c90a46a33e0fe5eda55930c9ae1c6ef4d1b3b880146e8a8f04de41516884862","","","","","","","","","retain-ai-or-pending"
"gb-hmwd","后母戊鼎","中国国家博物馆","C-SOURCE-PENDING","2026-09-23","核对来源文件页、许可说明及本地详情资源：https://commons.wikimedia.org/wiki/File:HouMuWuDingFullView.jpg","","","已读取逐文件说明与许可证区域；本地缩图与原始文件尚缺完整绑定证据，授权继续待核。","https://commons.wikimedia.org/wiki/File:HouMuWuDingFullView.jpg","CC BY-SA 3.0","pending","/artifacts/gb-hmwd.jpg","7f94efd9197da68da234eb978f79a27d62f6d0aa0c88c3839090e878968936ea","7f94efd9197da68da234eb978f79a27d62f6d0aa0c88c3839090e878968936ea","true","","","历史缩略图；原始裁切、压缩与下载链待复核。本次未改动图像像素。","false","false","open-missing-original-file-digest-and-source-to-derivative-proof","retain-current-pending"
"gb-jgs","击鼓说唱俑","中国国家博物馆","C-SOURCE-PENDING","2026-09-23","核对来源文件页、许可说明及本地详情资源：https://commons.wikimedia.org/wiki/File:Ceramic_figure_of_a_story-teller.jpg","","","已读取逐文件说明与许可证区域；本地缩图与原始文件尚缺完整绑定证据，授权继续待核。","https://commons.wikimedia.org/wiki/File:Ceramic_figure_of_a_story-teller.jpg","CC0 1.0","pending","/artifacts/gb-jgs.jpg","aea5d9d84b161d7b85dab8ff4dc34b05dc2cf670f0de81dcf91d2c1a9e6b0758","aea5d9d84b161d7b85dab8ff4dc34b05dc2cf670f0de81dcf91d2c1a9e6b0758","true","","","历史缩略图；原始裁切、压缩与下载链待复核。本次未改动图像像素。","false","false","open-missing-original-file-digest-and-source-to-derivative-proof","retain-current-pending"
"sb-jd","堇鼎","首都博物馆","D-UNTRACED","2026-09-23","""堇鼎"" ""首都博物馆"" 官方 馆藏","https://capitalmuseum.org.cn/collection/96e22dcba9ca4c52943ad07d2611bf96","match-supported","首都博物馆藏品页标题为“堇鼎”，记录253号墓出土、尺寸及铭文关联。","","","not-assessed-ai-illustration","/artifacts-v2/p1/sb-jd.png","6576b9593b20c3d9d65249141bed6da87f23bb5374ef7539245b0232e5802789","","","","","","","","","retain-ai-or-pending"
"gb-syz","四羊方尊","中国国家博物馆","C-SOURCE-PENDING","2026-09-23","核对来源文件页、许可说明及本地详情资源：https://commons.wikimedia.org/wiki/File:Square_zun_with_four_sheep_01.jpg","","","已读取逐文件说明与许可证区域；本地缩图与原始文件尚缺完整绑定证据，授权继续待核。","https://commons.wikimedia.org/wiki/File:Square_zun_with_four_sheep_01.jpg","CC BY-SA 3.0","pending","/artifacts/gb-syz.jpg","244a3b01198de4ca251cd4d1e0732d9eab34c9c54601d1fca7577108910b0b24","244a3b01198de4ca251cd4d1e0732d9eab34c9c54601d1fca7577108910b0b24","true","","","历史缩略图；原始裁切、压缩与下载链待复核。本次未改动图像像素。","false","false","open-missing-original-file-digest-and-source-to-derivative-proof","retain-current-pending"
"gb-jlfw","孝端皇后九龙九凤冠","中国国家博物馆","C-SOURCE-PENDING","2026-09-23","核对来源文件页、许可说明及本地详情资源：https://commons.wikimedia.org/wiki/File:%E5%AD%9D%E7%AB%AF%E6%98%BE%E7%9A%87%E5%90%8E%E4%B9%9D%E9%BE%99%E4%B9%9D%E5%87%A4%E5%86%A0.jpeg","","","已读取逐文件说明与许可证区域；本地缩图与原始文件尚缺完整绑定证据，授权继续待核。","https://commons.wikimedia.org/wiki/File:%E5%AD%9D%E7%AB%AF%E6%98%BE%E7%9A%87%E5%90%8E%E4%B9%9D%E9%BE%99%E4%B9%9D%E5%87%A4%E5%86%A0.jpeg","PD-self","pending","/artifacts/gb-jlfw.jpg","35db0fa195dfd37b811c1cd59ee79dced595cee803d7d537716c3e0934cf926c","35db0fa195dfd37b811c1cd59ee79dced595cee803d7d537716c3e0934cf926c","true","","","历史缩略图；原始裁切、压缩与下载链待复核。本次未改动图像像素。","false","false","open-missing-original-file-digest-and-source-to-derivative-proof","retain-current-pending"
"sb-qhbf","元青花凤首扁壶","首都博物馆","C-SOURCE-PENDING","2026-09-23","核对来源文件页、许可说明及本地详情资源：https://commons.wikimedia.org/wiki/File:%E6%99%AF%E5%BE%B7%E9%95%87%E7%AA%91%E9%9D%92%E8%8A%B1%E5%87%A4%E9%A6%96%E6%89%81%E5%A3%B609124.jpg","","","已读取逐文件说明与许可证区域；本地缩图与原始文件尚缺完整绑定证据，授权继续待核。","https://commons.wikimedia.org/wiki/File:%E6%99%AF%E5%BE%B7%E9%95%87%E7%AA%91%E9%9D%92%E8%8A%B1%E5%87%A4%E9%A6%96%E6%89%81%E5%A3%B609124.jpg","CC BY-SA 4.0","pending","/artifacts/sb-qhbf.jpg","f474a1121a335308657f487a31f7644ccaf6855bd1f4b25977df449130e494a8","f474a1121a335308657f487a31f7644ccaf6855bd1f4b25977df449130e494a8","true","","","历史缩略图；原始裁切、压缩与下载链待复核。本次未改动图像像素。","false","false","open-missing-original-file-digest-and-source-to-derivative-proof","retain-current-pending"
"cq-wyq","东汉乌杨石阙","重庆中国三峡博物馆","C-SOURCE-PENDING","2026-09-23","核对来源文件页、许可说明及本地详情资源：无来源页","","","已检索到分类页线索，逐文件说明页读取失败；不据文件名或分类页页脚填写作者与许可。","","","pending","/artifacts/cq-wyq.jpg","2972f50bc7e2864f8365291ed7db08ff7b87279827cd97fdb957420f9f9b909b","2972f50bc7e2864f8365291ed7db08ff7b87279827cd97fdb957420f9f9b909b","true","","","历史缩略图；原始裁切、压缩与下载链待复核。本次未改动图像像素。","false","false","open-missing-original-file-digest-and-source-to-derivative-proof","retain-current-pending"
"cq-hty","明唐寅临《韩熙载夜宴图》卷","重庆中国三峡博物馆","D-UNTRACED","2026-09-23","""明唐寅临《韩熙载夜宴图》卷"" ""重庆中国三峡博物馆"" 官方 馆藏","","no-validated-authority-page","本轮已按文物名+馆名逐件检索；未确认可直接引用的权威单件目录页。该空缺不是藏品不存在的证据。","","","not-assessed-ai-illustration","/artifacts/cq-hty.jpg","2279bb79b0129a15f7deb0394133e89589e169ded6dd53e40c3397c7a43ecaaf","","","","","","","","","retain-ai-or-pending"
"dz-mnt","南宋宝顶山牧牛图","大足石刻博物馆","D-UNTRACED","2026-09-23","""南宋宝顶山牧牛图"" ""大足石刻博物馆"" 官方 馆藏","","no-validated-authority-page","本轮已按文物名+馆名逐件检索；未确认可直接引用的权威单件目录页。该空缺不是藏品不存在的证据。","","","not-assessed-ai-illustration","/artifacts/dz-mnt.jpg","dfa75d4d7263b11414e98afa0b2252c45c0c6251bc402da4c3f7e03dbba5dea5","","","","","","","","","retain-ai-or-pending"
"dz-qsg","南宋宝顶山千手观音","大足石刻博物馆","C-SOURCE-PENDING","2026-09-23","核对来源文件页、许可说明及本地详情资源：https://commons.wikimedia.org/wiki/File:Avalokitesvara.jpg","","","已读取逐文件说明与许可证区域；本地缩图与原始文件尚缺完整绑定证据，授权继续待核。","https://commons.wikimedia.org/wiki/File:Avalokitesvara.jpg","CC BY-SA 3.0","pending","/artifacts/dz-qsg.jpg","9f38a8aa2856fb93f5918da11a14e96bbb59953d79cf24fe118586c6536b6a01","9f38a8aa2856fb93f5918da11a14e96bbb59953d79cf24fe118586c6536b6a01","true","","","历史缩略图；原始裁切、压缩与下载链待复核。本次未改动图像像素。","false","false","open-missing-original-file-digest-and-source-to-derivative-proof","retain-current-pending"
"dz-zlj","南宋北山转轮经藏窟造像","大足石刻博物馆","D-UNTRACED","2026-09-23","""南宋北山转轮经藏窟造像"" ""大足石刻博物馆"" 官方 馆藏","","no-validated-authority-page","本轮已按文物名+馆名逐件检索；未确认可直接引用的权威单件目录页。该空缺不是藏品不存在的证据。","","","not-assessed-ai-illustration","/artifacts/dz-zlj.jpg","7f336c55b68d1bb9ea942677b0dc5fc13abf6fec34caafd89e92f6504bb6723d","","","","","","","","","retain-ai-or-pending"
"cq-nxz","战国青铜鸟形尊","重庆中国三峡博物馆","D-UNTRACED","2026-09-23","""战国青铜鸟形尊"" ""重庆中国三峡博物馆"" 官方 馆藏","","no-validated-authority-page","本轮已按文物名+馆名逐件检索；未确认可直接引用的权威单件目录页。该空缺不是藏品不存在的证据。","","","not-assessed-ai-illustration","/artifacts/cq-nxz.jpg","bcd96387590dcfe8f902bb1dfe56ae19f71d258a892544cbf32cb4f18b17fd75","","","","","","","","","retain-ai-or-pending"
"fj-dhgy","明德化窑何朝宗款白釉观音像","福建博物院","D-UNTRACED","2026-09-23","""明德化窑何朝宗款白釉观音像"" ""福建博物院"" 官方 馆藏","","no-validated-authority-page","本轮已按文物名+馆名逐件检索；未确认可直接引用的权威单件目录页。该空缺不是藏品不存在的证据。","","","not-assessed-ai-illustration","/artifacts/fj-dhgy.jpg","a1c21a0789ffb95adb376bdd01c11d2d0cc8430c14a3e8c70b51df0202a1dbbd","","","","","","","","","retain-ai-or-pending"
"fj-jyz","南宋建窑黑釉兔毫盏","福建博物院","D-UNTRACED","2026-09-23","""南宋建窑黑釉兔毫盏"" ""福建博物院"" 官方 馆藏","","no-validated-authority-page","本轮已按文物名+馆名逐件检索；未确认可直接引用的权威单件目录页。该空缺不是藏品不存在的证据。","","","not-assessed-ai-illustration","/artifacts/fj-jyz.jpg","dafcf4e66dac7106c30cc65de9b716dae323844e5d56658d236f0f5376473736","","","","","","","","","retain-ai-or-pending"
"qz-hzc","南宋泉州湾后渚港沉船","泉州海外交通史博物馆","D-UNTRACED","2026-09-23","""南宋泉州湾后渚港沉船"" ""泉州海外交通史博物馆"" 官方 馆藏","","no-validated-authority-page","本轮已按文物名+馆名逐件检索；未确认可直接引用的权威单件目录页。该空缺不是藏品不存在的证据。","","","not-assessed-ai-illustration","/artifacts/qz-hzc.jpg","58a63dbbbe138d4744500cc27f94a2116d6d3c925d40f9fd6b0cb012bad83a07","","","","","","","","","retain-ai-or-pending"
"qz-jc","宋磁灶窑绿釉军持","泉州海外交通史博物馆","D-UNTRACED","2026-09-23","""宋磁灶窑绿釉军持"" ""泉州海外交通史博物馆"" 官方 馆藏","","no-validated-authority-page","本轮已按文物名+馆名逐件检索；未确认可直接引用的权威单件目录页。该空缺不是藏品不存在的证据。","","","not-assessed-ai-illustration","/artifacts/qz-jc.jpg","ebe80e599a6173d7b5fdc14192ad2844b8309dfbcaedb5094120f71a454e53a6","","","","","","","","","retain-ai-or-pending"
"fj-kql","五代孔雀蓝釉陶瓶","福建博物院","D-UNTRACED","2026-09-23","""五代孔雀蓝釉陶瓶"" ""福建博物院"" 官方 馆藏","","no-validated-authority-page","本轮已按文物名+馆名逐件检索；未确认可直接引用的权威单件目录页。该空缺不是藏品不存在的证据。","","","not-assessed-ai-illustration","/artifacts/fj-kql.jpg","2ed735895bf9439afefe89f1e59fc4f8ca25125de56b83ab1030d4dc3f2ebadd","","","","","","","","","retain-ai-or-pending"
"qz-mbs","元伊斯兰教阿拉伯文墓碑","泉州海外交通史博物馆","D-UNTRACED","2026-09-23","""元伊斯兰教阿拉伯文墓碑"" ""泉州海外交通史博物馆"" 官方 馆藏","","no-validated-authority-page","本轮已按文物名+馆名逐件检索；未确认可直接引用的权威单件目录页。该空缺不是藏品不存在的证据。","","","not-assessed-ai-illustration","/artifacts/qz-mbs.jpg","20638d793a95e81016516e0f1cb5cd1fd634cfdd92d1ed128412babd6fc3381c","","","","","","","","","retain-ai-or-pending"
"dh-jsl","北魏第257窟《九色鹿本生》壁画","敦煌研究院（莫高窟）","D-UNTRACED","2026-09-23","""北魏第257窟《九色鹿本生》壁画"" ""敦煌研究院（莫高窟）"" 官方 馆藏","","no-validated-authority-page","本轮已按文物名+馆名逐件检索；未确认可直接引用的权威单件目录页。该空缺不是藏品不存在的证据。","","","not-assessed-ai-illustration","/artifacts/dh-jsl.jpg","f257091d929fb0a7c8f12744e36043dfd1010cce369106673e44da76241d81af","","","","","","","","","retain-ai-or-pending"
"gs-tbm","东汉铜奔马（马踏飞燕）","甘肃省博物馆","D-UNTRACED","2026-09-23","""东汉铜奔马（马踏飞燕）"" ""甘肃省博物馆"" 官方 馆藏","","no-validated-authority-page","本轮已按文物名+馆名逐件检索；未确认可直接引用的权威单件目录页。该空缺不是藏品不存在的证据。","","","not-assessed-ai-illustration","/artifacts/gs-tbm.jpg","c9369e0b58b3d95707895aa2bbdfefeb93dba79d0a04c71fa6fbb55deeef30dc","","","","","","","","","retain-ai-or-pending"
"dh-swk","唐第45窟彩塑群像","敦煌研究院（莫高窟）","D-UNTRACED","2026-09-23","""唐第45窟彩塑群像"" ""敦煌研究院（莫高窟）"" 官方 馆藏","","no-validated-authority-page","本轮已按文物名+馆名逐件检索；未确认可直接引用的权威单件目录页。该空缺不是藏品不存在的证据。","","","not-assessed-ai-illustration","/artifacts/dh-swk.jpg","e18f030c24f0d06fec743e3c8d513601f46136812120e1decd917ea8587cfc0d","","","","","","","","","retain-ai-or-pending"
"dh-ft","唐飞天壁画","敦煌研究院（莫高窟）","D-UNTRACED","2026-09-23","""唐飞天壁画"" ""敦煌研究院（莫高窟）"" 官方 馆藏","","no-validated-authority-page","本轮已按文物名+馆名逐件检索；未确认可直接引用的权威单件目录页。该空缺不是藏品不存在的证据。","","","not-assessed-ai-illustration","/artifacts/dh-ft.jpg","f729b918163c6ef506c771852aa2b2cab7094d7dbcd989f7b8f9d938ae1c1208","","","","","","","","","retain-ai-or-pending"
"gs-yxt","魏晋驿使图画像砖","甘肃省博物馆","D-UNTRACED","2026-09-23","""魏晋驿使图画像砖"" ""甘肃省博物馆"" 官方 馆藏","https://www.dpm.org.cn/topic/zhongguo_compatible.html","match-supported","故宫专题页明确列出“魏晋驿使图画像砖，甘肃省博物馆藏”，并描述持棨传、驿马驰行等图像特征。","","","not-assessed-ai-illustration","/artifacts/gs-yxt.jpg","744c6ba7aa9e4916e584152190370066b1ac89cd67c3bfb6f845272b36c0be9e","","","","","","","","","retain-ai-or-pending"
"gs-rts","仰韶人头形器口彩陶瓶","甘肃省博物馆","D-UNTRACED","2026-09-23","""仰韶人头形器口彩陶瓶"" ""甘肃省博物馆"" 官方 馆藏","https://www.dpm.org.cn/topic/zhongguo_lifework.html","match-supported","故宫专题页明确列出甘肃省博物馆藏“人头形器口彩陶瓶”，并给出尺寸、材质与纹饰说明。","","","not-assessed-ai-illustration","/artifacts/gs-rts.jpg","8f3f2581a85a31459d99e3725e9fe250b84c3e2ac3ff77349a33932bb1eb0693","","","","","","","","","retain-ai-or-pending"
"gd-mlt","南宋陈容《墨龙图》轴","广东省博物馆","D-UNTRACED","2026-09-23","""南宋陈容《墨龙图》轴"" ""广东省博物馆"" 官方 馆藏","https://www.gdmuseum.org.cn/cn/col48/15818","match-supported","广东省博物馆页面明确说明南宋陈容《墨龙图》轴及其绢本构成、题识和画面特征。","","","not-assessed-ai-illustration","/artifacts/gd-mlt.jpg","c10cbf3a47e1f70b629a1c1b5ef818d2853498aa55b16b92fd077f38dd860b6b","","","","","","","","","retain-ai-or-pending"
"gd-qjy","清端石千金猴王砚","广东省博物馆","D-UNTRACED","2026-09-23","""清端石千金猴王砚"" ""广东省博物馆"" 官方 馆藏","","no-validated-authority-page","本轮已按文物名+馆名逐件检索；未确认可直接引用的权威单件目录页。该空缺不是藏品不存在的证据。","","","not-assessed-ai-illustration","/artifacts/gd-qjy.jpg","35acf5a848d8d710e287f224ed91ff534709e3cb8d5820a38b9f529fd33d64f8","","","","","","","","","retain-ai-or-pending"
"gd-dsk","清金漆木雕大神龛","广东省博物馆","D-UNTRACED","2026-09-23","""清金漆木雕大神龛"" ""广东省博物馆"" 官方 馆藏","","no-validated-authority-page","本轮已按文物名+馆名逐件检索；未确认可直接引用的权威单件目录页。该空缺不是藏品不存在的证据。","","","not-assessed-ai-illustration","/artifacts/gd-dsk.jpg","a68793a9d0c48aea2d75ec8e4ee11c8d3b3bf81323fcec4d9228889f1a4f75ee","","","","","","","","","retain-ai-or-pending"
"ny-wdx","西汉“文帝行玺”金印","南越王博物院","D-UNTRACED","2026-09-23","""西汉“文帝行玺”金印"" ""南越王博物院"" 官方 馆藏","","no-validated-authority-page","本轮已按文物名+馆名逐件检索；未确认可直接引用的权威单件目录页。该空缺不是藏品不存在的证据。","","","not-assessed-ai-illustration","/artifacts/ny-wdx.jpg","a11dd7ec72f0af4b48df60f48414c7b6df6eee7e80d4aa1c55bdb500046f2f50","","","","","","","","","retain-ai-or-pending"
"ny-jyb","西汉角形玉杯","南越王博物院","D-UNTRACED","2026-09-23","""西汉角形玉杯"" ""南越王博物院"" 官方 馆藏","","no-validated-authority-page","本轮已按文物名+馆名逐件检索；未确认可直接引用的权威单件目录页。该空缺不是藏品不存在的证据。","","","not-assessed-ai-illustration","/artifacts/ny-jyb.jpg","66fac003eb6be8d4337f1da90c48a37b30d0537cdf712f610128e1a60de6ab8f","","","","","","","","","retain-ai-or-pending"
"ny-sly","西汉丝缕玉衣","南越王博物院","D-UNTRACED","2026-09-23","""西汉丝缕玉衣"" ""南越王博物院"" 官方 馆藏","https://www.nywmuseum.org.cn/Collection/Details/dcjp?nid=56","match-supported","南越王博物院典藏页标题“丝缕玉衣”，载明西汉南越国、南越文王墓出土、全长173厘米及玉片构成。","","","not-assessed-ai-illustration","/artifacts/ny-sly.jpg","6be6dac3221ce8fe59ee761fc0712a82080493b8924006409748ad0f0f148faf","","","","","","","","","retain-ai-or-pending"
"gx-qht","西汉漆绘提梁铜筒","广西壮族自治区博物馆","D-UNTRACED","2026-09-23","""西汉漆绘提梁铜筒"" ""广西壮族自治区博物馆"" 官方 馆藏","","no-validated-authority-page","本轮已按文物名+馆名逐件检索；未确认可直接引用的权威单件目录页。该空缺不是藏品不存在的证据。","","","not-assessed-ai-illustration","/artifacts/gx-qht.jpg","ffe115fa0e6c38611c34f4544c0d79d0f31bc803732977d99bd58c41d09d94ed","","","","","","","","","retain-ai-or-pending"
"gx-xlt","西汉翔鹭纹铜鼓","广西壮族自治区博物馆","D-UNTRACED","2026-09-23","""西汉翔鹭纹铜鼓"" ""广西壮族自治区博物馆"" 官方 馆藏","","no-validated-authority-page","本轮已按文物名+馆名逐件检索；未确认可直接引用的权威单件目录页。该空缺不是藏品不存在的证据。","","","not-assessed-ai-illustration","/artifacts/gx-xlt.jpg","ecc2a1ec17ab893e52ecf21c56980de1d671d2577219c7cc3afa2754f6930337","","","","","","","","","retain-ai-or-pending"
"gx-yfd","西汉羽纹铜凤灯","广西壮族自治区博物馆","D-UNTRACED","2026-09-23","""西汉羽纹铜凤灯"" ""广西壮族自治区博物馆"" 官方 馆藏","","no-validated-authority-page","本轮已按文物名+馆名逐件检索；未确认可直接引用的权威单件目录页。该空缺不是藏品不存在的证据。","","","not-assessed-ai-illustration","/artifacts/gx-yfd.jpg","253a7ee40c08dbf955b8950b4a04bbbd6a586c6821115668ca7a6b4df42baed3","","","","","","","","","retain-ai-or-pending"
"gz-tcm","东汉铜车马","贵州省博物馆","D-UNTRACED","2026-09-23","""东汉铜车马"" ""贵州省博物馆"" 官方 馆藏","","no-validated-authority-page","本轮已按文物名+馆名逐件检索；未确认可直接引用的权威单件目录页。该空缺不是藏品不存在的证据。","","","not-assessed-ai-illustration","/artifacts/gz-tcm.jpg","441ee7cc1b182e0f9096d5f7dad5386909c0e3815349683f6a9edb328e41c573","","","","","","","","","retain-ai-or-pending"
"gz-yjg","明播州杨氏土司金凤冠","贵州省博物馆","D-UNTRACED","2026-09-23","""明播州杨氏土司金凤冠"" ""贵州省博物馆"" 官方 馆藏","","no-validated-authority-page","本轮已按文物名+馆名逐件检索；未确认可直接引用的权威单件目录页。该空缺不是藏品不存在的证据。","","","not-assessed-ai-illustration","/artifacts/gz-yjg.jpg","a02f38083edc84d74d722923d85256e39ead88eb90a719b8d9539673f0d2a13f","","","","","","","","","retain-ai-or-pending"
"gz-myg","清苗族银冠","贵州省博物馆","D-UNTRACED","2026-09-23","""清苗族银冠"" ""贵州省博物馆"" 官方 馆藏","","no-validated-authority-page","本轮已按文物名+馆名逐件检索；未确认可直接引用的权威单件目录页。该空缺不是藏品不存在的证据。","","","not-assessed-ai-illustration","/artifacts/gz-myg.jpg","874ae217193bc68e18f37c3d7d4625ae29f13ff58207a60331801a153f698281","","","","","","","","","retain-ai-or-pending"
"hain-hhl","明黄花梨圈椅","海南省博物馆","D-UNTRACED","2026-09-23","""明黄花梨圈椅"" ""海南省博物馆"" 官方 馆藏","","no-validated-authority-page","本轮已按文物名+馆名逐件检索；未确认可直接引用的权威单件目录页。该空缺不是藏品不存在的证据。","","","not-assessed-ai-illustration","/artifacts/hain-hhl.jpg","bdfcacf20dbf5bb87cae0dc460c8b676c3c08f88759b369ff83ad5d4517544b7","","","","","","","","","retain-ai-or-pending"
"hain-hgj","南宋华光礁I号沉船出水青白瓷","海南省博物馆","D-UNTRACED","2026-09-23","""南宋华光礁I号沉船出水青白瓷"" ""海南省博物馆"" 官方 馆藏","","no-validated-authority-page","本轮已按文物名+馆名逐件检索；未确认可直接引用的权威单件目录页。该空缺不是藏品不存在的证据。","","","not-assessed-ai-illustration","/artifacts/hain-hgj.jpg","cb9f02b8b00425529603b2bbfc503501246a486713937dcce15e4abf3c52d4c9","","","","","","","","","retain-ai-or-pending"
"hain-lj","清黎族龙被（织锦）","海南省博物馆","D-UNTRACED","2026-09-23","""清黎族龙被（织锦）"" ""海南省博物馆"" 官方 馆藏","","no-validated-authority-page","本轮已按文物名+馆名逐件检索；未确认可直接引用的权威单件目录页。该空缺不是藏品不存在的证据。","","","not-assessed-ai-illustration","/artifacts/hain-lj.jpg","2b3aa901a69d4faf7e588f11f637812f1a58a7eea492449196039359529f8b1c","","","","","","","","","retain-ai-or-pending"
"dz-jp","北宋定窑白釉刻花龙首净瓶","定州博物馆","D-UNTRACED","2026-09-23","""北宋定窑白釉刻花龙首净瓶"" ""定州博物馆"" 官方 馆藏","https://wenwu.hebei.gov.cn/system/2023/11/23/030264836.shtml","item-name-or-catalog-id-needs-resolution","河北省文物局页面指向定州博物馆，明确描述馆藏白釉刻花龙首大净瓶的器形、尺寸与考古背景；页面名称略异，需馆方目录号进一步锁定。","","","not-assessed-ai-illustration","/artifacts/dz-jp.jpg","23986f1a202705cd6f192c057c57d6e4d1eb22e511f15fe7e6cbad77bd319476","","","","","","","","","retain-ai-or-pending"
"hb-sjfa","错金银四龙四凤铜方案座","河北博物院","D-UNTRACED","2026-09-23","""错金银四龙四凤铜方案座"" ""河北博物院"" 官方 馆藏","","no-validated-authority-page","本轮已按文物名+馆名逐件检索；未确认可直接引用的权威单件目录页。该空缺不是藏品不存在的证据。","","","not-assessed-ai-illustration","/artifacts-v2/p1/hb-sjfa.png","0ef9abbd089597d13aaf9bd0f1b6b9443325ca85f2d14c14829dde121d1c1cf3","","","","","","","","","retain-ai-or-pending"
"dz-lgd","东汉龙螭衔环谷纹青玉璧","定州博物馆","D-UNTRACED","2026-09-23","""东汉龙螭衔环谷纹青玉璧"" ""定州博物馆"" 官方 馆藏","","no-validated-authority-page","本轮已按文物名+馆名逐件检索；未确认可直接引用的权威单件目录页。该空缺不是藏品不存在的证据。","","","not-assessed-ai-illustration","/artifacts/dz-lgd.jpg","eb323d2eb27203f3625c79caca1ce7c9ceee8d3c387870d5d23af3765aa10643","","","","","","","","","retain-ai-or-pending"
"dz-yzp","东汉透雕神仙故事玉座屏","定州博物馆","D-UNTRACED","2026-09-23","""东汉透雕神仙故事玉座屏"" ""定州博物馆"" 官方 馆藏","","no-validated-authority-page","本轮已按文物名+馆名逐件检索；未确认可直接引用的权威单件目录页。该空缺不是藏品不存在的证据。","","","not-assessed-ai-illustration","/artifacts/dz-yzp.jpg","4e2eb2b345a834c301b8c5760022391d7a7e5687c5fdebe42aaefa7e5e241fff","","","","","","","","","retain-ai-or-pending"
"hb-jly","刘胜金缕玉衣","河北博物院","C-SOURCE-PENDING","2026-09-23","核对来源文件页、许可说明及本地详情资源：https://commons.wikimedia.org/wiki/File:Jin_Lv_Yu_Yi_of_Liusheng%2C_Han_Dynasty%2CChina_(Hebei_Museum).jpg","","","已读取逐文件说明与许可证区域；本地缩图与原始文件尚缺完整绑定证据，授权继续待核。","https://commons.wikimedia.org/wiki/File:Jin_Lv_Yu_Yi_of_Liusheng%2C_Han_Dynasty%2CChina_(Hebei_Museum).jpg","PD-self","pending","/artifacts/hb-jly.jpg","cab1b60deb2ccc9eebe3e3ac0bceff8fa42089354fab209f41dec1ed0fd8e212","cab1b60deb2ccc9eebe3e3ac0bceff8fa42089354fab209f41dec1ed0fd8e212","true","","","历史缩略图；原始裁切、压缩与下载链待复核。本次未改动图像像素。","false","false","open-missing-original-file-digest-and-source-to-derivative-proof","retain-current-pending"
"kf-tmj","北宋《开封府题名记》碑","开封市博物馆","D-UNTRACED","2026-09-23","""北宋《开封府题名记》碑"" ""开封市博物馆"" 官方 馆藏","","no-validated-authority-page","本轮已按文物名+馆名逐件检索；未确认可直接引用的权威单件目录页。该空缺不是藏品不存在的证据。","","","not-assessed-ai-illustration","/artifacts/kf-tmj.jpg","07c62ba0e0a7f2d9ee9c708645ea696c510779a2efedc06d8a7296d9945c4248","","","","","","","","","retain-ai-or-pending"
"kf-dsb","北宋大晟编钟","开封市博物馆","D-UNTRACED","2026-09-23","""北宋大晟编钟"" ""开封市博物馆"" 官方 馆藏","","no-validated-authority-page","本轮已按文物名+馆名逐件检索；未确认可直接引用的权威单件目录页。该空缺不是藏品不存在的证据。","","","not-assessed-ai-illustration","/artifacts/kf-dsb.jpg","24417de50ea342faf67de378739caa102f257c6dde219d07463df20dc43818f5","","","","","","","","","retain-ai-or-pending"
"kf-khc","北魏孔惠超石造像","开封市博物馆","C-SOURCE-PENDING","2026-09-23","核对来源文件页、许可说明及本地详情资源：无来源页","","","已检索到分类页线索，逐文件说明页读取失败；不据文件名或分类页页脚填写作者与许可。","","","pending","/artifacts/kf-khc.jpg","1549903999b60dec4a87c97176b3f55324d7724d0b5cc76c5e4bfa87baff4e09","1549903999b60dec4a87c97176b3f55324d7724d0b5cc76c5e4bfa87baff4e09","true","","","历史缩略图；原始裁切、压缩与下载链待复核。本次未改动图像像素。","false","false","open-missing-original-file-digest-and-source-to-derivative-proof","retain-current-pending"
"ly-byb","曹魏白玉杯","洛阳博物馆","D-UNTRACED","2026-09-23","""曹魏白玉杯"" ""洛阳博物馆"" 官方 馆藏","","no-validated-authority-page","本轮已按文物名+馆名逐件检索；未确认可直接引用的权威单件目录页。该空缺不是藏品不存在的证据。","","","not-assessed-ai-illustration","/artifacts/ly-byb.jpg","9082377bc76e69243496c071733e3dee4a810adedf364b31f65adcec9bf74927","","","","","","","","","retain-ai-or-pending"
"hn-lhfh","春秋莲鹤方壶","河南博物院","C-SOURCE-PENDING","2026-09-23","核对来源文件页、许可说明及本地详情资源：https://commons.wikimedia.org/wiki/File:20260408_Rectangular_Pot_with_Lotus_Petal_Cover_and_Crane_Decoration_01.jpg","","","已读取逐文件说明与许可证区域；本地缩图与原始文件尚缺完整绑定证据，授权继续待核。","https://commons.wikimedia.org/wiki/File:20260408_Rectangular_Pot_with_Lotus_Petal_Cover_and_Crane_Decoration_01.jpg","CC BY-SA 4.0","pending","/artifacts/hn-lhfh.jpg","c5619ad31955241e167d55ed63191688d793d0406c8b1fffcdc661dec0b8ea84","c5619ad31955241e167d55ed63191688d793d0406c8b1fffcdc661dec0b8ea84","true","","","历史缩略图；原始裁切、压缩与下载链待复核。本次未改动图像像素。","false","false","open-missing-original-file-digest-and-source-to-derivative-proof","retain-current-pending"
"ly-sbx","东汉石辟邪","洛阳博物馆","D-UNTRACED","2026-09-23","""东汉石辟邪"" ""洛阳博物馆"" 官方 馆藏","","no-validated-authority-page","本轮已按文物名+馆名逐件检索；未确认可直接引用的权威单件目录页。该空缺不是藏品不存在的证据。","","","not-assessed-ai-illustration","/artifacts/ly-sbx.jpg","521160f071cac2e667d862a9eeaea29e22b064775b14bf89f24623ef3d9360bf","","","","","","","","","retain-ai-or-pending"
"hn-jhg","贾湖骨笛","河南博物院","C-SOURCE-PENDING","2026-09-23","核对来源文件页、许可说明及本地详情资源：https://commons.wikimedia.org/wiki/File:%E8%B4%BE%E6%B9%96%E9%AA%A8%E7%AC%9B_%E7%AB%96.jpg","","","已读取逐文件说明与许可证区域；本地缩图与原始文件尚缺完整绑定证据，授权继续待核。","https://commons.wikimedia.org/wiki/File:%E8%B4%BE%E6%B9%96%E9%AA%A8%E7%AC%9B_%E7%AB%96.jpg","CC BY-SA 4.0","pending","/artifacts/hn-jhg.jpg","703eebceddac5fc8330a62b8c0c3c106d26b82d8863a3358466e8c18496c6e1f","703eebceddac5fc8330a62b8c0c3c106d26b82d8863a3358466e8c18496c6e1f","true","","","历史缩略图；原始裁切、压缩与下载链待复核。本次未改动图像像素。","false","false","open-missing-original-file-digest-and-source-to-derivative-proof","retain-current-pending"
"yx-jg","刻辞卜骨（甲骨）","殷墟博物馆","D-UNTRACED","2026-09-23","""刻辞卜骨（甲骨）"" ""殷墟博物馆"" 官方 馆藏","","no-validated-authority-page","本轮已按文物名+馆名逐件检索；未确认可直接引用的权威单件目录页。该空缺不是藏品不存在的证据。","","","not-assessed-ai-illustration","/artifacts-v2/p1/yx-jg.png","706d51f2973313b904ba8a4ff8ae3a19d5a9348f064d85b4492a8e1e43b6c48d","","","","","","","","","retain-ai-or-pending"
"hn-fhxz","商代妇好鸮尊","河南博物院","C-SOURCE-PENDING","2026-09-23","核对来源文件页、许可说明及本地详情资源：https://commons.wikimedia.org/wiki/File:20260408_Bronze_Owl-Shaped_Zun_with_Inscriptions_of_Fu_Hao.jpg","","","来源页照片含两件鸮尊，前方为河南博物院、后方为中国国家博物馆；不能把整张照片都称为河南单件馆藏。当前文件绑定仍待核。","https://commons.wikimedia.org/wiki/File:20260408_Bronze_Owl-Shaped_Zun_with_Inscriptions_of_Fu_Hao.jpg","CC BY-SA 4.0","pending","/artifacts/hn-fhxz.jpg","886df4fd7158ca6d8a38d41a3ea79dc9db09630b9cce6ea274babdbb0f10cea7","886df4fd7158ca6d8a38d41a3ea79dc9db09630b9cce6ea274babdbb0f10cea7","true","","","历史缩略图；原始裁切、压缩与下载链待复核。本次未改动图像像素。","false","false","open-missing-original-file-digest-and-source-to-derivative-proof","retain-current-pending"
"yx-sxd","商代司母辛鼎","殷墟博物馆","D-UNTRACED","2026-09-23","""商代司母辛鼎"" ""殷墟博物馆"" 官方 馆藏","","no-validated-authority-page","本轮已按文物名+馆名逐件检索；未确认可直接引用的权威单件目录页。该空缺不是藏品不存在的证据。","","","not-assessed-ai-illustration","/artifacts/yx-sxd.jpg","94e672c3e664a933f119fdec1818a5783f25532fee344334fb8c068e037b86b7","","","","","","","","","retain-ai-or-pending"
"yx-yz","商代亚长牛尊","殷墟博物馆","D-UNTRACED","2026-09-23","""商代亚长牛尊"" ""殷墟博物馆"" 官方 馆藏","","no-validated-authority-page","本轮已按文物名+馆名逐件检索；未确认可直接引用的权威单件目录页。该空缺不是藏品不存在的证据。","","","not-assessed-ai-illustration","/artifacts/yx-yz.jpg","73e6e01560c4f8c72b1a0c647d7a177fea105c75fbd803208584313f6c32740e","","","","","","","","","retain-ai-or-pending"
"ly-hym","唐三彩黑釉马","洛阳博物馆","D-UNTRACED","2026-09-23","""唐三彩黑釉马"" ""洛阳博物馆"" 官方 馆藏","","no-validated-authority-page","本轮已按文物名+馆名逐件检索；未确认可直接引用的权威单件目录页。该空缺不是藏品不存在的证据。","","","not-assessed-ai-illustration","/artifacts/ly-hym.jpg","11e085b8566fca835f68ae4dbd96baf3a756f39f4e99bf87049555acc94b5711","","","","","","","","","retain-ai-or-pending"
"hn-wzt","唐武则天金简","河南博物院","D-UNTRACED","2026-09-23","""唐武则天金简"" ""河南博物院"" 官方 馆藏","","no-validated-authority-page","本轮已按文物名+馆名逐件检索；未确认可直接引用的权威单件目录页。该空缺不是藏品不存在的证据。","","","not-assessed-ai-illustration","/artifacts-v2/p1/hn-wzt.png","4bf1e3e30365c8da5922af70ac2a7203598ffcd591d611cab0c85d46ff61ada0","","","","","","","","","retain-ai-or-pending"
"hlj-tzl","金代铜坐龙","黑龙江省博物馆","C-SOURCE-PENDING","2026-09-23","核对来源文件页、许可说明及本地详情资源：https://commons.wikimedia.org/wiki/File:%E9%93%9C%E5%9D%90%E9%BE%99-4.jpg","","","已读取逐文件说明与许可证区域；本地缩图与原始文件尚缺完整绑定证据，授权继续待核。","https://commons.wikimedia.org/wiki/File:%E9%93%9C%E5%9D%90%E9%BE%99-4.jpg","CC BY-SA 4.0","pending","/artifacts/hlj-tzl.jpg","60d97e5e0fc42bd0a08c984aef36b09eaa2bf39816f3e6d6156ae81df937fc52","60d97e5e0fc42bd0a08c984aef36b09eaa2bf39816f3e6d6156ae81df937fc52","true","","","历史缩略图；原始裁切、压缩与下载链待复核。本次未改动图像像素。","false","false","open-missing-original-file-digest-and-source-to-derivative-proof","retain-current-pending"
"hlj-gys","新石器时代桂叶形石矛","黑龙江省博物馆","D-UNTRACED","2026-09-23","""新石器时代桂叶形石矛"" ""黑龙江省博物馆"" 官方 馆藏","","no-validated-authority-page","本轮已按文物名+馆名逐件检索；未确认可直接引用的权威单件目录页。该空缺不是藏品不存在的证据。","","","not-assessed-ai-illustration","/artifacts-v2/p1/hlj-gys.png","7786922b643b8492316a4b092e0e6543406ab25f5d356ce8006e1651dff15c84","","","","","","","","","retain-ai-or-pending"
"hub-ywj","春秋越王勾践剑","湖北省博物馆","D-UNTRACED","2026-09-23","""春秋越王勾践剑"" ""湖北省博物馆"" 官方 馆藏","","no-validated-authority-page","本轮已按文物名+馆名逐件检索；未确认可直接引用的权威单件目录页。该空缺不是藏品不存在的证据。","","","not-assessed-ai-illustration","/artifacts-v2/p1/hub-ywj.png","accb01547c22de0d309b4e61d7163a4b9efbbde83564e261cb13f90ea9cd17f4","","","","","","","","","retain-ai-or-pending"
"hub-sat","元青花四爱图梅瓶","湖北省博物馆","D-UNTRACED","2026-09-23","""元青花四爱图梅瓶"" ""湖北省博物馆"" 官方 馆藏","","no-validated-authority-page","本轮已按文物名+馆名逐件检索；未确认可直接引用的权威单件目录页。该空缺不是藏品不存在的证据。","","","not-assessed-ai-illustration","/artifacts/hub-sat.jpg","29af14d88479832547c6ec638fdc20232040891b5b817efb44ac9746059a302c","","","","","","","","","retain-ai-or-pending"
"hub-qj","云梦睡虎地秦简","湖北省博物馆","D-UNTRACED","2026-09-23","""云梦睡虎地秦简"" ""湖北省博物馆"" 官方 馆藏","","no-validated-authority-page","本轮已按文物名+馆名逐件检索；未确认可直接引用的权威单件目录页。该空缺不是藏品不存在的证据。","","","not-assessed-ai-illustration","/artifacts/hub-qj.jpg","c848840a0f371247466cf7226149ea80d95962eb8073ec0c243066d44507c422","","","","","","","","","retain-ai-or-pending"
"hub-zhy","战国曾侯乙编钟","湖北省博物馆","D-UNTRACED","2026-09-23","""战国曾侯乙编钟"" ""湖北省博物馆"" 官方 馆藏","https://www.hbww.org.cn/zgzb/p/4695.html","match-supported","湖北省博物馆镇馆之宝藏品页标题为“曾侯乙编钟”，记载曾侯乙墓出土、65件编钟及铭文特征。","","","not-assessed-ai-illustration","/artifacts-v2/p1/hub-zhy.png","f55af4e78a03852b704e1e8678d7c664b5a6f5d0d94eae0d2426363a47e12225","","","","","","","","","retain-ai-or-pending"
"hub-zp","战国曾侯乙尊盘","湖北省博物馆","D-UNTRACED","2026-09-23","""战国曾侯乙尊盘"" ""湖北省博物馆"" 官方 馆藏","","no-validated-authority-page","本轮已按文物名+馆名逐件检索；未确认可直接引用的权威单件目录页。该空缺不是藏品不存在的证据。","","","not-assessed-ai-illustration","/artifacts/hub-zp.jpg","922aadeb6c973a8baff21a2ab5c5b660cbbf457bcafc6ec3fc4d339ccbe0dcd7","","","","","","","","","retain-ai-or-pending"
"jz-lfh","战国龙凤虎纹绣罗","荆州博物馆","D-UNTRACED","2026-09-23","""战国龙凤虎纹绣罗"" ""荆州博物馆"" 官方 馆藏","","no-validated-authority-page","本轮已按文物名+馆名逐件检索；未确认可直接引用的权威单件目录页。该空缺不是藏品不存在的证据。","","","not-assessed-ai-illustration","/artifacts/jz-lfh.jpg","0a648131e019797cb62861a1dbb2e5f2f15a37587a931c32baa506dae0b7a983","","","","","","","","","retain-ai-or-pending"
"jz-hnjg","战国漆木虎座鸟架鼓","荆州博物馆","D-UNTRACED","2026-09-23","""战国漆木虎座鸟架鼓"" ""荆州博物馆"" 官方 馆藏","","no-validated-authority-page","本轮已按文物名+馆名逐件检索；未确认可直接引用的权威单件目录页。该空缺不是藏品不存在的证据。","","","not-assessed-ai-illustration","/artifacts/jz-hnjg.jpg","af0f9ce72028d781fa8b302b7e0dbe6ab89a467424b4e0c5df0f6e70f6f746d1","","","","","","","","","retain-ai-or-pending"
"jz-yzj","战国越王州句剑","荆州博物馆","C-SOURCE-PENDING","2026-09-23","核对来源文件页、许可说明及本地详情资源：https://commons.wikimedia.org/wiki/File:%E8%B6%8A%E7%8E%8B%E5%B7%9E%E5%8F%A5%E5%89%91_03.jpg","","","已读取逐文件说明与许可证区域；本地缩图与原始文件尚缺完整绑定证据，授权继续待核。","https://commons.wikimedia.org/wiki/File:%E8%B6%8A%E7%8E%8B%E5%B7%9E%E5%8F%A5%E5%89%91_03.jpg","CC BY 4.0","pending","/artifacts/jz-yzj.jpg","87ee793e569dc8e608da92354b052e7ec49ae8d13685655d5586eb2b03535f98","87ee793e569dc8e608da92354b052e7ec49ae8d13685655d5586eb2b03535f98","true","","","历史缩略图；原始裁切、压缩与下载链待复核。本次未改动图像像素。","false","false","open-missing-original-file-digest-and-source-to-derivative-proof","retain-current-pending"
"cs-dhj","东汉五一广场简牍","长沙简牍博物馆","D-UNTRACED","2026-09-23","""东汉五一广场简牍"" ""长沙简牍博物馆"" 官方 馆藏","","no-validated-authority-page","本轮已按文物名+馆名逐件检索；未确认可直接引用的权威单件目录页。该空缺不是藏品不存在的证据。","","","not-assessed-ai-illustration","/artifacts/cs-dhj.jpg","e351839b43bd2ba819cc3002bf325070ce1a3fae394d9458c78288f70e2923f2","","","","","","","","","retain-ai-or-pending"
"cs-zml","三国长沙走马楼吴简","长沙简牍博物馆","D-UNTRACED","2026-09-23","""三国长沙走马楼吴简"" ""长沙简牍博物馆"" 官方 馆藏","","no-validated-authority-page","本轮已按文物名+馆名逐件检索；未确认可直接引用的权威单件目录页。该空缺不是藏品不存在的证据。","","","not-assessed-ai-illustration","/artifacts/cs-zml.jpg","4c689150307600625c4e5797ab65d36ffc0646caa6a4381e9c6c34a227b90a41","","","","","","","","","retain-ai-or-pending"
"hun-dhd","商代大禾人面纹方鼎","湖南博物院","D-UNTRACED","2026-09-23","""商代大禾人面纹方鼎"" ""湖南博物院"" 官方 馆藏","","no-validated-authority-page","本轮已按文物名+馆名逐件检索；未确认可直接引用的权威单件目录页。该空缺不是藏品不存在的证据。","","","not-assessed-ai-illustration","/artifacts/hun-dhd.jpg","fa6bbc72b9c53799e9b3d2b7c9789359f3245213b44229bf12a4c2d1be3cdfad","","","","","","","","","retain-ai-or-pending"
"hun-mfl","商代皿方罍","湖南博物院","D-UNTRACED","2026-09-23","""商代皿方罍"" ""湖南博物院"" 官方 馆藏","","no-validated-authority-page","本轮已按文物名+馆名逐件检索；未确认可直接引用的权威单件目录页。该空缺不是藏品不存在的证据。","","","not-assessed-ai-illustration","/artifacts/hun-mfl.jpg","447434b69429acb36f634b3ab3ff9cbcbbd5889072ab3e8196bb7832a427eb48","","","","","","","","","retain-ai-or-pending"
"hun-tbh","西汉马王堆T形帛画","湖南博物院","C-SOURCE-PENDING","2026-09-23","核对来源文件页、许可说明及本地详情资源：https://commons.wikimedia.org/wiki/File:Bani%C3%A8re_fun%C3%A9raire%2C_peinture_sur_soie%2C_Chine.jpg","","","已读取逐文件说明与许可证区域；本地缩图与原始文件尚缺完整绑定证据，授权继续待核。","https://commons.wikimedia.org/wiki/File:Bani%C3%A8re_fun%C3%A9raire%2C_peinture_sur_soie%2C_Chine.jpg","PD-Art","pending","/artifacts/hun-tbh.jpg","3c5c3613eba8479354f45ed6edeff946a52f96777d9a8feb696c814de2e88454","3c5c3613eba8479354f45ed6edeff946a52f96777d9a8feb696c814de2e88454","true","","","历史缩略图；原始裁切、压缩与下载链待复核。本次未改动图像像素。","false","false","open-missing-original-file-digest-and-source-to-derivative-proof","retain-current-pending"
"hun-ssd","西汉素纱襌衣","湖南博物院","C-SOURCE-PENDING","2026-09-23","核对来源文件页、许可说明及本地详情资源：https://commons.wikimedia.org/wiki/File:Plain_Unlined_Silk_Gauze_Gown%2C_Hunan_Museum%2C_picture2.jpg","","","已读取逐文件说明与许可证区域；本地缩图与原始文件尚缺完整绑定证据，授权继续待核。","https://commons.wikimedia.org/wiki/File:Plain_Unlined_Silk_Gauze_Gown%2C_Hunan_Museum%2C_picture2.jpg","CC0 1.0","pending","/artifacts/hun-ssd.jpg","47c7ca323c74e6dc3780aafccceaa237e9033b8b70d8d122c218aeb78fe9a889","47c7ca323c74e6dc3780aafccceaa237e9033b8b70d8d122c218aeb78fe9a889","true","","","历史缩略图；原始裁切、压缩与下载链待复核。本次未改动图像像素。","false","false","open-missing-original-file-digest-and-source-to-derivative-proof","retain-current-pending"
"jl-ljm","夫余鎏金铜面具","吉林省博物院","D-UNTRACED","2026-09-23","""夫余鎏金铜面具"" ""吉林省博物院"" 官方 馆藏","","no-validated-authority-page","本轮已按文物名+馆名逐件检索；未确认可直接引用的权威单件目录页。该空缺不是藏品不存在的证据。","","","not-assessed-ai-illustration","/artifacts/jl-ljm.jpg","37fda895a9d3aa5e2266c9865f61291ae1834715761835d737efd23db68e3226","","","","","","","","","retain-ai-or-pending"
"jl-efj","苏轼《洞庭春色赋·中山松醪赋》卷","吉林省博物院","D-UNTRACED","2026-09-23","""苏轼《洞庭春色赋·中山松醪赋》卷"" ""吉林省博物院"" 官方 馆藏","","no-validated-authority-page","本轮已按文物名+馆名逐件检索；未确认可直接引用的权威单件目录页。该空缺不是藏品不存在的证据。","","","not-assessed-ai-illustration","/artifacts/jl-efj.jpg","bfb444c0b52fa419fb0b289a7e15549d84a5fd01207aa51056b7d85680a0c22e","","","","","","","","","retain-ai-or-pending"
"jl-wjg","张瑀《文姬归汉图》卷","吉林省博物院","D-UNTRACED","2026-09-23","""张瑀《文姬归汉图》卷"" ""吉林省博物院"" 官方 馆藏","","no-validated-authority-page","本轮已按文物名+馆名逐件检索；未确认可直接引用的权威单件目录页。该空缺不是藏品不存在的证据。","","","not-assessed-ai-illustration","/artifacts/jl-wjg.jpg","db2d630276a95a5dd569986ba374f4e2a0caf9065b885c6812a9978267470947","","","","","","","","","retain-ai-or-pending"
"sz-jx","北宋嵌螺钿人物花鸟纹经箱","苏州博物馆","D-UNTRACED","2026-09-23","""北宋嵌螺钿人物花鸟纹经箱"" ""苏州博物馆"" 官方 馆藏","","no-validated-authority-page","本轮已按文物名+馆名逐件检索；未确认可直接引用的权威单件目录页。该空缺不是藏品不存在的证据。","","","not-assessed-ai-illustration","/artifacts/sz-jx.jpg","b0299614f8b55349bf6a405579be7e7b3a3246977b893b2b173630ca07171973","","","","","","","","","retain-ai-or-pending"
"sz-bz","北宋真珠舍利宝幢","苏州博物馆","C-SOURCE-PENDING","2026-09-23","核对来源文件页、许可说明及本地详情资源：无来源页","","","已检索到分类页线索，逐文件说明页读取失败；不据文件名或分类页页脚填写作者与许可。","","","pending","/artifacts/sz-bz.jpg","8ffa301c154d64cc4b80a0473c90cbb9ba03aae976167eb7062f93c66bbb419e","8ffa301c154d64cc4b80a0473c90cbb9ba03aae976167eb7062f93c66bbb419e","true","","","历史缩略图；原始裁切、压缩与下载链待复核。本次未改动图像像素。","false","false","open-missing-original-file-digest-and-source-to-derivative-proof","retain-current-pending"
"nj-mb","明洪武釉里红岁寒三友纹梅瓶","南京博物院","D-UNTRACED","2026-09-23","""明洪武釉里红岁寒三友纹梅瓶"" ""南京博物院"" 官方 馆藏","","no-validated-authority-page","本轮已按文物名+馆名逐件检索；未确认可直接引用的权威单件目录页。该空缺不是藏品不存在的证据。","","","not-assessed-ai-illustration","/artifacts/nj-mb.jpg","4a51a817fb109f0c82f32ca46c550adf95b595646062958b51b3249e5cf6d6c7","","","","","","","","","retain-ai-or-pending"
"nj-frs","清乾隆芙蓉石蟠螭耳盖炉","南京博物院","D-UNTRACED","2026-09-23","""清乾隆芙蓉石蟠螭耳盖炉"" ""南京博物院"" 官方 馆藏","","no-validated-authority-page","本轮已按文物名+馆名逐件检索；未确认可直接引用的权威单件目录页。该空缺不是藏品不存在的证据。","","","not-assessed-ai-illustration","/artifacts/nj-frs.jpg","d097af6b7421ae01c8874c4ae16198690319805a8d87603cfbac1710c7454487","","","","","","","","","retain-ai-or-pending"
"yz-tj","唐打马球图铜镜","扬州博物馆","D-UNTRACED","2026-09-23","""唐打马球图铜镜"" ""扬州博物馆"" 官方 馆藏","","no-validated-authority-page","本轮已按文物名+馆名逐件检索；未确认可直接引用的权威单件目录页。该空缺不是藏品不存在的证据。","","","not-assessed-ai-illustration","/artifacts/yz-tj.jpg","14a82a2c3c9cb83828be788bd3998c30ee31a499d57eae147a85ed15695f94ce","","","","","","","","","retain-ai-or-pending"
"sz-lhw","五代秘色瓷莲花碗","苏州博物馆","D-UNTRACED","2026-09-23","""五代秘色瓷莲花碗"" ""苏州博物馆"" 官方 馆藏","","no-validated-authority-page","本轮已按文物名+馆名逐件检索；未确认可直接引用的权威单件目录页。该空缺不是藏品不存在的证据。","","","not-assessed-ai-illustration","/artifacts/sz-lhw.jpg","ddc4a1d2764ee431a767bf716c43adebc119c90abfe6e01c15d2e82c02e6b299","","","","","","","","","retain-ai-or-pending"
"nj-js","西汉金兽","南京博物院","D-UNTRACED","2026-09-23","""西汉金兽"" ""南京博物院"" 官方 馆藏","","no-validated-authority-page","本轮已按文物名+馆名逐件检索；未确认可直接引用的权威单件目录页。该空缺不是藏品不存在的证据。","","","not-assessed-ai-illustration","/artifacts/nj-js.jpg","30e12be01437bd90a907d09638615e4dbe48311b0df6ade112ae3a8438266502","","","","","","","","","retain-ai-or-pending"
"yz-mb","元霁蓝釉白龙纹梅瓶","扬州博物馆","D-UNTRACED","2026-09-23","""元霁蓝釉白龙纹梅瓶"" ""扬州博物馆"" 官方 馆藏","","no-validated-authority-page","本轮已按文物名+馆名逐件检索；未确认可直接引用的权威单件目录页。该空缺不是藏品不存在的证据。","","","not-assessed-ai-illustration","/artifacts/yz-mb.jpg","96f672cbb78d2eb0631f9fe115df58485d3442b40bb13b18958b028e1f6de98f","","","","","","","","","retain-ai-or-pending"
"yz-zbq","郑板桥《兰竹石图》","扬州博物馆","D-UNTRACED","2026-09-23","""郑板桥《兰竹石图》"" ""扬州博物馆"" 官方 馆藏","","no-validated-authority-page","本轮已按文物名+馆名逐件检索；未确认可直接引用的权威单件目录页。该空缺不是藏品不存在的证据。","","","not-assessed-ai-illustration","/artifacts/yz-zbq.jpg","b095bc03d0e941851b15b8360edfdd21ddf0e412047f3f3556d1a691cf13f189","","","","","","","","","retain-ai-or-pending"
"nj-zlqx","竹林七贤与荣启期砖画","南京博物院","D-UNTRACED","2026-09-23","""竹林七贤与荣启期砖画"" ""南京博物院"" 官方 馆藏","https://vr.njmuseum.org.cn/","item-name-found-catalog-id-needs-confirmation","南京博物院数字文物页面列有“竹林七贤与荣启期模印砖画”；未在该入口检得考古编号或单件目录字段。","","","not-assessed-ai-illustration","/artifacts/nj-zlqx.jpg","b1aa81e96582441088f82448e15f564135f6ef13171e86ebbcf5bcb6e4789055","","","","","","","","","retain-ai-or-pending"
"jdz-cslh","沉思罗汉像（“无语佛”）","景德镇中国陶瓷博物馆","D-UNTRACED","2026-09-23","""沉思罗汉像（“无语佛”）"" ""景德镇中国陶瓷博物馆"" 官方 馆藏","","no-validated-authority-page","本轮已按文物名+馆名逐件检索；未确认可直接引用的权威单件目录页。该空缺不是藏品不存在的证据。","","","not-assessed-ai-illustration","/artifacts/jdz-cslh.jpg","700c40aaa81e597f83a7e240a6333a0a51c0b0c2a72883d93c8f849ba2d502bc","","","","","","","","","retain-ai-or-pending"
"jdz-blz","清乾隆粉彩百鹿图尊","景德镇中国陶瓷博物馆","D-UNTRACED","2026-09-23","""清乾隆粉彩百鹿图尊"" ""景德镇中国陶瓷博物馆"" 官方 馆藏","","no-validated-authority-page","本轮已按文物名+馆名逐件检索；未确认可直接引用的权威单件目录页。该空缺不是藏品不存在的证据。","","","not-assessed-ai-illustration","/artifacts/jdz-blz.jpg","ba2ec62052924b1f454c22b3a56c5bcc80296d6dc7d47e5c1f3a7b80d646123e","","","","","","","","","retain-ai-or-pending"
"jx-qth","商代伏鸟双尾青铜虎","江西省博物馆","D-UNTRACED","2026-09-23","""商代伏鸟双尾青铜虎"" ""江西省博物馆"" 官方 馆藏","","no-validated-authority-page","本轮已按文物名+馆名逐件检索；未确认可直接引用的权威单件目录页。该空缺不是藏品不存在的证据。","","","not-assessed-ai-illustration","/artifacts/jx-qth.jpg","c6eae3e96010ad5335e77741083bc1d952eabb7bf3c21a1a050a29c954aae65a","","","","","","","","","retain-ai-or-pending"
"jx-smsr","商代双面神人青铜头像","江西省博物馆","D-UNTRACED","2026-09-23","""商代双面神人青铜头像"" ""江西省博物馆"" 官方 馆藏","","no-validated-authority-page","本轮已按文物名+馆名逐件检索；未确认可直接引用的权威单件目录页。该空缺不是藏品不存在的证据。","","","not-assessed-ai-illustration","/artifacts/jx-smsr.jpg","0d1782a82fbe20b20457d320473151f4e8112b16e073addb9d211b3ce02b4b61","","","","","","","","","retain-ai-or-pending"
"jx-glc","元青花釉里红楼阁式谷仓","江西省博物馆","D-UNTRACED","2026-09-23","""元青花釉里红楼阁式谷仓"" ""江西省博物馆"" 官方 馆藏","","no-validated-authority-page","本轮已按文物名+馆名逐件检索；未确认可直接引用的权威单件目录页。该空缺不是藏品不存在的证据。","","","not-assessed-ai-illustration","/artifacts/jx-glc.jpg","242f87bc15798979e73a4efad65434a023b5cbb6b4799027acc6a448840d1b9e","","","","","","","","","retain-ai-or-pending"
"lb-gf","《虢国夫人游春图》宋摹本","辽宁省博物馆","D-UNTRACED","2026-09-23","""《虢国夫人游春图》宋摹本"" ""辽宁省博物馆"" 官方 馆藏","","no-validated-authority-page","本轮已按文物名+馆名逐件检索；未确认可直接引用的权威单件目录页。该空缺不是藏品不存在的证据。","","","not-assessed-ai-illustration","/artifacts/lb-gf.jpg","44d109c453c5564b2fcb43c334131e1f103522c8406ca1e36054052dcacd37fb","","","","","","","","","retain-ai-or-pending"
"lb-yzl","红山文化玉猪龙","辽宁省博物馆","D-UNTRACED","2026-09-23","""红山文化玉猪龙"" ""辽宁省博物馆"" 官方 馆藏","","no-validated-authority-page","本轮已按文物名+馆名逐件检索；未确认可直接引用的权威单件目录页。该空缺不是藏品不存在的证据。","","","not-assessed-ai-illustration","/artifacts-v2/p1/lb-yzl.png","cd8680bb5c22f3a53f4c0b574a8bced9e3fbcb8ad4810b5855d84d1fe90b8c47","","","","","","","","","retain-ai-or-pending"
"sy-wyc","清乾隆款粉彩五燕瓷瓶","沈阳故宫博物院","D-UNTRACED","2026-09-23","""清乾隆款粉彩五燕瓷瓶"" ""沈阳故宫博物院"" 官方 馆藏","","no-validated-authority-page","本轮已按文物名+馆名逐件检索；未确认可直接引用的权威单件目录页。该空缺不是藏品不存在的证据。","","","not-assessed-ai-illustration","/artifacts/sy-wyc.jpg","f6b10e126f69602b63870a90158c3c6648ad03e90763ab1eab55829dc8b6b9cb","","","","","","","","","retain-ai-or-pending"
"sy-ljy","清太宗皇太极御用鹿角椅","沈阳故宫博物院","D-UNTRACED","2026-09-23","""清太宗皇太极御用鹿角椅"" ""沈阳故宫博物院"" 官方 馆藏","","no-validated-authority-page","本轮已按文物名+馆名逐件检索；未确认可直接引用的权威单件目录页。该空缺不是藏品不存在的证据。","","","not-assessed-ai-illustration","/artifacts/sy-ljy.jpg","22b19742f1f8f2ced0ffdea9f6af006c803d7b179fff48e60b7bbe1b7ac55a2c","","","","","","","","","retain-ai-or-pending"
"sy-yyd","清太祖努尔哈赤御用宝剑","沈阳故宫博物院","D-UNTRACED","2026-09-23","""清太祖努尔哈赤御用宝剑"" ""沈阳故宫博物院"" 官方 馆藏","","no-validated-authority-page","本轮已按文物名+馆名逐件检索；未确认可直接引用的权威单件目录页。该空缺不是藏品不存在的证据。","","","not-assessed-ai-illustration","/artifacts/sy-yyd.jpg","e36cb99c1369c0f7191b8dd2fb9d05da4e2c95992e3094f621e65a1ddabf979e","","","","","","","","","retain-ai-or-pending"
"lb-zfsg","周昉《簪花仕女图》","辽宁省博物馆","D-UNTRACED","2026-09-23","""周昉《簪花仕女图》"" ""辽宁省博物馆"" 官方 馆藏","","no-validated-authority-page","本轮已按文物名+馆名逐件检索；未确认可直接引用的权威单件目录页。该空缺不是藏品不存在的证据。","","","not-assessed-ai-illustration","/artifacts/lb-zfsg.jpg","32cfa0ba533d0a9c291173b392fb6be01b55d75817a0951324824a798a818a64","","","","","","","","","retain-ai-or-pending"
"nm-lsy","辽三彩鸳鸯壶","内蒙古博物院","D-UNTRACED","2026-09-23","""辽三彩鸳鸯壶"" ""内蒙古博物院"" 官方 馆藏","","no-validated-authority-page","本轮已按文物名+馆名逐件检索；未确认可直接引用的权威单件目录页。该空缺不是藏品不存在的证据。","","","not-assessed-ai-illustration","/artifacts/nm-lsy.jpg","0560c44c44f2e8d2f615b1aa1bca31af9697317db936a0060a414360d6e27af0","","","","","","","","","retain-ai-or-pending"
"nm-jyx","元钧窑“小宋自造”香炉","内蒙古博物院","D-UNTRACED","2026-09-23","""元钧窑“小宋自造”香炉"" ""内蒙古博物院"" 官方 馆藏","","no-validated-authority-page","本轮已按文物名+馆名逐件检索；未确认可直接引用的权威单件目录页。该空缺不是藏品不存在的证据。","","","not-assessed-ai-illustration","/artifacts/nm-jyx.jpg","4d309a7c8eba9cdd234272bbdb8c92186df3227080b9ca865932b63272b84316","","","","","","","","","retain-ai-or-pending"
"nm-jgs","战国匈奴鹰形金冠","内蒙古博物院","C-SOURCE-PENDING","2026-09-23","核对来源文件页、许可说明及本地详情资源：https://commons.wikimedia.org/wiki/File:%E5%8C%88%E5%A5%B4%E7%8E%8B%E9%87%91%E5%86%A0.jpg","","","已读取逐文件说明与许可证区域；本地缩图与原始文件尚缺完整绑定证据，授权继续待核。","https://commons.wikimedia.org/wiki/File:%E5%8C%88%E5%A5%B4%E7%8E%8B%E9%87%91%E5%86%A0.jpg","CC BY-SA 4.0","pending","/artifacts/nm-jgs.jpg","2ee0d235b33d2020d76c39275996cd065400ecd2c5250dd459b61c8bf6239daf","2ee0d235b33d2020d76c39275996cd065400ecd2c5250dd459b61c8bf6239daf","true","","","历史缩略图；原始裁切、压缩与下载链待复核。本次未改动图像像素。","false","false","open-missing-original-file-digest-and-source-to-derivative-proof","retain-current-pending"
"nx-hxw","唐胡旋舞石刻墓门","宁夏博物馆","D-UNTRACED","2026-09-23","""唐胡旋舞石刻墓门"" ""宁夏博物馆"" 官方 馆藏","","no-validated-authority-page","本轮已按文物名+馆名逐件检索；未确认可直接引用的权威单件目录页。该空缺不是藏品不存在的证据。","","","not-assessed-ai-illustration","/artifacts/nx-hxw.jpg","ef8c33f1391b692ae0d53523e2d4f6a489d2cb609f25a74cc250459fa52edbb3","","","","","","","","","retain-ai-or-pending"
"nx-ljt","西夏鎏金铜牛","宁夏博物馆","D-UNTRACED","2026-09-23","""西夏鎏金铜牛"" ""宁夏博物馆"" 官方 馆藏","","no-validated-authority-page","本轮已按文物名+馆名逐件检索；未确认可直接引用的权威单件目录页。该空缺不是藏品不存在的证据。","","","not-assessed-ai-illustration","/artifacts/nx-ljt.jpg","6d261e5d141925f1784eb24587a2201144ea1ebf1a5faf027bc4b30d0595e7ed","","","","","","","","","retain-ai-or-pending"
"nx-jxb","西夏文佛经《吉祥遍至口和本续》","宁夏博物馆","D-UNTRACED","2026-09-23","""西夏文佛经《吉祥遍至口和本续》"" ""宁夏博物馆"" 官方 馆藏","","no-validated-authority-page","本轮已按文物名+馆名逐件检索；未确认可直接引用的权威单件目录页。该空缺不是藏品不存在的证据。","","","not-assessed-ai-illustration","/artifacts/nx-jxb.jpg","79726a2bdb61b6ecdd2819264d62c2d450d0851562568a70ff7f048f21543b3d","","","","","","","","","retain-ai-or-pending"
"qh-gyq","汉“汉匈奴归义亲汉长”铜印","青海省博物馆","D-UNTRACED","2026-09-23","""汉“汉匈奴归义亲汉长”铜印"" ""青海省博物馆"" 官方 馆藏","","no-validated-authority-page","本轮已按文物名+馆名逐件检索；未确认可直接引用的权威单件目录页。该空缺不是藏品不存在的证据。","","","not-assessed-ai-illustration","/artifacts/qh-gyq.jpg","4ddd406e970a49c9545015f5ad1c34b1ba1ef8c4bca20331401d29eafe0a7791","","","","","","","","","retain-ai-or-pending"
"qh-wdw","马家窑文化舞蹈纹彩陶盆","青海省博物馆","D-UNTRACED","2026-09-23","""马家窑文化舞蹈纹彩陶盆"" ""青海省博物馆"" 官方 馆藏","","no-validated-authority-page","本轮已按文物名+馆名逐件检索；未确认可直接引用的权威单件目录页。该空缺不是藏品不存在的证据。","","","not-assessed-ai-illustration","/artifacts/qh-wdw.jpg","6c36fa867e22181225529351a19901843762ac4f38e86b2743ae806136e8bf2c","","","","","","","","","retain-ai-or-pending"
"qh-tk","清堆绣唐卡","青海省博物馆","D-UNTRACED","2026-09-23","""清堆绣唐卡"" ""青海省博物馆"" 官方 馆藏","","no-validated-authority-page","本轮已按文物名+馆名逐件检索；未确认可直接引用的权威单件目录页。该空缺不是藏品不存在的证据。","","","not-assessed-ai-illustration","/artifacts/qh-tk.jpg","9b9b2f1207d546e7bc1c4505d7348415a4cd1e35889e2404058a5aa3aba24b6f","","","","","","","","","retain-ai-or-pending"
"qzx-lxsf","北齐贴金彩绘佛造像","青州市博物馆","D-UNTRACED","2026-09-23","""北齐贴金彩绘佛造像"" ""青州市博物馆"" 官方 馆藏","","no-validated-authority-page","本轮已按文物名+馆名逐件检索；未确认可直接引用的权威单件目录页。该空缺不是藏品不存在的证据。","","","not-assessed-ai-illustration","/artifacts-v2/p1/qzx-lxsf.png","0fec47abb181081fa8b0d23d7dcf603bb3ec1d69b21ac55ce0a905e3bacd7dc7","","","","","","","","","retain-ai-or-pending"
"sd-hts","大汶口红陶兽形壶","山东博物馆","D-UNTRACED","2026-09-23","""大汶口红陶兽形壶"" ""山东博物馆"" 官方 馆藏","","no-validated-authority-page","本轮已按文物名+馆名逐件检索；未确认可直接引用的权威单件目录页。该空缺不是藏品不存在的证据。","","","not-assessed-ai-illustration","/artifacts/sd-hts.jpg","f63827a7a81524aa57f6e34e1dbec83bbf352d7b802a5182418ac86ac57b5755","","","","","","","","","retain-ai-or-pending"
"qzx-yzb","东汉“宜子孙”玉璧","青州市博物馆","D-UNTRACED","2026-09-23","""东汉“宜子孙”玉璧"" ""青州市博物馆"" 官方 馆藏","","no-validated-authority-page","本轮已按文物名+馆名逐件检索；未确认可直接引用的权威单件目录页。该空缺不是藏品不存在的证据。","","","not-assessed-ai-illustration","/artifacts/qzx-yzb.jpg","56839775daca354078b5246f38205bc600c9b7012449b6b0796493351324c5af","","","","","","","","","retain-ai-or-pending"
"kz-kzsj","明版《孔子圣迹图》","孔子博物馆","D-UNTRACED","2026-09-23","""明版《孔子圣迹图》"" ""孔子博物馆"" 官方 馆藏","","no-validated-authority-page","本轮已按文物名+馆名逐件检索；未确认可直接引用的权威单件目录页。该空缺不是藏品不存在的证据。","","","not-assessed-ai-illustration","/artifacts/kz-kzsj.jpg","1f127266fc781fd7b985e26af64df1a8ae27850a0664f057537f066d9edc70f8","","","","","","","","","retain-ai-or-pending"
"kz-myc","明衍圣公朝服衣冠","孔子博物馆","D-UNTRACED","2026-09-23","""明衍圣公朝服衣冠"" ""孔子博物馆"" 官方 馆藏","","no-validated-authority-page","本轮已按文物名+馆名逐件检索；未确认可直接引用的权威单件目录页。该空缺不是藏品不存在的证据。","","","not-assessed-ai-illustration","/artifacts/kz-myc.jpg","58c7052a03d345ebd1376611fd9202e7352e21693e7a0d6e9d687dd09479f2d4","","","","","","","","","retain-ai-or-pending"
"qzx-zyj","明赵秉忠状元卷","青州市博物馆","C-SOURCE-PENDING","2026-09-23","核对来源文件页、许可说明及本地详情资源：https://commons.wikimedia.org/wiki/File:%E7%8A%B6%E5%85%83%E5%8D%B7.JPG","","","已读取逐文件说明与许可证区域；本地缩图与原始文件尚缺完整绑定证据，授权继续待核。","https://commons.wikimedia.org/wiki/File:%E7%8A%B6%E5%85%83%E5%8D%B7.JPG","CC BY-SA 4.0","pending","/artifacts/qzx-zyj.jpg","64942b286039163d3e0d55def37774a977d1443ac757fa5bf901ebdfa372c336","64942b286039163d3e0d55def37774a977d1443ac757fa5bf901ebdfa372c336","true","","","历史缩略图；原始裁切、压缩与下载链待复核。本次未改动图像像素。","false","false","open-missing-original-file-digest-and-source-to-derivative-proof","retain-current-pending"
"kz-sg","清“商周十供”青铜礼器","孔子博物馆","D-UNTRACED","2026-09-23","""清“商周十供”青铜礼器"" ""孔子博物馆"" 官方 馆藏","","no-validated-authority-page","本轮已按文物名+馆名逐件检索；未确认可直接引用的权威单件目录页。该空缺不是藏品不存在的证据。","","","not-assessed-ai-illustration","/artifacts/kz-sg.jpg","720def2de9b04064b7b493f08d67a7154c06d3f8a74ec76dd2eba6d2deb48e7c","","","","","","","","","retain-ai-or-pending"
"sd-acy","商代亚醜钺","山东博物馆","D-UNTRACED","2026-09-23","""商代亚醜钺"" ""山东博物馆"" 官方 馆藏","","no-validated-authority-page","本轮已按文物名+馆名逐件检索；未确认可直接引用的权威单件目录页。该空缺不是藏品不存在的证据。","","","not-assessed-ai-illustration","/artifacts/sd-acy.jpg","6f524d7b44602ad25240effae8a9860a51c8292146283110e221e6dff844de5d","","","","","","","","","retain-ai-or-pending"
"sd-szb","银雀山汉墓《孙子兵法》《孙膑兵法》竹简","山东博物馆","D-UNTRACED","2026-09-23","""银雀山汉墓《孙子兵法》《孙膑兵法》竹简"" ""山东博物馆"" 官方 馆藏","","no-validated-authority-page","本轮已按文物名+馆名逐件检索；未确认可直接引用的权威单件目录页。该空缺不是藏品不存在的证据。","","","not-assessed-ai-illustration","/artifacts/sd-szb.jpg","70d1cd74f14c1c28d25891e2c135cf79fe01765b01eeb0e2e9a3e7b71fd022dc","","","","","","","","","retain-ai-or-pending"
"sd-lgdy","战国鲁国大玉璧","山东博物馆","D-UNTRACED","2026-09-23","""战国鲁国大玉璧"" ""山东博物馆"" 官方 馆藏","","no-validated-authority-page","本轮已按文物名+馆名逐件检索；未确认可直接引用的权威单件目录页。该空缺不是藏品不存在的证据。","","","not-assessed-ai-illustration","/artifacts/sd-lgdy.jpg","5cafe8e510461838193c0b3edb104f0020ab7bdb65d1289a77812625da021c88","","","","","","","","","retain-ai-or-pending"
"dt-lbl","北魏蓝玻璃碗","大同市博物馆","D-UNTRACED","2026-09-23","""北魏蓝玻璃碗"" ""大同市博物馆"" 官方 馆藏","","no-validated-authority-page","本轮已按文物名+馆名逐件检索；未确认可直接引用的权威单件目录页。该空缺不是藏品不存在的证据。","","","not-assessed-ai-illustration","/artifacts/dt-lbl.jpg","1be1479917d64c3835f2df0afcd86b4e5678ebf3d41e1b14772cf6fbd8e05c4f","","","","","","","","","retain-ai-or-pending"
"sx-qh","北魏司马金龙墓木板漆画","山西博物院","D-UNTRACED","2026-09-23","""北魏司马金龙墓木板漆画"" ""山西博物院"" 官方 馆藏","","no-validated-authority-page","本轮已按文物名+馆名逐件检索；未确认可直接引用的权威单件目录页。该空缺不是藏品不存在的证据。","","","not-assessed-ai-illustration","/artifacts/sx-qh.jpg","9c046235f652a3a5a091f299cb2c5b9b743470804327349efd001d3a264b99bb","","","","","","","","","retain-ai-or-pending"
"sx-hmms","侯马盟书","山西博物院","D-UNTRACED","2026-09-23","""侯马盟书"" ""山西博物院"" 官方 馆藏","","no-validated-authority-page","本轮已按文物名+馆名逐件检索；未确认可直接引用的权威单件目录页。该空缺不是藏品不存在的证据。","","","not-assessed-ai-illustration","/artifacts/sx-hmms.jpg","fe5d9d1942a5f71d642cddc4e0f169827798e1ad249cc0b6ac245a8f04af4dea","","","","","","","","","retain-ai-or-pending"
"sx-nz","晋侯鸟尊","山西博物院","D-UNTRACED","2026-09-23","""晋侯鸟尊"" ""山西博物院"" 官方 馆藏","","no-validated-authority-page","本轮已按文物名+馆名逐件检索；未确认可直接引用的权威单件目录页。该空缺不是藏品不存在的证据。","","","not-assessed-ai-illustration","/artifacts/sx-nz.jpg","0e4a973ea2e2a6eb1005b05ec4cf0fe58312033e7679601fb25c98c969f1478f","","","","","","","","","retain-ai-or-pending"
"dt-ytz","司马金龙墓釉陶俑阵","大同市博物馆","D-UNTRACED","2026-09-23","""司马金龙墓釉陶俑阵"" ""大同市博物馆"" 官方 馆藏","","no-validated-authority-page","本轮已按文物名+馆名逐件检索；未确认可直接引用的权威单件目录页。该空缺不是藏品不存在的证据。","","","not-assessed-ai-illustration","/artifacts/dt-ytz.jpg","c0da4e3b7f2215c2c85b0394ded8738716efbe53117f49a031a9692cde5f1326","","","","","","","","","retain-ai-or-pending"
"qs-by","秦兵马俑军阵（将军俑）","秦始皇帝陵博物院","D-UNTRACED","2026-09-23","""秦兵马俑军阵（将军俑）"" ""秦始皇帝陵博物院"" 官方 馆藏","","no-validated-authority-page","本轮已按文物名+馆名逐件检索；未确认可直接引用的权威单件目录页。该空缺不是藏品不存在的证据。","","","not-assessed-ai-illustration","/artifacts/qs-by.jpg","14a7041dd38a467948fac7c900ac43f215b0031fa2742647d47cb198e7323694","","","","","","","","","retain-ai-or-pending"
"qs-gyz","秦跪射俑","秦始皇帝陵博物院","D-UNTRACED","2026-09-23","""秦跪射俑"" ""秦始皇帝陵博物院"" 官方 馆藏","","no-validated-authority-page","本轮已按文物名+馆名逐件检索；未确认可直接引用的权威单件目录页。该空缺不是藏品不存在的证据。","","","not-assessed-ai-illustration","/artifacts/qs-gyz.jpg","69d7d8d113c613a45ae43e5e9b1b275d2da077187d6336edc98ff44dd3d54b8d","","","","","","","","","retain-ai-or-pending"
"qs-tcm","秦陵铜车马","秦始皇帝陵博物院","D-UNTRACED","2026-09-23","""秦陵铜车马"" ""秦始皇帝陵博物院"" 官方 馆藏","","no-validated-authority-page","本轮已按文物名+馆名逐件检索；未确认可直接引用的权威单件目录页。该空缺不是藏品不存在的证据。","","","not-assessed-ai-illustration","/artifacts/qs-tcm.jpg","6d8490807584747247378d5dae3777f03c54b1ac66affa0affbcd92df5dee185","","","","","","","","","retain-ai-or-pending"
"xa-dqz","隋董钦造鎏金铜弥陀佛像","西安博物院","D-UNTRACED","2026-09-23","""隋董钦造鎏金铜弥陀佛像"" ""西安博物院"" 官方 馆藏","","no-validated-authority-page","本轮已按文物名+馆名逐件检索；未确认可直接引用的权威单件目录页。该空缺不是藏品不存在的证据。","","","not-assessed-ai-illustration","/artifacts/xa-dqz.jpg","0e38588f3ef7a25631be199b83733e9bef4705cd18815b1bb3ebf65ba8506668","","","","","","","","","retain-ai-or-pending"
"sxl-wmh","唐鎏金舞马衔杯纹银壶","陕西历史博物馆","D-UNTRACED","2026-09-23","""唐鎏金舞马衔杯纹银壶"" ""陕西历史博物馆"" 官方 馆藏","","no-validated-authority-page","本轮已按文物名+馆名逐件检索；未确认可直接引用的权威单件目录页。该空缺不是藏品不存在的证据。","","","not-assessed-ai-illustration","/artifacts/sxl-wmh.jpg","621bb63d5bf566f820b08919ba55b26a0d6651cf0fc996852ae660b3bddfd4f8","","","","","","","","","retain-ai-or-pending"
"xa-scm","唐三彩腾空马","西安博物院","D-UNTRACED","2026-09-23","""唐三彩腾空马"" ""西安博物院"" 官方 馆藏","","no-validated-authority-page","本轮已按文物名+馆名逐件检索；未确认可直接引用的权威单件目录页。该空缺不是藏品不存在的证据。","","","not-assessed-ai-illustration","/artifacts/xa-scm.jpg","ea364afc4dfa737163624876811c7aa0713874feaf6a38ba537daf11236cbb7b","","","","","","","","","retain-ai-or-pending"
"xa-snt","唐仕女俑","西安博物院","D-UNTRACED","2026-09-23","""唐仕女俑"" ""西安博物院"" 官方 馆藏","","no-validated-authority-page","本轮已按文物名+馆名逐件检索；未确认可直接引用的权威单件目录页。该空缺不是藏品不存在的证据。","","","not-assessed-ai-illustration","/artifacts/xa-snt.jpg","b160e1ff3c4bb5783fb07d3a29a236f862a2a862bd3ec72ccbb9f989e3648021","","","","","","","","","retain-ai-or-pending"
"sxl-xmb","唐镶金兽首玛瑙杯","陕西历史博物馆","D-UNTRACED","2026-09-23","""唐镶金兽首玛瑙杯"" ""陕西历史博物馆"" 官方 馆藏","","no-validated-authority-page","本轮已按文物名+馆名逐件检索；未确认可直接引用的权威单件目录页。该空缺不是藏品不存在的证据。","","","not-assessed-ai-illustration","/artifacts/sxl-xmb.jpg","31aaf7e9cd00ce45735ec611d7febb413ce8abf942505ce07fc31a4e844360ed","","","","","","","","","retain-ai-or-pending"
"sxl-yjb","唐鸳鸯莲瓣纹金碗","陕西历史博物馆","C-SOURCE-PENDING","2026-09-23","核对来源文件页、许可说明及本地详情资源：https://commons.wikimedia.org/wiki/File:%E9%B8%B3%E9%B8%AF%E8%8E%B2%E7%93%A3%E7%BA%B9%E9%87%91%E7%A2%97_20091112.jpg","","","已读取逐文件说明与许可证区域；本地缩图与原始文件尚缺完整绑定证据，授权继续待核。","https://commons.wikimedia.org/wiki/File:%E9%B8%B3%E9%B8%AF%E8%8E%B2%E7%93%A3%E7%BA%B9%E9%87%91%E7%A2%97_20091112.jpg","CC BY-SA 3.0","pending","/artifacts/sxl-yjb.jpg","d6413e208b9d5b659ebb5ea059daebdd6d044a24578025325525eef3a406036c","d6413e208b9d5b659ebb5ea059daebdd6d044a24578025325525eef3a406036c","true","","","历史缩略图；原始裁切、压缩与下载链待复核。本次未改动图像像素。","false","false","open-missing-original-file-digest-and-source-to-derivative-proof","retain-current-pending"
"sxl-hzx","西汉“皇后之玺”玉印","陕西历史博物馆","C-SOURCE-PENDING","2026-09-23","核对来源文件页、许可说明及本地详情资源：https://commons.wikimedia.org/wiki/File:%22%E7%9A%87%E5%90%8E%E4%B9%8B%E7%8E%BA%22%E7%8E%89%E5%8D%B0.jpg","","","已读取逐文件说明与许可证区域；本地缩图与原始文件尚缺完整绑定证据，授权继续待核。","https://commons.wikimedia.org/wiki/File:%22%E7%9A%87%E5%90%8E%E4%B9%8B%E7%8E%BA%22%E7%8E%89%E5%8D%B0.jpg","CC BY-SA 4.0","pending","/artifacts/sxl-hzx.jpg","7c94a12efca04528ed4fdd2c5c0661ec8225e0610f9205502ce8d66ecfe8f9b7","7c94a12efca04528ed4fdd2c5c0661ec8225e0610f9205502ce8d66ecfe8f9b7","true","","","历史缩略图；原始裁切、压缩与下载链待复核。本次未改动图像像素。","false","false","open-missing-original-file-digest-and-source-to-derivative-proof","retain-current-pending"
"bj-hz","西周何尊","宝鸡青铜器博物院","D-UNTRACED","2026-09-23","""西周何尊"" ""宝鸡青铜器博物院"" 官方 馆藏","","no-validated-authority-page","本轮已按文物名+馆名逐件检索；未确认可直接引用的权威单件目录页。该空缺不是藏品不存在的证据。","","","not-assessed-ai-illustration","/artifacts/bj-hz.jpg","9fa823587521f5d1f644c51771d9bef467acd3d95cad27ffcdc3b5166b703427","","","","","","","","","retain-ai-or-pending"
"bj-lp","西周逨盘","宝鸡青铜器博物院","D-UNTRACED","2026-09-23","""西周逨盘"" ""宝鸡青铜器博物院"" 官方 馆藏","","no-validated-authority-page","本轮已按文物名+馆名逐件检索；未确认可直接引用的权威单件目录页。该空缺不是藏品不存在的证据。","","","not-assessed-ai-illustration","/artifacts/bj-lp.jpg","ed0a08b6370cfe98bd36af30badc3bfe47d330d07b9aa9fc7e17fa504335614e","","","","","","","","","retain-ai-or-pending"
"bj-hg","西周㝬簋（胡簋）","宝鸡青铜器博物院","D-UNTRACED","2026-09-23","""西周㝬簋（胡簋）"" ""宝鸡青铜器博物院"" 官方 馆藏","","no-validated-authority-page","本轮已按文物名+馆名逐件检索；未确认可直接引用的权威单件目录页。该空缺不是藏品不存在的证据。","","","not-assessed-ai-illustration","/artifacts/bj-hg.jpg","f4dad75c5f656cd2eb299e26ab93b5ce1266638741e98e71750abbfbe4340436","","","","","","","","","retain-ai-or-pending"
"sh-dkd","大克鼎","上海博物馆","C-SOURCE-PENDING","2026-09-23","核对来源文件页、许可说明及本地详情资源：https://commons.wikimedia.org/wiki/File:Da_Ke_ding.jpg","","","已读取逐文件说明与许可证区域；本地缩图与原始文件尚缺完整绑定证据，授权继续待核。","https://commons.wikimedia.org/wiki/File:Da_Ke_ding.jpg","CC BY-SA 3.0","pending","/artifacts/sh-dkd.jpg","28967b4cfe43c684a263c6aa9d7fbfb2dd79e572b96181138a1d622b2e7005cd","28967b4cfe43c684a263c6aa9d7fbfb2dd79e572b96181138a1d622b2e7005cd","true","","","历史缩略图；原始裁切、压缩与下载链待复核。本次未改动图像像素。","false","false","open-missing-original-file-digest-and-source-to-derivative-proof","retain-current-pending"
"sh-syt","王羲之《上虞帖》唐摹本","上海博物馆","C-SOURCE-PENDING","2026-09-23","核对来源文件页、许可说明及本地详情资源：https://commons.wikimedia.org/wiki/File:%E7%8E%8B%E7%BE%B2%E4%B9%8B_%E8%8D%89%E4%B9%A6%E4%B8%8A%E8%99%9E%E5%B8%96%E5%8D%B7.jpg","","","已读取逐文件说明与许可证区域；本地缩图与原始文件尚缺完整绑定证据，授权继续待核。","https://commons.wikimedia.org/wiki/File:%E7%8E%8B%E7%BE%B2%E4%B9%8B_%E8%8D%89%E4%B9%A6%E4%B8%8A%E8%99%9E%E5%B8%96%E5%8D%B7.jpg","PD-Art","pending","/artifacts/sh-syt.jpg","2f3f6f706c4921e8483c113354eacc4dcb0277a330dc5cf294241d94172f2193","2f3f6f706c4921e8483c113354eacc4dcb0277a330dc5cf294241d94172f2193","true","","","历史缩略图；原始裁切、压缩与下载链待复核。本次未改动图像像素。","false","false","open-missing-original-file-digest-and-source-to-derivative-proof","retain-current-pending"
"sh-sqf","战国商鞅方升","上海博物馆","C-SOURCE-PENDING","2026-09-23","核对来源文件页、许可说明及本地详情资源：https://www.shanghaimuseum.net/mu/frontend/pg/m/article/id/CI00000346","","","官方藏品页可读并标注版权；未见本图开放许可，不能把官网公开展示视为授权。","https://www.shanghaimuseum.net/mu/frontend/pg/m/article/id/CI00000346","","pending","/artifact-sources/official/sh-sqf.jpg","4df068c5b71eec6caca562769de18a06571abc9813c3f97ec90d36b1ce74451c","4df068c5b71eec6caca562769de18a06571abc9813c3f97ec90d36b1ce74451c","true","","","历史缩略图；原始裁切、压缩与下载链待复核。本次未改动图像像素。","false","false","open-missing-original-file-digest-and-source-to-derivative-proof","retain-current-pending"
"sc-hxz","东汉制盐画像砖","四川博物院","D-UNTRACED","2026-09-23","""东汉制盐画像砖"" ""四川博物院"" 官方 馆藏","","no-validated-authority-page","本轮已按文物名+馆名逐件检索；未确认可直接引用的权威单件目录页。该空缺不是藏品不存在的证据。","","","not-assessed-ai-illustration","/artifacts/sc-hxz.jpg","9c45359b6da6ae19215c5dff58060ab6b2fc9e76d27a7c7223f6253f957e11df","","","","","","","","","retain-ai-or-pending"
"sxd-hjm","商代黄金面具","三星堆博物馆","C-SOURCE-PENDING","2026-09-23","核对来源文件页、许可说明及本地详情资源：https://commons.wikimedia.org/wiki/File:Sanxingdui_Oct_2007_585.jpg","","","来源页描述为贴金箔的青铜头像，不能仅凭黄金面具名称认定为2021年出土的独立金面具；当前实物版本与图像绑定仍待核。","https://commons.wikimedia.org/wiki/File:Sanxingdui_Oct_2007_585.jpg","CC BY-SA 4.0","pending","/artifacts/sxd-hjm.jpg","5171ac0be9c72dfde85784c3c634315b34f23508086ffa40bb3f5a5d1a5e7b5c","5171ac0be9c72dfde85784c3c634315b34f23508086ffa40bb3f5a5d1a5e7b5c","true","","","历史缩略图；原始裁切、压缩与下载链待复核。本次未改动图像像素。","false","false","open-missing-original-file-digest-and-source-to-derivative-proof","retain-current-pending"
"sxd-jz","商代金杖","三星堆博物馆","D-UNTRACED","2026-09-23","""商代金杖"" ""三星堆博物馆"" 官方 馆藏","","no-validated-authority-page","本轮已按文物名+馆名逐件检索；未确认可直接引用的权威单件目录页。该空缺不是藏品不存在的证据。","","","not-assessed-ai-illustration","/artifacts-v2/p1/sxd-jz.png","f27706cea19ba3db4b72f088cb4db7c6bea52a997f64c65f3687739f02895bc6","","","","","","","","","retain-ai-or-pending"
"sxd-dlr","商代青铜大立人","三星堆博物馆","C-SOURCE-PENDING","2026-09-23","核对来源文件页、许可说明及本地详情资源：https://commons.wikimedia.org/wiki/File:%E4%B8%89%E6%98%9F%E5%A0%86%E5%87%BA%E5%9C%9F%E9%9D%92%E9%93%9C%E5%A4%A7%E7%AB%8B%E4%BA%BA%E5%83%8F%2C_2017-09-17.jpg","","","已读取逐文件说明与许可证区域；本地缩图与原始文件尚缺完整绑定证据，授权继续待核。","https://commons.wikimedia.org/wiki/File:%E4%B8%89%E6%98%9F%E5%A0%86%E5%87%BA%E5%9C%9F%E9%9D%92%E9%93%9C%E5%A4%A7%E7%AB%8B%E4%BA%BA%E5%83%8F%2C_2017-09-17.jpg","CC BY-SA 4.0","pending","/artifacts/sxd-dlr.jpg","b5cf953fd8223413c26de0c03fd9b61379187f4b2a7ae9b4053eb7e1fa8ec441","b5cf953fd8223413c26de0c03fd9b61379187f4b2a7ae9b4053eb7e1fa8ec441","true","","","历史缩略图；原始裁切、压缩与下载链待复核。本次未改动图像像素。","false","false","open-missing-original-file-digest-and-source-to-derivative-proof","retain-current-pending"
"sxd-qs","商代青铜神树","三星堆博物馆","C-SOURCE-PENDING","2026-09-23","核对来源文件页、许可说明及本地详情资源：https://commons.wikimedia.org/wiki/File:%E2%85%A0%E5%8F%B7%E5%A4%A7%E5%9E%8B%E9%9D%92%E9%93%9C%E7%A5%9E%E6%A0%91.jpg","","","已读取逐文件说明与许可证区域；本地缩图与原始文件尚缺完整绑定证据，授权继续待核。","https://commons.wikimedia.org/wiki/File:%E2%85%A0%E5%8F%B7%E5%A4%A7%E5%9E%8B%E9%9D%92%E9%93%9C%E7%A5%9E%E6%A0%91.jpg","CC BY-SA 4.0","pending","/artifacts/sxd-qs.jpg","1263e6991877c8245142e6def9848ab9156592a2be002aea8e327e17f810466c","1263e6991877c8245142e6def9848ab9156592a2be002aea8e327e17f810466c","true","","","历史缩略图；原始裁切、压缩与下载链待复核。本次未改动图像像素。","false","false","open-missing-original-file-digest-and-source-to-derivative-proof","retain-current-pending"
"sxd-zym","商代青铜纵目面具","三星堆博物馆","C-SOURCE-PENDING","2026-09-23","核对来源文件页、许可说明及本地详情资源：https://commons.wikimedia.org/wiki/File:Bronze_Mask_with_Protruding_Eyes.jpg","","","已读取逐文件说明与许可证区域；本地缩图与原始文件尚缺完整绑定证据，授权继续待核。","https://commons.wikimedia.org/wiki/File:Bronze_Mask_with_Protruding_Eyes.jpg","CC BY 2.0","pending","/artifacts/sxd-zym.jpg","92538c62246bc46bce03e8b0d8c1ed5ef999faf2d04a76c18c530920b58370c6","92538c62246bc46bce03e8b0d8c1ed5ef999faf2d04a76c18c530920b58370c6","true","","","历史缩略图；原始裁切、压缩与下载链待复核。本次未改动图像像素。","false","false","open-missing-original-file-digest-and-source-to-derivative-proof","retain-current-pending"
"js-hjm","商周黄金面具","成都金沙遗址博物馆","D-UNTRACED","2026-09-23","""商周黄金面具"" ""成都金沙遗址博物馆"" 官方 馆藏","","no-validated-authority-page","本轮已按文物名+馆名逐件检索；未确认可直接引用的权威单件目录页。该空缺不是藏品不存在的证据。","","","not-assessed-ai-illustration","/artifacts-v2/p1/js-hjm.png","b4f1c27e50f4c1713d2e91cefadef28202906ba81712ce91085347ae6d022154","","","","","","","","","retain-ai-or-pending"
"js-tysn","商周太阳神鸟金饰","成都金沙遗址博物馆","D-UNTRACED","2026-09-23","""商周太阳神鸟金饰"" ""成都金沙遗址博物馆"" 官方 馆藏","","no-validated-authority-page","本轮已按文物名+馆名逐件检索；未确认可直接引用的权威单件目录页。该空缺不是藏品不存在的证据。","","","not-assessed-ai-illustration","/artifacts-v2/p1/js-tysn.png","23ca91aa61df40fd48bb9018eecbc515e888120e828b00a6eb15b9a57b236c88","","","","","","","","","retain-ai-or-pending"
"sc-ssj","五代后蜀残石经","四川博物院","D-UNTRACED","2026-09-23","""五代后蜀残石经"" ""四川博物院"" 官方 馆藏","","no-validated-authority-page","本轮已按文物名+馆名逐件检索；未确认可直接引用的权威单件目录页。该空缺不是藏品不存在的证据。","","","not-assessed-ai-illustration","/artifacts/sc-ssj.jpg","195340dca2a499359016d7f4d94487fe88d29f612b6b9a446d34e34507be07c6","","","","","","","","","retain-ai-or-pending"
"sc-xsel","西周象首耳兽面纹铜罍","四川博物院","D-UNTRACED","2026-09-23","""西周象首耳兽面纹铜罍"" ""四川博物院"" 官方 馆藏","","no-validated-authority-page","本轮已按文物名+馆名逐件检索；未确认可直接引用的权威单件目录页。该空缺不是藏品不存在的证据。","","","not-assessed-ai-illustration","/artifacts/sc-xsel.jpg","d0f260c8461196df8e13efba906ae52d205fe7b3227b472e2749b95f10476d29","","","","","","","","","retain-ai-or-pending"
"js-sjc","新石器时代十节玉琮","成都金沙遗址博物馆","D-UNTRACED","2026-09-23","""新石器时代十节玉琮"" ""成都金沙遗址博物馆"" 官方 馆藏","","no-validated-authority-page","本轮已按文物名+馆名逐件检索；未确认可直接引用的权威单件目录页。该空缺不是藏品不存在的证据。","","","not-assessed-ai-illustration","/artifacts-v2/p1/js-sjc.png","4fa7d023744db4413a3388f1453febb3d72f0e81bd0bb364cfdcc7058de51530","","","","","","","","","retain-ai-or-pending"
"tp-rsp","北宋汝窑天青无纹水仙盆","台北故宫博物院","D-UNTRACED","2026-09-23","""北宋汝窑天青无纹水仙盆"" ""台北故宫博物院"" 官方 馆藏","","no-validated-authority-page","本轮已按文物名+馆名逐件检索；未确认可直接引用的权威单件目录页。该空缺不是藏品不存在的证据。","","","not-assessed-ai-illustration","/artifacts/tp-rsp.jpg","faab4cf5e132b0b1a7797b5e4e8ce7af29d45b96917c337b5c8b638e490a0ae7","","","","","","","","","retain-ai-or-pending"
"tp-kxs","晋王羲之《快雪时晴帖》","台北故宫博物院","D-UNTRACED","2026-09-23","""晋王羲之《快雪时晴帖》"" ""台北故宫博物院"" 官方 馆藏","","no-validated-authority-page","本轮已按文物名+馆名逐件检索；未确认可直接引用的权威单件目录页。该空缺不是藏品不存在的证据。","","","not-assessed-ai-illustration","/artifacts/tp-kxs.jpg","54c00829e2c7ea7fe08bd5ca704e748dc8055c2bd6a19dc576177a2cf88979f2","","","","","","","","","retain-ai-or-pending"
"tp-cyb","清翠玉白菜","台北故宫博物院","D-UNTRACED","2026-09-23","""清翠玉白菜"" ""台北故宫博物院"" 官方 馆藏","","no-validated-authority-page","本轮已按文物名+馆名逐件检索；未确认可直接引用的权威单件目录页。该空缺不是藏品不存在的证据。","","","not-assessed-ai-illustration","/artifacts/tp-cyb.jpg","60744c3877bb36ce986e3caa186e235e7e081878d0adca517ea8dd8c13fcf2a3","","","","","","","","","retain-ai-or-pending"
"tp-rxs","清肉形石","台北故宫博物院","D-UNTRACED","2026-09-23","""清肉形石"" ""台北故宫博物院"" 官方 馆藏","","no-validated-authority-page","本轮已按文物名+馆名逐件检索；未确认可直接引用的权威单件目录页。该空缺不是藏品不存在的证据。","","","not-assessed-ai-illustration","/artifacts/tp-rxs.jpg","c2ec47614b1ef1b6a2f4e85c7dbedf7647cd42a07f941833cdca285ac18ddcdf","","","","","","","","","retain-ai-or-pending"
"tp-mgd","西周毛公鼎","台北故宫博物院","D-UNTRACED","2026-09-23","""西周毛公鼎"" ""台北故宫博物院"" 官方 馆藏","","no-validated-authority-page","本轮已按文物名+馆名逐件检索；未确认可直接引用的权威单件目录页。该空缺不是藏品不存在的证据。","","","not-assessed-ai-illustration","/artifacts/tp-mgd.jpg","12e1cb076c3b17a9690cc980323964642637d998f196d33c40492273cf30f1ab","","","","","","","","","retain-ai-or-pending"
"tb-xjhl","范宽《雪景寒林图》","天津博物馆","C-SOURCE-PENDING","2026-09-23","核对来源文件页、许可说明及本地详情资源：https://commons.wikimedia.org/wiki/File:Xuejinghanlintu.jpg","","","已读取逐文件说明与许可证区域；本地缩图与原始文件尚缺完整绑定证据，授权继续待核。","https://commons.wikimedia.org/wiki/File:Xuejinghanlintu.jpg","PD-Art","pending","/artifacts/tb-xjhl.jpg","dd753d6f794edc27b11f710186a723500042702f329d6cc3d3fb32810606c0a7","dd753d6f794edc27b11f710186a723500042702f329d6cc3d3fb32810606c0a7","true","","","历史缩略图；原始裁切、压缩与下载链待复核。本次未改动图像像素。","false","false","open-missing-original-file-digest-and-source-to-derivative-proof","retain-current-pending"
"tb-yhc","乾隆款珐琅彩芍药雉鸡图玉壶春瓶","天津博物馆","D-UNTRACED","2026-09-23","""乾隆款珐琅彩芍药雉鸡图玉壶春瓶"" ""天津博物馆"" 官方 馆藏","","no-validated-authority-page","本轮已按文物名+馆名逐件检索；未确认可直接引用的权威单件目录页。该空缺不是藏品不存在的证据。","","","not-assessed-ai-illustration","/artifacts-v2/p1/tb-yhc.png","16f6ff0a78cc1a840555e6501466867b234d24bb117a1b66f89170e4e0bdfd2b","","","","","","","","","retain-ai-or-pending"
"tb-tbd","西周太保鼎","天津博物馆","D-UNTRACED","2026-09-23","""西周太保鼎"" ""天津博物馆"" 官方 馆藏","","no-validated-authority-page","本轮已按文物名+馆名逐件检索；未确认可直接引用的权威单件目录页。该空缺不是藏品不存在的证据。","","","not-assessed-ai-illustration","/artifacts-v2/p1/tb-tbd.png","d4c5be28625cabbeee76f783e2bd4afdc3f8295474b028dc7216904967e81513","","","","","","","","","retain-ai-or-pending"
"xz-ljf","明永乐鎏金铜佛造像","西藏博物馆","D-UNTRACED","2026-09-23","""明永乐鎏金铜佛造像"" ""西藏博物馆"" 官方 馆藏","","no-validated-authority-page","本轮已按文物名+馆名逐件检索；未确认可直接引用的权威单件目录页。该空缺不是藏品不存在的证据。","","","not-assessed-ai-illustration","/artifacts/xz-ljf.jpg","69bcd549d6af8af8c469366e6fe796ef192927a7cdbaa29d4c75259b93bf89a5","","","","","","","","","retain-ai-or-pending"
"xz-byj","吐蕃贝叶经","西藏博物馆","D-UNTRACED","2026-09-23","""吐蕃贝叶经"" ""西藏博物馆"" 官方 馆藏","","no-validated-authority-page","本轮已按文物名+馆名逐件检索；未确认可直接引用的权威单件目录页。该空缺不是藏品不存在的证据。","","","not-assessed-ai-illustration","/artifacts/xz-byj.jpg","fbc64c1b2363c922ba83c6317f070b43a109afc7431b52e3c87327fdaaa07b53","","","","","","","","","retain-ai-or-pending"
"xz-stg","新石器时代双体陶罐","西藏博物馆","D-UNTRACED","2026-09-23","""新石器时代双体陶罐"" ""西藏博物馆"" 官方 馆藏","","no-validated-authority-page","本轮已按文物名+馆名逐件检索；未确认可直接引用的权威单件目录页。该空缺不是藏品不存在的证据。","","","not-assessed-ai-illustration","/artifacts/xz-stg.jpg","34d15e51e35374384c0df2509ce5d97e7e45e80eab1ab972b1461976eed67d69","","","","","","","","","retain-ai-or-pending"
"hk-lsf","《洛神赋图》卷（北宋摹本）","香港故宫文化博物馆","D-UNTRACED","2026-09-23","""《洛神赋图》卷（北宋摹本）"" ""香港故宫文化博物馆"" 官方 馆藏","","no-validated-authority-page","本轮已按文物名+馆名逐件检索；未确认可直接引用的权威单件目录页。该空缺不是藏品不存在的证据。","","","not-assessed-ai-illustration","/artifacts/hk-lsf.jpg","28010bf973fce46192ed844c228ac5dc33c1bd5bcab9e2caa6330115cb2bcdd7","","","","","","","","","retain-ai-or-pending"
"hk-hrz","北宋定窑白釉孩儿枕","香港故宫文化博物馆","D-UNTRACED","2026-09-23","""北宋定窑白釉孩儿枕"" ""香港故宫文化博物馆"" 官方 馆藏","","no-validated-authority-page","本轮已按文物名+馆名逐件检索；未确认可直接引用的权威单件目录页。该空缺不是藏品不存在的证据。","","","not-assessed-ai-illustration","/artifacts-v2/p1/hk-hrz.png","4a435023095be1a5e941efe8b5cbb25979bb1084f16cbb3a852d180b88e37909","","","","","","","","","retain-ai-or-pending"
"hk-jgb","明永乐青花龙穿花纹扁瓶","香港故宫文化博物馆","C-SOURCE-PENDING","2026-09-23","核对来源文件页、许可说明及本地详情资源：https://www.hkpm.org.hk/sc/visit/audio-guide/g3-clay-to-treasure","https://www.hkpm.org.hk/sc/visit/audio-guide/g3-clay-to-treasure","","官方页面对应明永乐青花龙穿花纹扁瓶，标注 © 故宫博物院；未见开放许可，授权待核。","https://www.hkpm.org.hk/sc/visit/audio-guide/g3-clay-to-treasure","","pending","/artifact-sources/official/hk-jgb.png","2a68ca8c7c54fbc3049dbdb7cb102e587e1e355117723d7fe87bcd828426a7d5","2a68ca8c7c54fbc3049dbdb7cb102e587e1e355117723d7fe87bcd828426a7d5","true","","","历史缩略图；原始裁切、压缩与下载链待复核。本次未改动图像像素。","false","false","open-missing-original-file-digest-and-source-to-derivative-proof","retain-current-pending"
"xj-wxc","东汉“五星出东方利中国”锦护臂","新疆维吾尔自治区博物馆","D-UNTRACED","2026-09-23","""东汉“五星出东方利中国”锦护臂"" ""新疆维吾尔自治区博物馆"" 官方 馆藏","","no-validated-authority-page","本轮已按文物名+馆名逐件检索；未确认可直接引用的权威单件目录页。该空缺不是藏品不存在的证据。","","","not-assessed-ai-illustration","/artifacts/xj-wxc.jpg","a52ebaa3175895eb809a17abbfa927a7020c90d78a58f80e329869b1c1cd51e0","","","","","","","","","retain-ai-or-pending"
"xj-fxnv","唐《伏羲女娲图》绢画","新疆维吾尔自治区博物馆","D-UNTRACED","2026-09-23","""唐《伏羲女娲图》绢画"" ""新疆维吾尔自治区博物馆"" 官方 馆藏","","no-validated-authority-page","本轮已按文物名+馆名逐件检索；未确认可直接引用的权威单件目录页。该空缺不是藏品不存在的证据。","","","not-assessed-ai-illustration","/artifacts/xj-fxnv.jpg","8910c6b5525d49ba88fbf3e9c5b5390428babf02cd3ba33e034d924b2e7c754a","","","","","","","","","retain-ai-or-pending"
"xj-thy","唐彩绘天王踏鬼木俑","新疆维吾尔自治区博物馆","D-UNTRACED","2026-09-23","""唐彩绘天王踏鬼木俑"" ""新疆维吾尔自治区博物馆"" 官方 馆藏","","no-validated-authority-page","本轮已按文物名+馆名逐件检索；未确认可直接引用的权威单件目录页。该空缺不是藏品不存在的证据。","","","not-assessed-ai-illustration","/artifacts/xj-thy.jpg","9a5aaf00915a0975c3b37b9c1345885016c48d8f704806ee89b7f744d70fcbed","","","","","","","","","retain-ai-or-pending"
"yn-jcn","宋大理国银鎏金镶珠金翅鸟","云南省博物馆","C-SOURCE-PENDING","2026-09-23","核对来源文件页、许可说明及本地详情资源：https://commons.wikimedia.org/wiki/File:%E5%A4%A7%E7%90%86%E5%B4%87%E5%9C%A3%E5%AF%BA%E5%8D%83%E5%AF%BB%E5%A1%94%E5%87%BA%E5%9C%9F-%E9%93%B6%E9%8E%8F%E9%87%91%E9%95%B6%E7%8F%A0%E9%87%91%E7%BF%85%E9%B8%9F-%E5%A4%A7%E7%90%86%E5%9B%BD-%E4%BA%91%E5%8D%97%E7%9C%81%E5%8D%9A%E7%89%A9%E9%A6%86_2025-09-18_04.jpg","","","已读取逐文件说明与许可证区域；本地缩图与原始文件尚缺完整绑定证据，授权继续待核。","https://commons.wikimedia.org/wiki/File:%E5%A4%A7%E7%90%86%E5%B4%87%E5%9C%A3%E5%AF%BA%E5%8D%83%E5%AF%BB%E5%A1%94%E5%87%BA%E5%9C%9F-%E9%93%B6%E9%8E%8F%E9%87%91%E9%95%B6%E7%8F%A0%E9%87%91%E7%BF%85%E9%B8%9F-%E5%A4%A7%E7%90%86%E5%9B%BD-%E4%BA%91%E5%8D%97%E7%9C%81%E5%8D%9A%E7%89%A9%E9%A6%86_2025-09-18_04.jpg","CC BY-SA 4.0","pending","/artifacts/yn-jcn.jpg","f33499df6ce356043c3815fbd6895861618a38adcce8376222c703c2b75ca24c","f33499df6ce356043c3815fbd6895861618a38adcce8376222c703c2b75ca24c","true","","","历史缩略图；原始裁切、压缩与下载链待复核。本次未改动图像像素。","false","false","open-missing-original-file-digest-and-source-to-derivative-proof","retain-current-pending"
"yn-dwy","西汉“滇王之印”金印","云南省博物馆","D-UNTRACED","2026-09-23","""西汉“滇王之印”金印"" ""云南省博物馆"" 官方 馆藏","https://www.ynrd.gov.cn/html/2021/bainiandangshi_1111/15713.html","museum-assignment-conflict","云南人大网页面称“滇王之印”现收藏于中国国家博物馆，与项目当前“云南省博物馆”归属冲突；需人工复核馆藏归属，未改业务数据。","","","not-assessed-ai-illustration","/artifacts/yn-dwy.jpg","dbc804e0b7f9f39b65311756b53da9f6d852b7242b22a7831fa25bd6d561e6b0","","","","","","","","","retain-ai-or-pending"
"yn-nha","战国牛虎铜案","云南省博物馆","D-UNTRACED","2026-09-23","""战国牛虎铜案"" ""云南省博物馆"" 官方 馆藏","","no-validated-authority-page","本轮已按文物名+馆名逐件检索；未确认可直接引用的权威单件目录页。该空缺不是藏品不存在的证据。","","","not-assessed-ai-illustration","/artifacts/yn-nha.jpg","caa3d2e6add09871c6ac4fc2f13283281bf42bbf30258778fe15e0005c5ede37","","","","","","","","","retain-ai-or-pending"
"zj-sncy","河姆渡文化双鸟朝阳纹牙雕","浙江省博物馆","D-UNTRACED","2026-09-23","""河姆渡文化双鸟朝阳纹牙雕"" ""浙江省博物馆"" 官方 馆藏","","no-validated-authority-page","本轮已按文物名+馆名逐件检索；未确认可直接引用的权威单件目录页。该空缺不是藏品不存在的证据。","","","not-assessed-ai-illustration","/artifacts/zj-sncy.jpg","92f6120f1eb58609b72014e09852682cd4d786a60390a917c25bd342f8d03961","","","","","","","","","retain-ai-or-pending"
"zj-fcst","黄公望《富春山居图·剩山图》","浙江省博物馆","C-SOURCE-PENDING","2026-09-23","核对来源文件页、许可说明及本地详情资源：无来源页","","","已检索到分类页线索，逐文件说明页读取失败；不据文件名或分类页页脚填写作者与许可。","","","pending","/artifacts/zj-fcst.jpg","febf065b464e30c7221a621b9926ac89607a51d4b18dad6d12a42498ba7031ca","febf065b464e30c7221a621b9926ac89607a51d4b18dad6d12a42498ba7031ca","true","","","历史缩略图；原始裁切、压缩与下载链待复核。本次未改动图像像素。","false","false","open-missing-original-file-digest-and-source-to-derivative-proof","retain-current-pending"
"nb-hyz","唐越窑青瓷荷叶盏托","宁波博物院","D-UNTRACED","2026-09-23","""唐越窑青瓷荷叶盏托"" ""宁波博物院"" 官方 馆藏","","no-validated-authority-page","本轮已按文物名+馆名逐件检索；未确认可直接引用的权威单件目录页。该空缺不是藏品不存在的证据。","","","not-assessed-ai-illustration","/artifacts/nb-hyz.jpg","ca7f74139753099212bb8aff14b81d92261cebaf02089584b550bbcd3a474a26","","","","","","","","","retain-ai-or-pending"
"zj-aywt","五代吴越国鎏金银阿育王塔","浙江省博物馆","D-UNTRACED","2026-09-23","""五代吴越国鎏金银阿育王塔"" ""浙江省博物馆"" 官方 馆藏","","no-validated-authority-page","本轮已按文物名+馆名逐件检索；未确认可直接引用的权威单件目录页。该空缺不是藏品不存在的证据。","","","not-assessed-ai-illustration","/artifacts/zj-aywt.jpg","c6bf7f901c55d4550de325868b7830e28ae405e64297bb934693a181ce6b9c38","","","","","","","","","retain-ai-or-pending"
"nb-yrjd","战国羽人竞渡纹铜钺","宁波博物院","D-UNTRACED","2026-09-23","""战国羽人竞渡纹铜钺"" ""宁波博物院"" 官方 馆藏","","no-validated-authority-page","本轮已按文物名+馆名逐件检索；未确认可直接引用的权威单件目录页。该空缺不是藏品不存在的证据。","","","not-assessed-ai-illustration","/artifacts/nb-yrjd.jpg","dd4362868ef87e9de410f38c73d45310b2c91c8087236f6006460e928f7cfa89","","","","","","","","","retain-ai-or-pending"
