"优先级","文物ID","文物名称","博物馆ID","博物馆","省份","朝代","时代","类别","形态","故事字数","已映射","V2已迁移","卡片文件存在","详情文件存在","卡片路径","卡片类型","卡片适配","详情路径","详情类型","详情适配","卡片详情同图","卡片详情类型组合","卡片需线刻回退","详情需线刻回退","卡片视觉审核","卡片史实审核","详情视觉审核","详情史实审核","宽","高","宽高比","详情宽","详情高","详情宽高比","长卷详情模式","字节数","SHA256","credit","生产AI标记","AI候选数量","数据问题","图片问题","来源元数据问题","建议动作"
"P2","ah-czd","战国铸客大鼎（楚大鼎）","anhui","安徽博物院","安徽省","战国","先秦","青铜器","ding","89","true","false","true","true","/artifacts/ah-czd.jpg","ai","","/artifacts/ah-czd.jpg","ai","","true","ai-ai","false","false","","","","","600","900","0.667","600","900","0.667","","73239","4c074e5a535a508fdb3933535cf52c0d20f339ee860856f0be533e079f9c4129","AI 生成示意","true","0","","短边低于900px:600","card:缺少结构化provenance；card:缺少视觉/史实审核记录；detail:缺少结构化provenance；detail:缺少视觉/史实审核记录","列入第二批AI重置并同步修订数据"
"P2","ah-wgj","春秋吴王光鉴","anhui","安徽博物院","安徽省","春秋","先秦","青铜器","pot","78","true","false","true","true","/artifacts/ah-wgj.jpg","ai","","/artifacts/ah-wgj.jpg","ai","","true","ai-ai","false","false","","","","","600","900","0.667","600","900","0.667","","76658","7bb49116228e09dfb92171ca54440a6da79061c95b369dd05c1c92dd20b07a5d","AI 生成示意","true","0","故事偏短:78字","短边低于900px:600","card:缺少结构化provenance；card:缺少视觉/史实审核记录；detail:缺少结构化provenance；detail:缺少视觉/史实审核记录","列入第二批AI重置并同步修订数据"
"P2","ah-yqz","北宋景德镇窑影青注子温碗","anhui","安徽博物院","安徽省","北宋","宋辽金元","陶瓷","bowl","69","true","false","true","true","/artifacts/ah-yqz.jpg","ai","","/artifacts/ah-yqz.jpg","ai","","true","ai-ai","false","false","","","","","600","900","0.667","600","900","0.667","","45772","8cb1f7e9a8c84b41a5ad5c7a9f48719e646e458cca3330e17f7aae9d15b88247","AI 生成示意","true","0","故事偏短:69字","短边低于900px:600","card:缺少结构化provenance；card:缺少视觉/史实审核记录；detail:缺少结构化provenance；detail:缺少视觉/史实审核记录","列入第二批AI重置并同步修订数据"
"P2","bj-hg","西周㝬簋（胡簋）","baoji","宝鸡青铜器博物院","陕西省","西周","先秦","青铜器","pot","110","true","false","true","true","/artifacts/bj-hg.jpg","ai","","/artifacts/bj-hg.jpg","ai","","true","ai-ai","false","false","","","","","600","900","0.667","600","900","0.667","","83026","f4dad75c5f656cd2eb299e26ab93b5ce1266638741e98e71750abbfbe4340436","AI 生成示意","true","0","","短边低于900px:600","card:缺少结构化provenance；card:缺少视觉/史实审核记录；detail:缺少结构化provenance；detail:缺少视觉/史实审核记录","列入第二批AI重置并同步修订数据"
"P2","bj-hz","西周何尊","baoji","宝鸡青铜器博物院","陕西省","西周","先秦","青铜器","zun","79","true","false","true","true","/artifacts/bj-hz.jpg","ai","","/artifacts/bj-hz.jpg","ai","","true","ai-ai","false","false","","","","","600","900","0.667","600","900","0.667","","84187","9fa823587521f5d1f644c51771d9bef467acd3d95cad27ffcdc3b5166b703427","AI 生成示意","true","0","故事偏短:79字","短边低于900px:600","card:缺少结构化provenance；card:缺少视觉/史实审核记录；detail:缺少结构化provenance；detail:缺少视觉/史实审核记录","列入第二批AI重置并同步修订数据"
"P2","bj-lp","西周逨盘","baoji","宝鸡青铜器博物院","陕西省","西周","先秦","青铜器","bowl","74","true","false","true","true","/artifacts/bj-lp.jpg","ai","","/artifacts/bj-lp.jpg","ai","","true","ai-ai","false","false","","","","","600","900","0.667","600","900","0.667","","83195","ed0a08b6370cfe98bd36af30badc3bfe47d330d07b9aa9fc7e17fa504335614e","AI 生成示意","true","0","故事偏短:74字","短边低于900px:600","card:缺少结构化provenance；card:缺少视觉/史实审核记录；detail:缺少结构化provenance；detail:缺少视觉/史实审核记录","列入第二批AI重置并同步修订数据"
"P2","cq-hty","明唐寅临《韩熙载夜宴图》卷","sanxia","重庆中国三峡博物馆","重庆市","明","明清","书画","scroll","96","true","false","true","true","/artifacts/cq-hty.jpg","ai","","/artifacts/cq-hty.jpg","ai","","true","ai-ai","false","false","","","","","600","900","0.667","600","900","0.667","static","66783","2279bb79b0129a15f7deb0394133e89589e169ded6dd53e40c3397c7a43ecaaf","AI 生成示意","true","0","","短边低于900px:600","card:缺少结构化provenance；card:缺少视觉/史实审核记录；detail:缺少结构化provenance；detail:缺少视觉/史实审核记录","列入第二批AI重置并同步修订数据"
"P2","cq-nxz","战国青铜鸟形尊","sanxia","重庆中国三峡博物馆","重庆市","战国","先秦","青铜器","zun","102","true","false","true","true","/artifacts/cq-nxz.jpg","ai","","/artifacts/cq-nxz.jpg","ai","","true","ai-ai","false","false","","","","","600","900","0.667","600","900","0.667","","63909","bcd96387590dcfe8f902bb1dfe56ae19f71d258a892544cbf32cb4f18b17fd75","AI 生成示意","true","0","","短边低于900px:600","card:缺少结构化provenance；card:缺少视觉/史实审核记录；detail:缺少结构化provenance；detail:缺少视觉/史实审核记录","列入第二批AI重置并同步修订数据"
"P2","cq-wyq","东汉乌杨石阙","sanxia","重庆中国三峡博物馆","重庆市","东汉","秦汉","石刻","stele","74","true","true","true","true","/artifacts-v2/p2-source/cq-wyq.png","ai","cover","/artifacts/cq-wyq.jpg","source","contain","false","ai-source","false","false","approved","pending","approved","pending","1122","1402","0.8","601","900","0.668","","1973172","d4f2a1239977cc0f8e9805d52588d999949e346b7a97892983b708d5eaad16ba","AI 生成示意 · 基于真实来源图统一展陈","true","0","故事偏短:74字","","detail:缺少来源页URL；detail:缺少作者/机构；detail:缺少许可类型；detail:缺少许可URL；detail:缺少核验日期；detail:授权尚未确认；detail:当前文件来源绑定未确认","已登记V2：继续视觉、史实与来源许可核验，不代表授权通过"
"P2","cs-dhj","东汉五一广场简牍","csjiandu","长沙简牍博物馆","湖南省","东汉","秦汉","简牍","stele","60","true","false","true","true","/artifacts/cs-dhj.jpg","ai","","/artifacts/cs-dhj.jpg","ai","","true","ai-ai","false","false","","","","","600","900","0.667","600","900","0.667","","81222","e351839b43bd2ba819cc3002bf325070ce1a3fae394d9458c78288f70e2923f2","AI 生成示意","true","0","故事偏短:60字","短边低于900px:600","card:缺少结构化provenance；card:缺少视觉/史实审核记录；detail:缺少结构化provenance；detail:缺少视觉/史实审核记录","列入第二批AI重置并同步修订数据"
"P2","cs-zml","三国长沙走马楼吴简","csjiandu","长沙简牍博物馆","湖南省","三国","魏晋南北朝","简牍","stele","88","true","false","true","true","/artifacts/cs-zml.jpg","ai","","/artifacts/cs-zml.jpg","ai","","true","ai-ai","false","false","","","","","600","900","0.667","600","900","0.667","","100912","4c689150307600625c4e5797ab65d36ffc0646caa6a4381e9c6c34a227b90a41","AI 生成示意","true","0","","短边低于900px:600","card:缺少结构化provenance；card:缺少视觉/史实审核记录；detail:缺少结构化provenance；detail:缺少视觉/史实审核记录","列入第二批AI重置并同步修订数据"
"P2","dh-ft","唐飞天壁画","dunhuang","敦煌研究院（莫高窟）","甘肃省","唐","隋唐五代","书画","figure","70","true","false","true","true","/artifacts/dh-ft.jpg","ai","","/artifacts/dh-ft.jpg","ai","","true","ai-ai","false","false","","","","","600","900","0.667","600","900","0.667","","70259","f729b918163c6ef506c771852aa2b2cab7094d7dbcd989f7b8f9d938ae1c1208","AI 生成示意","true","0","故事偏短:70字","短边低于900px:600","card:缺少结构化provenance；card:缺少视觉/史实审核记录；detail:缺少结构化provenance；detail:缺少视觉/史实审核记录","列入第二批AI重置并同步修订数据"
"P2","dh-jsl","北魏第257窟《九色鹿本生》壁画","dunhuang","敦煌研究院（莫高窟）","甘肃省","北魏","魏晋南北朝","书画","scroll","73","true","false","true","true","/artifacts/dh-jsl.jpg","ai","","/artifacts/dh-jsl.jpg","ai","","true","ai-ai","false","false","","","","","600","900","0.667","600","900","0.667","static","100161","f257091d929fb0a7c8f12744e36043dfd1010cce369106673e44da76241d81af","AI 生成示意","true","0","故事偏短:73字","短边低于900px:600","card:缺少结构化provenance；card:缺少视觉/史实审核记录；detail:缺少结构化provenance；detail:缺少视觉/史实审核记录","列入第二批AI重置并同步修订数据"
"P2","dh-swk","唐第45窟彩塑群像","dunhuang","敦煌研究院（莫高窟）","甘肃省","唐","隋唐五代","石刻","buddha","69","true","false","true","true","/artifacts/dh-swk.jpg","ai","","/artifacts/dh-swk.jpg","ai","","true","ai-ai","false","false","","","","","600","900","0.667","600","900","0.667","","86696","e18f030c24f0d06fec743e3c8d513601f46136812120e1decd917ea8587cfc0d","AI 生成示意","true","0","故事偏短:69字","短边低于900px:600","card:缺少结构化provenance；card:缺少视觉/史实审核记录；detail:缺少结构化provenance；detail:缺少视觉/史实审核记录","列入第二批AI重置并同步修订数据"
"P2","dt-lbl","北魏蓝玻璃碗","datong","大同市博物馆","山西省","北魏","魏晋南北朝","陶瓷","bowl","68","true","false","true","true","/artifacts/dt-lbl.jpg","ai","","/artifacts/dt-lbl.jpg","ai","","true","ai-ai","false","false","","","","","600","900","0.667","600","900","0.667","","52082","1be1479917d64c3835f2df0afcd86b4e5678ebf3d41e1b14772cf6fbd8e05c4f","AI 生成示意","true","0","故事偏短:68字","短边低于900px:600","card:缺少结构化provenance；card:缺少视觉/史实审核记录；detail:缺少结构化provenance；detail:缺少视觉/史实审核记录","列入第二批AI重置并同步修订数据"
"P2","dt-ytz","司马金龙墓釉陶俑阵","datong","大同市博物馆","山西省","北魏","魏晋南北朝","陶俑","figure","113","true","false","true","true","/artifacts/dt-ytz.jpg","ai","","/artifacts/dt-ytz.jpg","ai","","true","ai-ai","false","false","","","","","600","900","0.667","600","900","0.667","","74964","c0da4e3b7f2215c2c85b0394ded8738716efbe53117f49a031a9692cde5f1326","AI 生成示意","true","0","","短边低于900px:600","card:缺少结构化provenance；card:缺少视觉/史实审核记录；detail:缺少结构化provenance；detail:缺少视觉/史实审核记录","列入第二批AI重置并同步修订数据"
"P2","dz-jp","北宋定窑白釉刻花龙首净瓶","dingzhou","定州博物馆","河北省","北宋","宋辽金元","陶瓷","vase","88","true","false","true","true","/artifacts/dz-jp.jpg","ai","","/artifacts/dz-jp.jpg","ai","","true","ai-ai","false","false","","","","","600","900","0.667","600","900","0.667","","48748","23986f1a202705cd6f192c057c57d6e4d1eb22e511f15fe7e6cbad77bd319476","AI 生成示意","true","0","","短边低于900px:600","card:缺少结构化provenance；card:缺少视觉/史实审核记录；detail:缺少结构化provenance；detail:缺少视觉/史实审核记录","列入第二批AI重置并同步修订数据"
"P2","dz-lgd","东汉龙螭衔环谷纹青玉璧","dingzhou","定州博物馆","河北省","东汉","秦汉","玉器","jade","119","true","false","true","true","/artifacts/dz-lgd.jpg","ai","","/artifacts/dz-lgd.jpg","ai","","true","ai-ai","false","false","","","","","600","900","0.667","600","900","0.667","","75662","eb323d2eb27203f3625c79caca1ce7c9ceee8d3c387870d5d23af3765aa10643","AI 生成示意","true","0","","短边低于900px:600","card:缺少结构化provenance；card:缺少视觉/史实审核记录；detail:缺少结构化provenance；detail:缺少视觉/史实审核记录","列入第二批AI重置并同步修订数据"
"P2","dz-mnt","南宋宝顶山牧牛图","dazu","大足石刻博物馆","重庆市","南宋","宋辽金元","石刻","stele","110","true","false","true","true","/artifacts/dz-mnt.jpg","ai","","/artifacts/dz-mnt.jpg","ai","","true","ai-ai","false","false","","","","","600","900","0.667","600","900","0.667","","96349","dfa75d4d7263b11414e98afa0b2252c45c0c6251bc402da4c3f7e03dbba5dea5","AI 生成示意","true","0","","短边低于900px:600","card:缺少结构化provenance；card:缺少视觉/史实审核记录；detail:缺少结构化provenance；detail:缺少视觉/史实审核记录","列入第二批AI重置并同步修订数据"
"P2","dz-qsg","南宋宝顶山千手观音","dazu","大足石刻博物馆","重庆市","南宋","宋辽金元","石刻","buddha","76","true","true","true","true","/artifacts-v2/p2-source/dz-qsg.png","ai","cover","/artifacts/dz-qsg.jpg","source","contain","false","ai-source","false","false","approved","pending","approved","pending","1122","1402","0.8","900","675","1.333","","3059311","0e2b15917360e1ebd3f36015f74c51c2df52084d4d0c5e2d5aa09beb799fce48","AI 生成示意 · 基于真实来源图统一展陈","true","0","故事偏短:76字","","detail:授权尚未确认；detail:当前文件来源绑定未确认","已登记V2：继续视觉、史实与来源许可核验，不代表授权通过"
"P2","dz-yzp","东汉透雕神仙故事玉座屏","dingzhou","定州博物馆","河北省","东汉","秦汉","玉器","jade","104","true","false","true","true","/artifacts/dz-yzp.jpg","ai","","/artifacts/dz-yzp.jpg","ai","","true","ai-ai","false","false","","","","","600","900","0.667","600","900","0.667","","84893","4e2eb2b345a834c301b8c5760022391d7a7e5687c5fdebe42aaefa7e5e241fff","AI 生成示意","true","0","","短边低于900px:600","card:缺少结构化provenance；card:缺少视觉/史实审核记录；detail:缺少结构化provenance；detail:缺少视觉/史实审核记录","列入第二批AI重置并同步修订数据"
"P2","dz-zlj","南宋北山转轮经藏窟造像","dazu","大足石刻博物馆","重庆市","南宋","宋辽金元","石刻","buddha","66","true","false","true","true","/artifacts/dz-zlj.jpg","ai","","/artifacts/dz-zlj.jpg","ai","","true","ai-ai","false","false","","","","","600","900","0.667","600","900","0.667","","100455","7f336c55b68d1bb9ea942677b0dc5fc13abf6fec34caafd89e92f6504bb6723d","AI 生成示意","true","0","故事偏短:66字","短边低于900px:600","card:缺少结构化provenance；card:缺少视觉/史实审核记录；detail:缺少结构化provenance；detail:缺少视觉/史实审核记录","列入第二批AI重置并同步修订数据"
"P2","fj-dhgy","明德化窑何朝宗款白釉观音像","fujian","福建博物院","福建省","明","明清","陶瓷","buddha","99","true","false","true","true","/artifacts/fj-dhgy.jpg","ai","","/artifacts/fj-dhgy.jpg","ai","","true","ai-ai","false","false","","","","","600","900","0.667","600","900","0.667","","65911","a1c21a0789ffb95adb376bdd01c11d2d0cc8430c14a3e8c70b51df0202a1dbbd","AI 生成示意","true","0","","短边低于900px:600","card:缺少结构化provenance；card:缺少视觉/史实审核记录；detail:缺少结构化provenance；detail:缺少视觉/史实审核记录","列入第二批AI重置并同步修订数据"
"P2","fj-jyz","南宋建窑黑釉兔毫盏","fujian","福建博物院","福建省","南宋","宋辽金元","陶瓷","bowl","62","true","false","true","true","/artifacts/fj-jyz.jpg","ai","","/artifacts/fj-jyz.jpg","ai","","true","ai-ai","false","false","","","","","600","900","0.667","600","900","0.667","","61740","dafcf4e66dac7106c30cc65de9b716dae323844e5d56658d236f0f5376473736","AI 生成示意","true","0","故事偏短:62字","短边低于900px:600","card:缺少结构化provenance；card:缺少视觉/史实审核记录；detail:缺少结构化provenance；detail:缺少视觉/史实审核记录","列入第二批AI重置并同步修订数据"
"P2","fj-kql","五代孔雀蓝釉陶瓶","fujian","福建博物院","福建省","五代","隋唐五代","陶瓷","vase","63","true","false","true","true","/artifacts/fj-kql.jpg","ai","","/artifacts/fj-kql.jpg","ai","","true","ai-ai","false","false","","","","","600","900","0.667","600","900","0.667","","63684","2ed735895bf9439afefe89f1e59fc4f8ca25125de56b83ab1030d4dc3f2ebadd","AI 生成示意","true","0","故事偏短:63字","短边低于900px:600","card:缺少结构化provenance；card:缺少视觉/史实审核记录；detail:缺少结构化provenance；detail:缺少视觉/史实审核记录","列入第二批AI重置并同步修订数据"
"P2","gb-hsyl","红山文化C形玉龙","guobo","中国国家博物馆","北京市","新石器时代","先秦","玉器","jade","104","true","false","true","true","/artifacts/gb-hsyl.jpg","ai","","/artifacts/gb-hsyl.jpg","ai","","true","ai-ai","false","false","","","","","600","900","0.667","600","900","0.667","","45527","4c90a46a33e0fe5eda55930c9ae1c6ef4d1b3b880146e8a8f04de41516884862","AI 生成示意","true","0","","短边低于900px:600","card:缺少结构化provenance；card:缺少视觉/史实审核记录；detail:缺少结构化provenance；detail:缺少视觉/史实审核记录","列入第二批AI重置并同步修订数据"
"P2","gd-dsk","清金漆木雕大神龛","guangdong","广东省博物馆","广东省","清","明清","漆器","lacquer","65","true","false","true","true","/artifacts/gd-dsk.jpg","ai","","/artifacts/gd-dsk.jpg","ai","","true","ai-ai","false","false","","","","","600","900","0.667","600","900","0.667","","132663","a68793a9d0c48aea2d75ec8e4ee11c8d3b3bf81323fcec4d9228889f1a4f75ee","AI 生成示意","true","0","故事偏短:65字","短边低于900px:600","card:缺少结构化provenance；card:缺少视觉/史实审核记录；detail:缺少结构化provenance；detail:缺少视觉/史实审核记录","列入第二批AI重置并同步修订数据"
"P2","gd-mlt","南宋陈容《墨龙图》轴","guangdong","广东省博物馆","广东省","南宋","宋辽金元","书画","scroll","64","true","false","true","true","/artifacts/gd-mlt.jpg","ai","","/artifacts/gd-mlt.jpg","ai","","true","ai-ai","false","false","","","","","600","900","0.667","600","900","0.667","static","66076","c10cbf3a47e1f70b629a1c1b5ef818d2853498aa55b16b92fd077f38dd860b6b","AI 生成示意","true","0","故事偏短:64字","短边低于900px:600","card:缺少结构化provenance；card:缺少视觉/史实审核记录；detail:缺少结构化provenance；detail:缺少视觉/史实审核记录","列入第二批AI重置并同步修订数据"
"P2","gd-qjy","清端石千金猴王砚","guangdong","广东省博物馆","广东省","清","明清","杂项","misc","71","true","false","true","true","/artifacts/gd-qjy.jpg","ai","","/artifacts/gd-qjy.jpg","ai","","true","ai-ai","false","false","","","","","600","900","0.667","600","900","0.667","","69212","35acf5a848d8d710e287f224ed91ff534709e3cb8d5820a38b9f529fd33d64f8","AI 生成示意","true","0","故事偏短:71字","短边低于900px:600","card:缺少结构化provenance；card:缺少视觉/史实审核记录；detail:缺少结构化provenance；detail:缺少视觉/史实审核记录","列入第二批AI重置并同步修订数据"
"P2","gg-qmsh","《清明上河图》卷","gugong","故宫博物院","北京市","北宋","宋辽金元","书画","scroll","90","true","true","true","true","/artifact-sources/user-qingming/gg-qmsh-hongqiao-card.jpg","source","cover","/artifact-sources/user-qingming/gg-qmsh-reading.jpg","source","contain","false","source-source","false","false","approved","pending","approved","pending","960","737","1.303","16000","770","20.779","panorama","236179","c73cf96aa9955e619579fb785a6f18fbf60ef4aca793463731da76944ccbe4bb","用户提供《清明上河图》影像 · 虹桥局部","false","0","","短边低于900px:737","card:缺少来源页URL；card:缺少许可类型；card:缺少许可URL；card:缺少核验日期；card:授权尚未确认；card:当前文件来源绑定未确认；detail:缺少来源页URL；detail:缺少许可类型；detail:缺少许可URL；detail:缺少核验日期；detail:授权尚未确认；detail:当前文件来源绑定未确认","已登记V2：继续视觉、史实与来源许可核验，不代表授权通过"
"P2","gs-rts","仰韶人头形器口彩陶瓶","gansu","甘肃省博物馆","甘肃省","新石器时代","先秦","陶瓷","vase","72","true","false","true","true","/artifacts/gs-rts.jpg","ai","","/artifacts/gs-rts.jpg","ai","","true","ai-ai","false","false","","","","","600","900","0.667","600","900","0.667","","69669","8f3f2581a85a31459d99e3725e9fe250b84c3e2ac3ff77349a33932bb1eb0693","AI 生成示意","true","0","故事偏短:72字","短边低于900px:600","card:缺少结构化provenance；card:缺少视觉/史实审核记录；detail:缺少结构化provenance；detail:缺少视觉/史实审核记录","列入第二批AI重置并同步修订数据"
"P2","gs-tbm","东汉铜奔马（马踏飞燕）","gansu","甘肃省博物馆","甘肃省","东汉","秦汉","青铜器","horse","71","true","false","true","true","/artifacts/gs-tbm.jpg","ai","","/artifacts/gs-tbm.jpg","ai","","true","ai-ai","false","false","","","","","600","900","0.667","600","900","0.667","","48129","c9369e0b58b3d95707895aa2bbdfefeb93dba79d0a04c71fa6fbb55deeef30dc","AI 生成示意","true","0","故事偏短:71字","短边低于900px:600","card:缺少结构化provenance；card:缺少视觉/史实审核记录；detail:缺少结构化provenance；detail:缺少视觉/史实审核记录","列入第二批AI重置并同步修订数据"
"P2","gs-yxt","魏晋驿使图画像砖","gansu","甘肃省博物馆","甘肃省","魏晋","魏晋南北朝","石刻","stele","75","true","false","true","true","/artifacts/gs-yxt.jpg","ai","","/artifacts/gs-yxt.jpg","ai","","true","ai-ai","false","false","","","","","600","900","0.667","600","900","0.667","","88849","744c6ba7aa9e4916e584152190370066b1ac89cd67c3bfb6f845272b36c0be9e","AI 生成示意","true","0","故事偏短:75字","短边低于900px:600","card:缺少结构化provenance；card:缺少视觉/史实审核记录；detail:缺少结构化provenance；detail:缺少视觉/史实审核记录","列入第二批AI重置并同步修订数据"
"P2","gx-qht","西汉漆绘提梁铜筒","guangxi","广西壮族自治区博物馆","广西壮族自治区","西汉","秦汉","漆器","pot","60","true","false","true","true","/artifacts/gx-qht.jpg","ai","","/artifacts/gx-qht.jpg","ai","","true","ai-ai","false","false","","","","","600","900","0.667","600","900","0.667","","76052","ffe115fa0e6c38611c34f4544c0d79d0f31bc803732977d99bd58c41d09d94ed","AI 生成示意","true","0","故事偏短:60字","短边低于900px:600","card:缺少结构化provenance；card:缺少视觉/史实审核记录；detail:缺少结构化provenance；detail:缺少视觉/史实审核记录","列入第二批AI重置并同步修订数据"
"P2","gx-xlt","西汉翔鹭纹铜鼓","guangxi","广西壮族自治区博物馆","广西壮族自治区","西汉","秦汉","青铜器","drum","81","true","false","true","true","/artifacts/gx-xlt.jpg","ai","","/artifacts/gx-xlt.jpg","ai","","true","ai-ai","false","false","","","","","600","900","0.667","600","900","0.667","","75464","ecc2a1ec17ab893e52ecf21c56980de1d671d2577219c7cc3afa2754f6930337","AI 生成示意","true","0","","短边低于900px:600","card:缺少结构化provenance；card:缺少视觉/史实审核记录；detail:缺少结构化provenance；detail:缺少视觉/史实审核记录","列入第二批AI重置并同步修订数据"
"P2","gx-yfd","西汉羽纹铜凤灯","guangxi","广西壮族自治区博物馆","广西壮族自治区","西汉","秦汉","青铜器","lamp","86","true","false","true","true","/artifacts/gx-yfd.jpg","ai","","/artifacts/gx-yfd.jpg","ai","","true","ai-ai","false","false","","","","","600","900","0.667","600","900","0.667","","60932","253a7ee40c08dbf955b8950b4a04bbbd6a586c6821115668ca7a6b4df42baed3","AI 生成示意","true","0","","短边低于900px:600","card:缺少结构化provenance；card:缺少视觉/史实审核记录；detail:缺少结构化provenance；detail:缺少视觉/史实审核记录","列入第二批AI重置并同步修订数据"
"P2","gz-myg","清苗族银冠","guizhou","贵州省博物馆","贵州省","清","明清","金银器","gold","60","true","false","true","true","/artifacts/gz-myg.jpg","ai","","/artifacts/gz-myg.jpg","ai","","true","ai-ai","false","false","","","","","600","900","0.667","600","900","0.667","","110596","874ae217193bc68e18f37c3d7d4625ae29f13ff58207a60331801a153f698281","AI 生成示意","true","0","故事偏短:60字","短边低于900px:600","card:缺少结构化provenance；card:缺少视觉/史实审核记录；detail:缺少结构化provenance；detail:缺少视觉/史实审核记录","列入第二批AI重置并同步修订数据"
"P2","gz-tcm","东汉铜车马","guizhou","贵州省博物馆","贵州省","东汉","秦汉","青铜器","chariot","66","true","false","true","true","/artifacts/gz-tcm.jpg","ai","","/artifacts/gz-tcm.jpg","ai","","true","ai-ai","false","false","","","","","600","900","0.667","600","900","0.667","","75862","441ee7cc1b182e0f9096d5f7dad5386909c0e3815349683f6a9edb328e41c573","AI 生成示意","true","0","故事偏短:66字","短边低于900px:600","card:缺少结构化provenance；card:缺少视觉/史实审核记录；detail:缺少结构化provenance；detail:缺少视觉/史实审核记录","列入第二批AI重置并同步修订数据"
"P2","gz-yjg","明播州杨氏土司金凤冠","guizhou","贵州省博物馆","贵州省","明","明清","金银器","gold","61","true","false","true","true","/artifacts/gz-yjg.jpg","ai","","/artifacts/gz-yjg.jpg","ai","","true","ai-ai","false","false","","","","","600","900","0.667","600","900","0.667","","111711","a02f38083edc84d74d722923d85256e39ead88eb90a719b8d9539673f0d2a13f","AI 生成示意","true","0","故事偏短:61字","短边低于900px:600","card:缺少结构化provenance；card:缺少视觉/史实审核记录；detail:缺少结构化provenance；detail:缺少视觉/史实审核记录","列入第二批AI重置并同步修订数据"
"P2","hain-hgj","南宋华光礁I号沉船出水青白瓷","hainan","海南省博物馆","海南省","南宋","宋辽金元","陶瓷","bowl","91","true","false","true","true","/artifacts/hain-hgj.jpg","ai","","/artifacts/hain-hgj.jpg","ai","","true","ai-ai","false","false","","","","","600","900","0.667","600","900","0.667","","37468","cb9f02b8b00425529603b2bbfc503501246a486713937dcce15e4abf3c52d4c9","AI 生成示意","true","0","","短边低于900px:600","card:缺少结构化provenance；card:缺少视觉/史实审核记录；detail:缺少结构化provenance；detail:缺少视觉/史实审核记录","列入第二批AI重置并同步修订数据"
"P2","hain-hhl","明黄花梨圈椅","hainan","海南省博物馆","海南省","明","明清","杂项","misc","60","true","false","true","true","/artifacts/hain-hhl.jpg","ai","","/artifacts/hain-hhl.jpg","ai","","true","ai-ai","false","false","","","","","600","900","0.667","600","900","0.667","","67946","bdfcacf20dbf5bb87cae0dc460c8b676c3c08f88759b369ff83ad5d4517544b7","AI 生成示意","true","0","故事偏短:60字","短边低于900px:600","card:缺少结构化provenance；card:缺少视觉/史实审核记录；detail:缺少结构化provenance；detail:缺少视觉/史实审核记录","列入第二批AI重置并同步修订数据"
"P2","hain-lj","清黎族龙被（织锦）","hainan","海南省博物馆","海南省","清","明清","织绣","textile","102","true","false","true","true","/artifacts/hain-lj.jpg","ai","","/artifacts/hain-lj.jpg","ai","","true","ai-ai","false","false","","","","","600","900","0.667","600","900","0.667","","121095","2b3aa901a69d4faf7e588f11f637812f1a58a7eea492449196039359529f8b1c","AI 生成示意","true","0","","短边低于900px:600","card:缺少结构化provenance；card:缺少视觉/史实审核记录；detail:缺少结构化provenance；detail:缺少视觉/史实审核记录","列入第二批AI重置并同步修订数据"
"P2","hb-cxd","长信宫灯","hebwy","河北博物院","河北省","西汉","秦汉","青铜器","lamp","78","true","true","true","true","/artifacts-v2/p2-source/hb-cxd.png","ai","cover","/artifact-sources/official/hb-cxd.png","source","contain","false","ai-source","false","false","approved","pending","approved","approved","1122","1402","0.8","379","463","0.819","","2006140","c28b785f12947f18b1cad96629e661c62edf89f7e54764c74d02c8a4ae7553f7","AI 生成示意 · 基于真实来源图统一展陈","true","0","故事偏短:78字","","detail:缺少许可类型；detail:缺少许可URL；detail:授权尚未确认；detail:当前文件来源绑定未确认","已登记V2：继续视觉、史实与来源许可核验，不代表授权通过"
"P2","hb-sjfa","错金银四龙四凤铜方案座","hebwy","河北博物院","河北省","战国","先秦","青铜器","gold","78","true","true","true","true","/artifacts-v2/p1/hb-sjfa.png","ai","cover","/artifacts-v2/p1/hb-sjfa.png","ai","contain","true","ai-ai","false","false","approved","pending","approved","pending","1122","1402","0.8","1122","1402","0.8","","1812329","0ef9abbd089597d13aaf9bd0f1b6b9443325ca85f2d14c14829dde121d1c1cf3","AI 生成示意 · 基于参考图统一展陈","true","0","故事偏短:78字","","","已登记V2：继续视觉、史实与来源许可核验，不代表授权通过"
"P2","hk-lsf","《洛神赋图》卷（北宋摹本）","hongkong","香港故宫文化博物馆","香港特别行政区","北宋","宋辽金元","书画","scroll","71","true","false","true","true","/artifacts/hk-lsf.jpg","ai","","/artifacts/hk-lsf.jpg","ai","","true","ai-ai","false","false","","","","","600","900","0.667","600","900","0.667","static","79463","28010bf973fce46192ed844c228ac5dc33c1bd5bcab9e2caa6330115cb2bcdd7","AI 生成示意","true","0","故事偏短:71字","短边低于900px:600","card:缺少结构化provenance；card:缺少视觉/史实审核记录；detail:缺少结构化provenance；detail:缺少视觉/史实审核记录","列入第二批AI重置并同步修订数据"
"P2","hlj-gys","新石器时代桂叶形石矛","heilongjiang","黑龙江省博物馆","黑龙江省","新石器时代","先秦","杂项","bone","64","true","true","true","true","/artifacts-v2/p1/hlj-gys.png","ai","cover","/artifacts-v2/p1/hlj-gys.png","ai","contain","true","ai-ai","false","false","approved","pending","approved","pending","1122","1402","0.8","1122","1402","0.8","","1586669","7786922b643b8492316a4b092e0e6543406ab25f5d356ce8006e1651dff15c84","AI 生成示意 · 基于参考图统一展陈","true","0","故事偏短:64字","","","已登记V2：继续视觉、史实与来源许可核验，不代表授权通过"
"P2","hn-fhxz","商代妇好鸮尊","henan","河南博物院","河南省","商","先秦","青铜器","zun","77","true","true","true","true","/artifacts-v2/p2-source/hn-fhxz.png","ai","cover","/artifacts/hn-fhxz.jpg","source","contain","false","ai-source","false","false","approved","pending","approved","pending","1122","1402","0.8","600","900","0.667","","2254694","7a20658c60c9ccad7624109a5757b486a4f0d85717d08a6a27c4564c007e04cb","AI 生成示意 · 基于真实来源图统一展陈","true","0","故事偏短:77字","","detail:授权尚未确认；detail:当前文件来源绑定未确认","已登记V2：继续视觉、史实与来源许可核验，不代表授权通过"
"P2","hn-jhg","贾湖骨笛","henan","河南博物院","河南省","新石器时代","先秦","杂项","bone","76","true","true","true","true","/artifacts-v2/p2-source/hn-jhg.png","ai","cover","/artifacts/hn-jhg.jpg","source","contain","false","ai-source","false","false","approved","pending","approved","pending","1122","1402","0.8","600","900","0.667","","1755954","240a2a1b2ef2cff531fcde3d303362d1707576ced8f60a7700fa6f09b2746e94","AI 生成示意 · 基于真实来源图统一展陈","true","0","故事偏短:76字","","detail:授权尚未确认；detail:当前文件来源绑定未确认","已登记V2：继续视觉、史实与来源许可核验，不代表授权通过"
"P2","hn-lhfh","春秋莲鹤方壶","henan","河南博物院","河南省","春秋","先秦","青铜器","pot","69","true","true","true","true","/artifacts-v2/p2-source/hn-lhfh.png","ai","cover","/artifacts/hn-lhfh.jpg","source","contain","false","ai-source","false","false","approved","pending","approved","pending","971","1619","0.6","600","900","0.667","","2510089","8d42601865bdbf07a6a6bca1ecceb7769a6255088fc3ec058b385d917dd43daa","AI 生成示意 · 基于真实来源图统一展陈","true","0","故事偏短:69字","","detail:授权尚未确认；detail:当前文件来源绑定未确认","已登记V2：继续视觉、史实与来源许可核验，不代表授权通过"
"P2","hn-wzt","唐武则天金简","henan","河南博物院","河南省","唐","隋唐五代","金银器","gold","73","true","true","true","true","/artifacts-v2/p1/hn-wzt.png","ai","cover","/artifacts-v2/p1/hn-wzt.png","ai","contain","true","ai-ai","false","false","approved","pending","approved","pending","1122","1402","0.8","1122","1402","0.8","","1892762","4bf1e3e30365c8da5922af70ac2a7203598ffcd591d611cab0c85d46ff61ada0","AI 生成示意 · 基于参考图统一展陈","true","0","故事偏短:73字","","","已登记V2：继续视觉、史实与来源许可核验，不代表授权通过"
"P2","hub-qj","云梦睡虎地秦简","hubei","湖北省博物馆","湖北省","秦","秦汉","简牍","stele","89","true","false","true","true","/artifacts/hub-qj.jpg","ai","","/artifacts/hub-qj.jpg","ai","","true","ai-ai","false","false","","","","","600","900","0.667","600","900","0.667","","88976","c848840a0f371247466cf7226149ea80d95962eb8073ec0c243066d44507c422","AI 生成示意","true","0","","短边低于900px:600","card:缺少结构化provenance；card:缺少视觉/史实审核记录；detail:缺少结构化provenance；detail:缺少视觉/史实审核记录","列入第二批AI重置并同步修订数据"
"P2","hub-sat","元青花四爱图梅瓶","hubei","湖北省博物馆","湖北省","元","宋辽金元","陶瓷","vase","75","true","false","true","true","/artifacts/hub-sat.jpg","ai","","/artifacts/hub-sat.jpg","ai","","true","ai-ai","false","false","","","","","600","900","0.667","600","900","0.667","","78881","29af14d88479832547c6ec638fdc20232040891b5b817efb44ac9746059a302c","AI 生成示意","true","0","故事偏短:75字","短边低于900px:600","card:缺少结构化provenance；card:缺少视觉/史实审核记录；detail:缺少结构化provenance；detail:缺少视觉/史实审核记录","列入第二批AI重置并同步修订数据"
"P2","hub-zp","战国曾侯乙尊盘","hubei","湖北省博物馆","湖北省","战国","先秦","青铜器","zun","72","true","false","true","true","/artifacts/hub-zp.jpg","ai","","/artifacts/hub-zp.jpg","ai","","true","ai-ai","false","false","","","","","600","900","0.667","600","900","0.667","","80581","922aadeb6c973a8baff21a2ab5c5b660cbbf457bcafc6ec3fc4d339ccbe0dcd7","AI 生成示意","true","0","故事偏短:72字","短边低于900px:600","card:缺少结构化provenance；card:缺少视觉/史实审核记录；detail:缺少结构化provenance；detail:缺少视觉/史实审核记录","列入第二批AI重置并同步修订数据"
"P2","hun-dhd","商代大禾人面纹方鼎","hunan","湖南博物院","湖南省","商","先秦","青铜器","ding","71","true","false","true","true","/artifacts/hun-dhd.jpg","ai","","/artifacts/hun-dhd.jpg","ai","","true","ai-ai","false","false","","","","","600","900","0.667","600","900","0.667","","73528","fa6bbc72b9c53799e9b3d2b7c9789359f3245213b44229bf12a4c2d1be3cdfad","AI 生成示意","true","0","故事偏短:71字","短边低于900px:600","card:缺少结构化provenance；card:缺少视觉/史实审核记录；detail:缺少结构化provenance；detail:缺少视觉/史实审核记录","列入第二批AI重置并同步修订数据"
"P2","hun-mfl","商代皿方罍","hunan","湖南博物院","湖南省","商","先秦","青铜器","pot","69","true","false","true","true","/artifacts/hun-mfl.jpg","ai","","/artifacts/hun-mfl.jpg","ai","","true","ai-ai","false","false","","","","","600","900","0.667","600","900","0.667","","81733","447434b69429acb36f634b3ab3ff9cbcbbd5889072ab3e8196bb7832a427eb48","AI 生成示意","true","0","故事偏短:69字","短边低于900px:600","card:缺少结构化provenance；card:缺少视觉/史实审核记录；detail:缺少结构化provenance；detail:缺少视觉/史实审核记录","列入第二批AI重置并同步修订数据"
"P2","hun-ssd","西汉素纱襌衣","hunan","湖南博物院","湖南省","西汉","秦汉","织绣","textile","70","true","true","true","true","/artifacts-v2/p2-source/hun-ssd.png","ai","cover","/artifacts/hun-ssd.jpg","source","contain","false","ai-source","false","false","approved","pending","approved","pending","1122","1402","0.8","900","675","1.333","","2095784","7a8a85a9d1b519b7e79cf1fb11c546e80b496a16a9138762cc9054b4ba9ac130","AI 生成示意 · 基于真实来源图统一展陈","true","1","故事偏短:70字","","card:缺少已核生成模型/服务；card:缺少已核生成日期；detail:授权尚未确认；detail:当前文件来源绑定未确认","已登记V2：继续视觉、史实与来源许可核验，不代表授权通过"
"P2","hun-tbh","西汉马王堆T形帛画","hunan","湖南博物院","湖南省","西汉","秦汉","织绣","scroll","72","true","true","true","true","/artifacts-v2/p1/hun-tbh.png","ai","cover","/artifacts/hun-tbh.jpg","source","contain","false","ai-source","false","false","approved","pending","approved","pending","1122","1402","0.8","485","900","0.539","static","2073928","c4e1ac3f41baa9b679d870b97f4db0ace0f7cb89f717c53eb25d750a70e3d9b7","AI 生成示意 · 基于参考图统一展陈","true","0","故事偏短:72字","","detail:授权尚未确认；detail:当前文件来源绑定未确认","已登记V2：继续视觉、史实与来源许可核验，不代表授权通过"
"P2","jdz-blz","清乾隆粉彩百鹿图尊","jingdezhen","景德镇中国陶瓷博物馆","江西省","清","明清","陶瓷","zun","68","true","false","true","true","/artifacts/jdz-blz.jpg","ai","","/artifacts/jdz-blz.jpg","ai","","true","ai-ai","false","false","","","","","600","900","0.667","600","900","0.667","","85836","ba2ec62052924b1f454c22b3a56c5bcc80296d6dc7d47e5c1f3a7b80d646123e","AI 生成示意","true","0","故事偏短:68字","短边低于900px:600","card:缺少结构化provenance；card:缺少视觉/史实审核记录；detail:缺少结构化provenance；detail:缺少视觉/史实审核记录","列入第二批AI重置并同步修订数据"
"P2","jdz-cslh","沉思罗汉像（“无语佛”）","jingdezhen","景德镇中国陶瓷博物馆","江西省","当代","近现代","陶瓷","buddha","75","true","false","true","true","/artifacts/jdz-cslh.jpg","ai","","/artifacts/jdz-cslh.jpg","ai","","true","ai-ai","false","false","","","","","600","900","0.667","600","900","0.667","","77162","700c40aaa81e597f83a7e240a6333a0a51c0b0c2a72883d93c8f849ba2d502bc","AI 生成示意","true","0","故事偏短:75字","短边低于900px:600","card:缺少结构化provenance；card:缺少视觉/史实审核记录；detail:缺少结构化provenance；detail:缺少视觉/史实审核记录","列入第二批AI重置并同步修订数据"
"P2","jdz-qhmb","元青花缠枝牡丹纹梅瓶","jingdezhen","景德镇中国陶瓷博物馆","江西省","元","宋辽金元","陶瓷","vase","68","true","true","true","true","/artifacts-v2/ai-pending-20260923/jdz-qhmb.png","ai","contain","/artifacts-v2/ai-pending-20260923/jdz-qhmb.png","ai","contain","true","ai-ai","false","false","approved","pending","approved","pending","1122","1402","0.8","1122","1402","0.8","","2285440","764447dee61c5835d1802c3cfbe3dd0e9440cd7c5f07fa9079a3a02cd41ef479","AI 复原示意 · 据馆方文字资料生成，非文物实拍","true","0","故事偏短:68字","V2 card路径需核对批次命名约定","","已登记V2：继续视觉、史实与来源许可核验，不代表授权通过"
"P2","jl-efj","苏轼《洞庭春色赋·中山松醪赋》卷","jilin","吉林省博物院","吉林省","北宋","宋辽金元","书画","scroll","87","true","false","true","true","/artifacts/jl-efj.jpg","ai","","/artifacts/jl-efj.jpg","ai","","true","ai-ai","false","false","","","","","600","900","0.667","600","900","0.667","static","70887","bfb444c0b52fa419fb0b289a7e15549d84a5fd01207aa51056b7d85680a0c22e","AI 生成示意","true","0","","短边低于900px:600","card:缺少结构化provenance；card:缺少视觉/史实审核记录；detail:缺少结构化provenance；detail:缺少视觉/史实审核记录","列入第二批AI重置并同步修订数据"
"P2","jl-ljm","夫余鎏金铜面具","jilin","吉林省博物院","吉林省","汉","秦汉","金银器","mask","60","true","false","true","true","/artifacts/jl-ljm.jpg","ai","","/artifacts/jl-ljm.jpg","ai","","true","ai-ai","false","false","","","","","600","900","0.667","600","900","0.667","","69236","37fda895a9d3aa5e2266c9865f61291ae1834715761835d737efd23db68e3226","AI 生成示意","true","0","故事偏短:60字","短边低于900px:600","card:缺少结构化provenance；card:缺少视觉/史实审核记录；detail:缺少结构化provenance；detail:缺少视觉/史实审核记录","列入第二批AI重置并同步修订数据"
"P2","jl-wjg","张瑀《文姬归汉图》卷","jilin","吉林省博物院","吉林省","金","宋辽金元","书画","scroll","68","true","false","true","true","/artifacts/jl-wjg.jpg","ai","","/artifacts/jl-wjg.jpg","ai","","true","ai-ai","false","false","","","","","600","900","0.667","600","900","0.667","static","47641","db2d630276a95a5dd569986ba374f4e2a0caf9065b885c6812a9978267470947","AI 生成示意","true","0","故事偏短:68字","短边低于900px:600","card:缺少结构化provenance；card:缺少视觉/史实审核记录；detail:缺少结构化provenance；detail:缺少视觉/史实审核记录","列入第二批AI重置并同步修订数据"
"P2","js-sjc","新石器时代十节玉琮","jinsha","成都金沙遗址博物馆","四川省","新石器时代","先秦","玉器","jade","67","true","true","true","true","/artifacts-v2/p1/js-sjc.png","ai","cover","/artifacts-v2/p1/js-sjc.png","ai","contain","true","ai-ai","false","false","approved","pending","approved","pending","1122","1402","0.8","1122","1402","0.8","","1513585","4fa7d023744db4413a3388f1453febb3d72f0e81bd0bb364cfdcc7058de51530","AI 生成示意 · 基于参考图统一展陈","true","0","故事偏短:67字","","","已登记V2：继续视觉、史实与来源许可核验，不代表授权通过"
"P2","js-tysn","商周太阳神鸟金饰","jinsha","成都金沙遗址博物馆","四川省","商周","先秦","金银器","gold","78","true","true","true","true","/artifacts-v2/p1/js-tysn.png","ai","cover","/artifacts-v2/p1/js-tysn.png","ai","contain","true","ai-ai","false","false","approved","pending","approved","pending","1122","1402","0.8","1122","1402","0.8","","1725409","23ca91aa61df40fd48bb9018eecbc515e888120e828b00a6eb15b9a57b236c88","AI 生成示意 · 基于参考图统一展陈","true","0","故事偏短:78字","","","已登记V2：继续视觉、史实与来源许可核验，不代表授权通过"
"P2","jx-glc","元青花釉里红楼阁式谷仓","jiangxi","江西省博物馆","江西省","元","宋辽金元","陶瓷","misc","81","true","false","true","true","/artifacts/jx-glc.jpg","ai","","/artifacts/jx-glc.jpg","ai","","true","ai-ai","false","false","","","","","600","900","0.667","600","900","0.667","","96119","242f87bc15798979e73a4efad65434a023b5cbb6b4799027acc6a448840d1b9e","AI 生成示意","true","0","","短边低于900px:600","card:缺少结构化provenance；card:缺少视觉/史实审核记录；detail:缺少结构化provenance；detail:缺少视觉/史实审核记录","列入第二批AI重置并同步修订数据"
"P2","jx-qth","商代伏鸟双尾青铜虎","jiangxi","江西省博物馆","江西省","商","先秦","青铜器","misc","84","true","false","true","true","/artifacts/jx-qth.jpg","ai","","/artifacts/jx-qth.jpg","ai","","true","ai-ai","false","false","","","","","600","900","0.667","600","900","0.667","","72408","c6eae3e96010ad5335e77741083bc1d952eabb7bf3c21a1a050a29c954aae65a","AI 生成示意","true","0","","短边低于900px:600","card:缺少结构化provenance；card:缺少视觉/史实审核记录；detail:缺少结构化provenance；detail:缺少视觉/史实审核记录","列入第二批AI重置并同步修订数据"
"P2","jx-smsr","商代双面神人青铜头像","jiangxi","江西省博物馆","江西省","商","先秦","青铜器","mask","64","true","false","true","true","/artifacts/jx-smsr.jpg","ai","","/artifacts/jx-smsr.jpg","ai","","true","ai-ai","false","false","","","","","600","900","0.667","600","900","0.667","","70383","0d1782a82fbe20b20457d320473151f4e8112b16e073addb9d211b3ce02b4b61","AI 生成示意","true","0","故事偏短:64字","短边低于900px:600","card:缺少结构化provenance；card:缺少视觉/史实审核记录；detail:缺少结构化provenance；detail:缺少视觉/史实审核记录","列入第二批AI重置并同步修订数据"
"P2","jz-hnjg","战国漆木虎座鸟架鼓","jingzhou","荆州博物馆","湖北省","战国","先秦","漆器","lacquer","106","true","false","true","true","/artifacts/jz-hnjg.jpg","ai","","/artifacts/jz-hnjg.jpg","ai","","true","ai-ai","false","false","","","","","600","900","0.667","600","900","0.667","","65741","af0f9ce72028d781fa8b302b7e0dbe6ab89a467424b4e0c5df0f6e70f6f746d1","AI 生成示意","true","0","","短边低于900px:600","card:缺少结构化provenance；card:缺少视觉/史实审核记录；detail:缺少结构化provenance；detail:缺少视觉/史实审核记录","列入第二批AI重置并同步修订数据"
"P2","jz-lfh","战国龙凤虎纹绣罗","jingzhou","荆州博物馆","湖北省","战国","先秦","织绣","textile","63","true","false","true","true","/artifacts/jz-lfh.jpg","ai","","/artifacts/jz-lfh.jpg","ai","","true","ai-ai","false","false","","","","","600","900","0.667","600","900","0.667","","108567","0a648131e019797cb62861a1dbb2e5f2f15a37587a931c32baa506dae0b7a983","AI 生成示意","true","0","故事偏短:63字","短边低于900px:600","card:缺少结构化provenance；card:缺少视觉/史实审核记录；detail:缺少结构化provenance；detail:缺少视觉/史实审核记录","列入第二批AI重置并同步修订数据"
"P2","kf-dsb","北宋大晟编钟","kaifeng","开封市博物馆","河南省","北宋","宋辽金元","青铜器","bell","61","true","false","true","true","/artifacts/kf-dsb.jpg","ai","","/artifacts/kf-dsb.jpg","ai","","true","ai-ai","false","false","","","","","600","900","0.667","600","900","0.667","","69553","24417de50ea342faf67de378739caa102f257c6dde219d07463df20dc43818f5","AI 生成示意","true","0","故事偏短:61字","短边低于900px:600","card:缺少结构化provenance；card:缺少视觉/史实审核记录；detail:缺少结构化provenance；detail:缺少视觉/史实审核记录","列入第二批AI重置并同步修订数据"
"P2","kf-tmj","北宋《开封府题名记》碑","kaifeng","开封市博物馆","河南省","北宋","宋辽金元","石刻","stele","75","true","false","true","true","/artifacts/kf-tmj.jpg","ai","","/artifacts/kf-tmj.jpg","ai","","true","ai-ai","false","false","","","","","600","900","0.667","600","900","0.667","","92419","07c62ba0e0a7f2d9ee9c708645ea696c510779a2efedc06d8a7296d9945c4248","AI 生成示意","true","0","故事偏短:75字","短边低于900px:600","card:缺少结构化provenance；card:缺少视觉/史实审核记录；detail:缺少结构化provenance；detail:缺少视觉/史实审核记录","列入第二批AI重置并同步修订数据"
"P2","kz-kzsj","明版《孔子圣迹图》","kongzi","孔子博物馆","山东省","明","明清","书画","scroll","103","true","false","true","true","/artifacts/kz-kzsj.jpg","ai","","/artifacts/kz-kzsj.jpg","ai","","true","ai-ai","false","false","","","","","600","900","0.667","600","900","0.667","static","84795","1f127266fc781fd7b985e26af64df1a8ae27850a0664f057537f066d9edc70f8","AI 生成示意","true","0","","短边低于900px:600","card:缺少结构化provenance；card:缺少视觉/史实审核记录；detail:缺少结构化provenance；detail:缺少视觉/史实审核记录","列入第二批AI重置并同步修订数据"
"P2","kz-myc","明衍圣公朝服衣冠","kongzi","孔子博物馆","山东省","明","明清","织绣","textile","67","true","false","true","true","/artifacts/kz-myc.jpg","ai","","/artifacts/kz-myc.jpg","ai","","true","ai-ai","false","false","","","","","600","900","0.667","600","900","0.667","","97103","58c7052a03d345ebd1376611fd9202e7352e21693e7a0d6e9d687dd09479f2d4","AI 生成示意","true","0","故事偏短:67字","短边低于900px:600","card:缺少结构化provenance；card:缺少视觉/史实审核记录；detail:缺少结构化provenance；detail:缺少视觉/史实审核记录","列入第二批AI重置并同步修订数据"
"P2","kz-sg","清“商周十供”青铜礼器","kongzi","孔子博物馆","山东省","商周","先秦","青铜器","ding","68","true","false","true","true","/artifacts/kz-sg.jpg","ai","","/artifacts/kz-sg.jpg","ai","","true","ai-ai","false","false","","","","","600","900","0.667","600","900","0.667","","72447","720def2de9b04064b7b493f08d67a7154c06d3f8a74ec76dd2eba6d2deb48e7c","AI 生成示意","true","0","故事偏短:68字","短边低于900px:600","card:缺少结构化provenance；card:缺少视觉/史实审核记录；detail:缺少结构化provenance；detail:缺少视觉/史实审核记录","列入第二批AI重置并同步修订数据"
"P2","lb-gf","《虢国夫人游春图》宋摹本","liaobo","辽宁省博物馆","辽宁省","北宋","宋辽金元","书画","scroll","75","true","false","true","true","/artifacts/lb-gf.jpg","ai","","/artifacts/lb-gf.jpg","ai","","true","ai-ai","false","false","","","","","600","900","0.667","600","900","0.667","static","59051","44d109c453c5564b2fcb43c334131e1f103522c8406ca1e36054052dcacd37fb","AI 生成示意","true","0","故事偏短:75字","短边低于900px:600","card:缺少结构化provenance；card:缺少视觉/史实审核记录；detail:缺少结构化provenance；detail:缺少视觉/史实审核记录","列入第二批AI重置并同步修订数据"
"P2","lb-yzl","红山文化玉猪龙","liaobo","辽宁省博物馆","辽宁省","新石器时代","先秦","玉器","jade","63","true","true","true","true","/artifacts-v2/p1/lb-yzl.png","ai","cover","/artifacts-v2/p1/lb-yzl.png","ai","contain","true","ai-ai","false","false","approved","pending","approved","pending","1122","1402","0.8","1122","1402","0.8","","1688982","cd8680bb5c22f3a53f4c0b574a8bced9e3fbcb8ad4810b5855d84d1fe90b8c47","AI 生成示意 · 基于参考图统一展陈","true","0","故事偏短:63字","","","已登记V2：继续视觉、史实与来源许可核验，不代表授权通过"
"P2","lb-zfsg","周昉《簪花仕女图》","liaobo","辽宁省博物馆","辽宁省","唐","隋唐五代","书画","scroll","79","true","false","true","true","/artifacts/lb-zfsg.jpg","ai","","/artifacts/lb-zfsg.jpg","ai","","true","ai-ai","false","false","","","","","600","900","0.667","600","900","0.667","static","74341","32cfa0ba533d0a9c291173b392fb6be01b55d75817a0951324824a798a818a64","AI 生成示意","true","0","故事偏短:79字","短边低于900px:600","card:缺少结构化provenance；card:缺少视觉/史实审核记录；detail:缺少结构化provenance；detail:缺少视觉/史实审核记录","列入第二批AI重置并同步修订数据"
"P2","ly-byb","曹魏白玉杯","luoyang","洛阳博物馆","河南省","曹魏","魏晋南北朝","玉器","cup","73","true","false","true","true","/artifacts/ly-byb.jpg","ai","","/artifacts/ly-byb.jpg","ai","","true","ai-ai","false","false","","","","","600","900","0.667","600","900","0.667","","43083","9082377bc76e69243496c071733e3dee4a810adedf364b31f65adcec9bf74927","AI 生成示意","true","0","故事偏短:73字","短边低于900px:600","card:缺少结构化provenance；card:缺少视觉/史实审核记录；detail:缺少结构化provenance；detail:缺少视觉/史实审核记录","列入第二批AI重置并同步修订数据"
"P2","ly-hym","唐三彩黑釉马","luoyang","洛阳博物馆","河南省","唐","隋唐五代","陶瓷","horse","66","true","false","true","true","/artifacts/ly-hym.jpg","ai","","/artifacts/ly-hym.jpg","ai","","true","ai-ai","false","false","","","","","600","900","0.667","600","900","0.667","","68191","11e085b8566fca835f68ae4dbd96baf3a756f39f4e99bf87049555acc94b5711","AI 生成示意","true","0","故事偏短:66字","短边低于900px:600","card:缺少结构化provenance；card:缺少视觉/史实审核记录；detail:缺少结构化provenance；detail:缺少视觉/史实审核记录","列入第二批AI重置并同步修订数据"
"P2","ly-sbx","东汉石辟邪","luoyang","洛阳博物馆","河南省","东汉","秦汉","石刻","misc","113","true","false","true","true","/artifacts/ly-sbx.jpg","ai","","/artifacts/ly-sbx.jpg","ai","","true","ai-ai","false","false","","","","","600","900","0.667","600","900","0.667","","73183","521160f071cac2e667d862a9eeaea29e22b064775b14bf89f24623ef3d9360bf","AI 生成示意","true","0","","短边低于900px:600","card:缺少结构化provenance；card:缺少视觉/史实审核记录；detail:缺少结构化provenance；detail:缺少视觉/史实审核记录","列入第二批AI重置并同步修订数据"
"P2","mo-klk","明克拉克瓷青花盘","macao","澳门博物馆","澳门特别行政区","明","明清","陶瓷","bowl","74","true","true","true","true","/artifacts-v2/ai-pending-20260923/mo-klk.png","ai","contain","/artifacts-v2/ai-pending-20260923/mo-klk.png","ai","contain","true","ai-ai","false","false","approved","pending","approved","pending","1122","1402","0.8","1122","1402","0.8","","2602357","01eb58e27be58645c9a23c6772de4adc485108b046bdb67041e1c79b8d9b8604","AI 复原示意 · 据馆方文字资料生成，非文物实拍","true","0","故事偏短:74字","V2 card路径需核对批次命名约定","","已登记V2：继续视觉、史实与来源许可核验，不代表授权通过"
"P2","mo-wxh","清外销通草水彩画","macao","澳门博物馆","澳门特别行政区","清","明清","书画","scroll","72","true","false","true","true","/artifacts/mo-wxh.jpg","ai","","/artifacts/mo-wxh.jpg","ai","","true","ai-ai","false","false","","","","","600","900","0.667","600","900","0.667","static","68617","217a50428ad8e01c91fdbb90eba9f2b2eab9637bf3ed79d176b91fb2da50b40c","AI 生成示意","true","0","故事偏短:72字","短边低于900px:600","card:缺少结构化provenance；card:缺少视觉/史实审核记录；detail:缺少结构化provenance；detail:缺少视觉/史实审核记录","列入第二批AI重置并同步修订数据"
"P2","nb-hyz","唐越窑青瓷荷叶盏托","ningbo","宁波博物院","浙江省","唐","隋唐五代","陶瓷","bowl","104","true","false","true","true","/artifacts/nb-hyz.jpg","ai","","/artifacts/nb-hyz.jpg","ai","","true","ai-ai","false","false","","","","","600","900","0.667","600","900","0.667","","52170","ca7f74139753099212bb8aff14b81d92261cebaf02089584b550bbcd3a474a26","AI 生成示意","true","0","","短边低于900px:600","card:缺少结构化provenance；card:缺少视觉/史实审核记录；detail:缺少结构化provenance；detail:缺少视觉/史实审核记录","列入第二批AI重置并同步修订数据"
"P2","nb-wgj","清末民初万工轿","ningbo","宁波博物院","浙江省","清末","明清","漆器","misc","78","true","true","true","true","/artifacts-v2/ai-pending-20260923/nb-wgj.png","ai","contain","/artifacts-v2/ai-pending-20260923/nb-wgj.png","ai","contain","true","ai-ai","false","false","approved","pending","approved","pending","1122","1402","0.8","1122","1402","0.8","","2628187","8bd32aa0b6d46fb82b398ea2a0f144e15e165bef01a168d29e7db5113dc6660c","AI 复原示意 · 据馆方文字资料生成，非文物实拍","true","0","故事偏短:78字","V2 card路径需核对批次命名约定","","已登记V2：继续视觉、史实与来源许可核验，不代表授权通过"
"P2","nb-yrjd","战国羽人竞渡纹铜钺","ningbo","宁波博物院","浙江省","战国","先秦","青铜器","axe","63","true","false","true","true","/artifacts/nb-yrjd.jpg","ai","","/artifacts/nb-yrjd.jpg","ai","","true","ai-ai","false","false","","","","","600","900","0.667","600","900","0.667","","82095","dd4362868ef87e9de410f38c73d45310b2c91c8087236f6006460e928f7cfa89","AI 生成示意","true","0","故事偏短:63字","短边低于900px:600","card:缺少结构化provenance；card:缺少视觉/史实审核记录；detail:缺少结构化provenance；detail:缺少视觉/史实审核记录","列入第二批AI重置并同步修订数据"
"P2","nj-frs","清乾隆芙蓉石蟠螭耳盖炉","nanjing","南京博物院","江苏省","清","明清","玉器","cup","68","true","false","true","true","/artifacts/nj-frs.jpg","ai","","/artifacts/nj-frs.jpg","ai","","true","ai-ai","false","false","","","","","600","900","0.667","600","900","0.667","","66224","d097af6b7421ae01c8874c4ae16198690319805a8d87603cfbac1710c7454487","AI 生成示意","true","0","故事偏短:68字","短边低于900px:600","card:缺少结构化provenance；card:缺少视觉/史实审核记录；detail:缺少结构化provenance；detail:缺少视觉/史实审核记录","列入第二批AI重置并同步修订数据"
"P2","nj-js","西汉金兽","nanjing","南京博物院","江苏省","西汉","秦汉","金银器","gold","86","true","false","true","true","/artifacts/nj-js.jpg","ai","","/artifacts/nj-js.jpg","ai","","true","ai-ai","false","false","","","","","600","900","0.667","600","900","0.667","","78979","30e12be01437bd90a907d09638615e4dbe48311b0df6ade112ae3a8438266502","AI 生成示意","true","0","","短边低于900px:600","card:缺少结构化provenance；card:缺少视觉/史实审核记录；detail:缺少结构化provenance；detail:缺少视觉/史实审核记录","列入第二批AI重置并同步修订数据"
"P2","nj-mb","明洪武釉里红岁寒三友纹梅瓶","nanjing","南京博物院","江苏省","明","明清","陶瓷","vase","97","true","false","true","true","/artifacts/nj-mb.jpg","ai","","/artifacts/nj-mb.jpg","ai","","true","ai-ai","false","false","","","","","600","900","0.667","600","900","0.667","","81726","4a51a817fb109f0c82f32ca46c550adf95b595646062958b51b3249e5cf6d6c7","AI 生成示意","true","0","","短边低于900px:600","card:缺少结构化provenance；card:缺少视觉/史实审核记录；detail:缺少结构化provenance；detail:缺少视觉/史实审核记录","列入第二批AI重置并同步修订数据"
"P2","nj-zlqx","竹林七贤与荣启期砖画","nanjing","南京博物院","江苏省","南朝","魏晋南北朝","石刻","stele","81","true","false","true","true","/artifacts/nj-zlqx.jpg","ai","","/artifacts/nj-zlqx.jpg","ai","","true","ai-ai","false","false","","","","","600","900","0.667","600","900","0.667","","114597","b1aa81e96582441088f82448e15f564135f6ef13171e86ebbcf5bcb6e4789055","AI 生成示意","true","0","","短边低于900px:600","card:缺少结构化provenance；card:缺少视觉/史实审核记录；detail:缺少结构化provenance；detail:缺少视觉/史实审核记录","列入第二批AI重置并同步修订数据"
"P2","nm-jgs","战国匈奴鹰形金冠","neimenggu","内蒙古博物院","内蒙古自治区","战国","先秦","金银器","gold","79","true","true","true","true","/artifacts-v2/p2-source/nm-jgs.png","ai","cover","/artifacts/nm-jgs.jpg","source","contain","false","ai-source","false","false","approved","pending","approved","pending","1122","1402","0.8","900","813","1.107","","1809434","0a2aee652d229265b3f9b92d4f868a0f1f7975892ac49ce562dede86d0398f4a","AI 生成示意 · 基于真实来源图统一展陈","true","0","故事偏短:79字","","detail:授权尚未确认；detail:当前文件来源绑定未确认","已登记V2：继续视觉、史实与来源许可核验，不代表授权通过"
"P2","nm-jyx","元钧窑“小宋自造”香炉","neimenggu","内蒙古博物院","内蒙古自治区","元","宋辽金元","陶瓷","pot","73","true","false","true","true","/artifacts/nm-jyx.jpg","ai","","/artifacts/nm-jyx.jpg","ai","","true","ai-ai","false","false","","","","","600","900","0.667","600","900","0.667","","69763","4d309a7c8eba9cdd234272bbdb8c92186df3227080b9ca865932b63272b84316","AI 生成示意","true","0","故事偏短:73字","短边低于900px:600","card:缺少结构化provenance；card:缺少视觉/史实审核记录；detail:缺少结构化provenance；detail:缺少视觉/史实审核记录","列入第二批AI重置并同步修订数据"
"P2","nm-lsy","辽三彩鸳鸯壶","neimenggu","内蒙古博物院","内蒙古自治区","辽","宋辽金元","陶瓷","pot","105","true","false","true","true","/artifacts/nm-lsy.jpg","ai","","/artifacts/nm-lsy.jpg","ai","","true","ai-ai","false","false","","","","","600","900","0.667","600","900","0.667","","76610","0560c44c44f2e8d2f615b1aa1bca31af9697317db936a0060a414360d6e27af0","AI 生成示意","true","0","","短边低于900px:600","card:缺少结构化provenance；card:缺少视觉/史实审核记录；detail:缺少结构化provenance；detail:缺少视觉/史实审核记录","列入第二批AI重置并同步修订数据"
"P2","nx-hxw","唐胡旋舞石刻墓门","ningxia","宁夏博物馆","宁夏回族自治区","唐","隋唐五代","石刻","stele","73","true","false","true","true","/artifacts/nx-hxw.jpg","ai","","/artifacts/nx-hxw.jpg","ai","","true","ai-ai","false","false","","","","","600","900","0.667","600","900","0.667","","106739","ef8c33f1391b692ae0d53523e2d4f6a489d2cb609f25a74cc250459fa52edbb3","AI 生成示意","true","0","故事偏短:73字","短边低于900px:600","card:缺少结构化provenance；card:缺少视觉/史实审核记录；detail:缺少结构化provenance；detail:缺少视觉/史实审核记录","列入第二批AI重置并同步修订数据"
"P2","nx-jxb","西夏文佛经《吉祥遍至口和本续》","ningxia","宁夏博物馆","宁夏回族自治区","西夏","宋辽金元","简牍","scroll","64","true","false","true","true","/artifacts/nx-jxb.jpg","ai","","/artifacts/nx-jxb.jpg","ai","","true","ai-ai","false","false","","","","","600","900","0.667","600","900","0.667","static","84056","79726a2bdb61b6ecdd2819264d62c2d450d0851562568a70ff7f048f21543b3d","AI 生成示意","true","0","故事偏短:64字","短边低于900px:600","card:缺少结构化provenance；card:缺少视觉/史实审核记录；detail:缺少结构化provenance；detail:缺少视觉/史实审核记录","列入第二批AI重置并同步修订数据"
"P2","nx-ljt","西夏鎏金铜牛","ningxia","宁夏博物馆","宁夏回族自治区","西夏","宋辽金元","金银器","gold","77","true","false","true","true","/artifacts/nx-ljt.jpg","ai","","/artifacts/nx-ljt.jpg","ai","","true","ai-ai","false","false","","","","","600","900","0.667","600","900","0.667","","68508","6d261e5d141925f1784eb24587a2201144ea1ebf1a5faf027bc4b30d0595e7ed","AI 生成示意","true","0","故事偏短:77字","短边低于900px:600","card:缺少结构化provenance；card:缺少视觉/史实审核记录；detail:缺少结构化provenance；detail:缺少视觉/史实审核记录","列入第二批AI重置并同步修订数据"
"P2","ny-jyb","西汉角形玉杯","nanyue","南越王博物院","广东省","西汉","秦汉","玉器","cup","64","true","false","true","true","/artifacts/ny-jyb.jpg","ai","","/artifacts/ny-jyb.jpg","ai","","true","ai-ai","false","false","","","","","600","900","0.667","600","900","0.667","","54416","66fac003eb6be8d4337f1da90c48a37b30d0537cdf712f610128e1a60de6ab8f","AI 生成示意","true","0","故事偏短:64字","短边低于900px:600","card:缺少结构化provenance；card:缺少视觉/史实审核记录；detail:缺少结构化provenance；detail:缺少视觉/史实审核记录","列入第二批AI重置并同步修订数据"
"P2","ny-sly","西汉丝缕玉衣","nanyue","南越王博物院","广东省","西汉","秦汉","玉器","jade","73","true","false","true","true","/artifacts/ny-sly.jpg","ai","","/artifacts/ny-sly.jpg","ai","","true","ai-ai","false","false","","","","","600","900","0.667","600","900","0.667","","61643","6be6dac3221ce8fe59ee761fc0712a82080493b8924006409748ad0f0f148faf","AI 生成示意","true","0","故事偏短:73字","短边低于900px:600","card:缺少结构化provenance；card:缺少视觉/史实审核记录；detail:缺少结构化provenance；detail:缺少视觉/史实审核记录","列入第二批AI重置并同步修订数据"
"P2","ny-wdx","西汉“文帝行玺”金印","nanyue","南越王博物院","广东省","西汉","秦汉","金银器","seal","73","true","false","true","true","/artifacts/ny-wdx.jpg","ai","","/artifacts/ny-wdx.jpg","ai","","true","ai-ai","false","false","","","","","600","900","0.667","600","900","0.667","","67928","a11dd7ec72f0af4b48df60f48414c7b6df6eee7e80d4aa1c55bdb500046f2f50","AI 生成示意","true","0","故事偏短:73字","短边低于900px:600","card:缺少结构化provenance；card:缺少视觉/史实审核记录；detail:缺少结构化provenance；detail:缺少视觉/史实审核记录","列入第二批AI重置并同步修订数据"
"P2","qh-gyq","汉“汉匈奴归义亲汉长”铜印","qinghai","青海省博物馆","青海省","汉","秦汉","青铜器","seal","103","true","false","true","true","/artifacts/qh-gyq.jpg","ai","","/artifacts/qh-gyq.jpg","ai","","true","ai-ai","false","false","","","","","600","900","0.667","600","900","0.667","","70467","4ddd406e970a49c9545015f5ad1c34b1ba1ef8c4bca20331401d29eafe0a7791","AI 生成示意","true","0","","短边低于900px:600","card:缺少结构化provenance；card:缺少视觉/史实审核记录；detail:缺少结构化provenance；detail:缺少视觉/史实审核记录","列入第二批AI重置并同步修订数据"
"P2","qh-tk","清堆绣唐卡","qinghai","青海省博物馆","青海省","清","明清","织绣","textile","65","true","false","true","true","/artifacts/qh-tk.jpg","ai","","/artifacts/qh-tk.jpg","ai","","true","ai-ai","false","false","","","","","600","900","0.667","600","900","0.667","","125896","9b9b2f1207d546e7bc1c4505d7348415a4cd1e35889e2404058a5aa3aba24b6f","AI 生成示意","true","0","故事偏短:65字","短边低于900px:600","card:缺少结构化provenance；card:缺少视觉/史实审核记录；detail:缺少结构化provenance；detail:缺少视觉/史实审核记录","列入第二批AI重置并同步修订数据"
"P2","qh-wdw","马家窑文化舞蹈纹彩陶盆","qinghai","青海省博物馆","青海省","新石器时代","先秦","陶瓷","bowl","68","true","false","true","true","/artifacts/qh-wdw.jpg","ai","","/artifacts/qh-wdw.jpg","ai","","true","ai-ai","false","false","","","","","600","900","0.667","600","900","0.667","","53594","6c36fa867e22181225529351a19901843762ac4f38e86b2743ae806136e8bf2c","AI 生成示意","true","0","故事偏短:68字","短边低于900px:600","card:缺少结构化provenance；card:缺少视觉/史实审核记录；detail:缺少结构化provenance；detail:缺少视觉/史实审核记录","列入第二批AI重置并同步修订数据"
"P2","qs-by","秦兵马俑军阵（将军俑）","qinshihuang","秦始皇帝陵博物院","陕西省","秦","秦汉","陶俑","figure","71","true","false","true","true","/artifacts/qs-by.jpg","ai","","/artifacts/qs-by.jpg","ai","","true","ai-ai","false","false","","","","","600","900","0.667","600","900","0.667","","65046","14a7041dd38a467948fac7c900ac43f215b0031fa2742647d47cb198e7323694","AI 生成示意","true","0","故事偏短:71字","短边低于900px:600","card:缺少结构化provenance；card:缺少视觉/史实审核记录；detail:缺少结构化provenance；detail:缺少视觉/史实审核记录","列入第二批AI重置并同步修订数据"
"P2","qs-gyz","秦跪射俑","qinshihuang","秦始皇帝陵博物院","陕西省","秦","秦汉","陶俑","figure","73","true","false","true","true","/artifacts/qs-gyz.jpg","ai","","/artifacts/qs-gyz.jpg","ai","","true","ai-ai","false","false","","","","","600","900","0.667","600","900","0.667","","77562","69d7d8d113c613a45ae43e5e9b1b275d2da077187d6336edc98ff44dd3d54b8d","AI 生成示意","true","0","故事偏短:73字","短边低于900px:600","card:缺少结构化provenance；card:缺少视觉/史实审核记录；detail:缺少结构化provenance；detail:缺少视觉/史实审核记录","列入第二批AI重置并同步修订数据"
"P2","qs-tcm","秦陵铜车马","qinshihuang","秦始皇帝陵博物院","陕西省","秦","秦汉","青铜器","chariot","79","true","false","true","true","/artifacts/qs-tcm.jpg","ai","","/artifacts/qs-tcm.jpg","ai","","true","ai-ai","false","false","","","","","600","900","0.667","600","900","0.667","","90566","6d8490807584747247378d5dae3777f03c54b1ac66affa0affbcd92df5dee185","AI 生成示意","true","0","故事偏短:79字","短边低于900px:600","card:缺少结构化provenance；card:缺少视觉/史实审核记录；detail:缺少结构化provenance；detail:缺少视觉/史实审核记录","列入第二批AI重置并同步修订数据"
"P2","qz-hzc","南宋泉州湾后渚港沉船","quanzhou","泉州海外交通史博物馆","福建省","南宋","宋辽金元","杂项","misc","72","true","false","true","true","/artifacts/qz-hzc.jpg","ai","","/artifacts/qz-hzc.jpg","ai","","true","ai-ai","false","false","","","","","600","900","0.667","600","900","0.667","","75057","58a63dbbbe138d4744500cc27f94a2116d6d3c925d40f9fd6b0cb012bad83a07","AI 生成示意","true","0","故事偏短:72字","短边低于900px:600","card:缺少结构化provenance；card:缺少视觉/史实审核记录；detail:缺少结构化provenance；detail:缺少视觉/史实审核记录","列入第二批AI重置并同步修订数据"
"P2","qz-jc","宋磁灶窑绿釉军持","quanzhou","泉州海外交通史博物馆","福建省","宋","宋辽金元","陶瓷","pot","103","true","false","true","true","/artifacts/qz-jc.jpg","ai","","/artifacts/qz-jc.jpg","ai","","true","ai-ai","false","false","","","","","600","900","0.667","600","900","0.667","","49108","ebe80e599a6173d7b5fdc14192ad2844b8309dfbcaedb5094120f71a454e53a6","AI 生成示意","true","0","","短边低于900px:600","card:缺少结构化provenance；card:缺少视觉/史实审核记录；detail:缺少结构化provenance；detail:缺少视觉/史实审核记录","列入第二批AI重置并同步修订数据"
"P2","qz-mbs","元伊斯兰教阿拉伯文墓碑","quanzhou","泉州海外交通史博物馆","福建省","元","宋辽金元","石刻","stele","67","true","false","true","true","/artifacts/qz-mbs.jpg","ai","","/artifacts/qz-mbs.jpg","ai","","true","ai-ai","false","false","","","","","600","900","0.667","600","900","0.667","","95086","20638d793a95e81016516e0f1cb5cd1fd634cfdd92d1ed128412babd6fc3381c","AI 生成示意","true","0","故事偏短:67字","短边低于900px:600","card:缺少结构化provenance；card:缺少视觉/史实审核记录；detail:缺少结构化provenance；detail:缺少视觉/史实审核记录","列入第二批AI重置并同步修订数据"
"P2","qzx-lxsf","北齐贴金彩绘佛造像","qingzhou","青州市博物馆","山东省","北齐","魏晋南北朝","石刻","buddha","76","true","true","true","true","/artifacts-v2/p1/qzx-lxsf.png","ai","cover","/artifacts-v2/p1/qzx-lxsf.png","ai","contain","true","ai-ai","false","false","approved","pending","approved","pending","1122","1402","0.8","1122","1402","0.8","","1851879","0fec47abb181081fa8b0d23d7dcf603bb3ec1d69b21ac55ce0a905e3bacd7dc7","AI 生成示意 · 基于参考图统一展陈","true","0","故事偏短:76字","","","已登记V2：继续视觉、史实与来源许可核验，不代表授权通过"
"P2","qzx-yzb","东汉“宜子孙”玉璧","qingzhou","青州市博物馆","山东省","东汉","秦汉","玉器","jade","64","true","false","true","true","/artifacts/qzx-yzb.jpg","ai","","/artifacts/qzx-yzb.jpg","ai","","true","ai-ai","false","false","","","","","600","900","0.667","600","900","0.667","","74829","56839775daca354078b5246f38205bc600c9b7012449b6b0796493351324c5af","AI 生成示意","true","0","故事偏短:64字","短边低于900px:600","card:缺少结构化provenance；card:缺少视觉/史实审核记录；detail:缺少结构化provenance；detail:缺少视觉/史实审核记录","列入第二批AI重置并同步修订数据"
"P2","qzx-zyj","明赵秉忠状元卷","qingzhou","青州市博物馆","山东省","明","明清","书画","scroll","67","true","true","true","true","/artifacts-v2/p1/qzx-zyj.png","ai","cover","/artifacts/qzx-zyj.jpg","source","contain","false","ai-source","false","false","approved","pending","approved","pending","1122","1402","0.8","900","506","1.779","static","2031106","cdeb8ebbb362e62045c30b1f86670c04bfc183d164dd48d5ed7aa11c7879b9af","AI 生成示意 · 基于参考图统一展陈","true","0","故事偏短:67字","","detail:授权尚未确认；detail:当前文件来源绑定未确认","已登记V2：继续视觉、史实与来源许可核验，不代表授权通过"
"P2","sb-qhbf","元青花凤首扁壶","shoubo","首都博物馆","北京市","元","宋辽金元","陶瓷","pot","74","true","true","true","true","/artifacts-v2/p2-source/sb-qhbf.png","ai","cover","/artifacts/sb-qhbf.jpg","source","contain","false","ai-source","false","false","approved","pending","approved","pending","1122","1402","0.8","900","675","1.333","","2076960","2e06a7b07f02e8b098e13b63fc81b86d1de1af22b61426861331079a71e4597f","AI 生成示意 · 基于真实来源图统一展陈","true","0","故事偏短:74字","","detail:授权尚未确认；detail:当前文件来源绑定未确认","已登记V2：继续视觉、史实与来源许可核验，不代表授权通过"
"P2","sc-hxz","东汉制盐画像砖","sichuan","四川博物院","四川省","东汉","秦汉","石刻","stele","99","true","false","true","true","/artifacts/sc-hxz.jpg","ai","","/artifacts/sc-hxz.jpg","ai","","true","ai-ai","false","false","","","","","600","900","0.667","600","900","0.667","","122235","9c45359b6da6ae19215c5dff58060ab6b2fc9e76d27a7c7223f6253f957e11df","AI 生成示意","true","0","","短边低于900px:600","card:缺少结构化provenance；card:缺少视觉/史实审核记录；detail:缺少结构化provenance；detail:缺少视觉/史实审核记录","列入第二批AI重置并同步修订数据"
"P2","sc-ssj","五代后蜀残石经","sichuan","四川博物院","四川省","五代","隋唐五代","石刻","stele","64","true","false","true","true","/artifacts/sc-ssj.jpg","ai","","/artifacts/sc-ssj.jpg","ai","","true","ai-ai","false","false","","","","","600","900","0.667","600","900","0.667","","92140","195340dca2a499359016d7f4d94487fe88d29f612b6b9a446d34e34507be07c6","AI 生成示意","true","0","故事偏短:64字","短边低于900px:600","card:缺少结构化provenance；card:缺少视觉/史实审核记录；detail:缺少结构化provenance；detail:缺少视觉/史实审核记录","列入第二批AI重置并同步修订数据"
"P2","sc-xsel","西周象首耳兽面纹铜罍","sichuan","四川博物院","四川省","西周","先秦","青铜器","pot","101","true","false","true","true","/artifacts/sc-xsel.jpg","ai","","/artifacts/sc-xsel.jpg","ai","","true","ai-ai","false","false","","","","","600","900","0.667","600","900","0.667","","87780","d0f260c8461196df8e13efba906ae52d205fe7b3227b472e2749b95f10476d29","AI 生成示意","true","0","","短边低于900px:600","card:缺少结构化provenance；card:缺少视觉/史实审核记录；detail:缺少结构化provenance；detail:缺少视觉/史实审核记录","列入第二批AI重置并同步修订数据"
"P2","sd-acy","商代亚醜钺","shandong","山东博物馆","山东省","商","先秦","青铜器","axe","82","true","false","true","true","/artifacts/sd-acy.jpg","ai","","/artifacts/sd-acy.jpg","ai","","true","ai-ai","false","false","","","","","600","900","0.667","600","900","0.667","","89530","6f524d7b44602ad25240effae8a9860a51c8292146283110e221e6dff844de5d","AI 生成示意","true","0","","短边低于900px:600","card:缺少结构化provenance；card:缺少视觉/史实审核记录；detail:缺少结构化provenance；detail:缺少视觉/史实审核记录","列入第二批AI重置并同步修订数据"
"P2","sd-hts","大汶口红陶兽形壶","shandong","山东博物馆","山东省","新石器时代","先秦","陶瓷","pot","71","true","false","true","true","/artifacts/sd-hts.jpg","ai","","/artifacts/sd-hts.jpg","ai","","true","ai-ai","false","false","","","","","600","900","0.667","600","900","0.667","","62799","f63827a7a81524aa57f6e34e1dbec83bbf352d7b802a5182418ac86ac57b5755","AI 生成示意","true","0","故事偏短:71字","短边低于900px:600","card:缺少结构化provenance；card:缺少视觉/史实审核记录；detail:缺少结构化provenance；detail:缺少视觉/史实审核记录","列入第二批AI重置并同步修订数据"
"P2","sd-lgdy","战国鲁国大玉璧","shandong","山东博物馆","山东省","战国","先秦","玉器","jade","66","true","false","true","true","/artifacts/sd-lgdy.jpg","ai","","/artifacts/sd-lgdy.jpg","ai","","true","ai-ai","false","false","","","","","600","900","0.667","600","900","0.667","","76978","5cafe8e510461838193c0b3edb104f0020ab7bdb65d1289a77812625da021c88","AI 生成示意","true","0","故事偏短:66字","短边低于900px:600","card:缺少结构化provenance；card:缺少视觉/史实审核记录；detail:缺少结构化provenance；detail:缺少视觉/史实审核记录","列入第二批AI重置并同步修订数据"
"P2","sd-szb","银雀山汉墓《孙子兵法》《孙膑兵法》竹简","shandong","山东博物馆","山东省","西汉","秦汉","简牍","stele","64","true","false","true","true","/artifacts/sd-szb.jpg","ai","","/artifacts/sd-szb.jpg","ai","","true","ai-ai","false","false","","","","","600","900","0.667","600","900","0.667","","71054","70d1cd74f14c1c28d25891e2c135cf79fe01765b01eeb0e2e9a3e7b71fd022dc","AI 生成示意","true","0","故事偏短:64字","短边低于900px:600","card:缺少结构化provenance；card:缺少视觉/史实审核记录；detail:缺少结构化provenance；detail:缺少视觉/史实审核记录","列入第二批AI重置并同步修订数据"
"P2","sx-hmms","侯马盟书","shanxi","山西博物院","山西省","春秋","先秦","简牍","stele","79","true","false","true","true","/artifacts/sx-hmms.jpg","ai","","/artifacts/sx-hmms.jpg","ai","","true","ai-ai","false","false","","","","","600","900","0.667","600","900","0.667","","69808","fe5d9d1942a5f71d642cddc4e0f169827798e1ad249cc0b6ac245a8f04af4dea","AI 生成示意","true","0","故事偏短:79字","短边低于900px:600","card:缺少结构化provenance；card:缺少视觉/史实审核记录；detail:缺少结构化provenance；detail:缺少视觉/史实审核记录","列入第二批AI重置并同步修订数据"
"P2","sx-nz","晋侯鸟尊","shanxi","山西博物院","山西省","西周","先秦","青铜器","zun","93","true","false","true","true","/artifacts/sx-nz.jpg","ai","","/artifacts/sx-nz.jpg","ai","","true","ai-ai","false","false","","","","","600","900","0.667","600","900","0.667","","79392","0e4a973ea2e2a6eb1005b05ec4cf0fe58312033e7679601fb25c98c969f1478f","AI 生成示意","true","0","","短边低于900px:600","card:缺少结构化provenance；card:缺少视觉/史实审核记录；detail:缺少结构化provenance；detail:缺少视觉/史实审核记录","列入第二批AI重置并同步修订数据"
"P2","sx-qh","北魏司马金龙墓木板漆画","shanxi","山西博物院","山西省","北魏","魏晋南北朝","漆器","lacquer","99","true","false","true","true","/artifacts/sx-qh.jpg","ai","","/artifacts/sx-qh.jpg","ai","","true","ai-ai","false","false","","","","","600","900","0.667","600","900","0.667","","77108","9c046235f652a3a5a091f299cb2c5b9b743470804327349efd001d3a264b99bb","AI 生成示意","true","0","","短边低于900px:600","card:缺少结构化provenance；card:缺少视觉/史实审核记录；detail:缺少结构化provenance；detail:缺少视觉/史实审核记录","列入第二批AI重置并同步修订数据"
"P2","sxd-dlr","商代青铜大立人","sanxingdui","三星堆博物馆","四川省","商","先秦","青铜器","figure","67","true","true","true","true","/artifacts-v2/p2-source/sxd-dlr.png","ai","cover","/artifacts/sxd-dlr.jpg","source","contain","false","ai-source","false","false","approved","pending","approved","pending","1122","1402","0.8","601","900","0.668","","1727956","a9028e32137ff38f57c432264dbe455467a9a8afefeec93ae9da8b70bb48603e","AI 生成示意 · 基于真实来源图统一展陈","true","0","故事偏短:67字","","detail:授权尚未确认；detail:当前文件来源绑定未确认","已登记V2：继续视觉、史实与来源许可核验，不代表授权通过"
"P2","sxd-hjm","商代黄金面具","sanxingdui","三星堆博物馆","四川省","商","先秦","金银器","mask","63","true","true","true","true","/artifacts-v2/p2-source/sxd-hjm.png","ai","cover","/artifacts/sxd-hjm.jpg","source","contain","false","ai-source","false","false","approved","pending","approved","pending","1122","1402","0.8","675","900","0.75","","1977989","654fb0d29352b79fb4921a65716b71667035df0012bf6ad7a6aa102388c1bb9f","AI 生成示意 · 基于真实来源图统一展陈","true","0","故事偏短:63字","","detail:授权尚未确认；detail:当前文件来源绑定未确认","已登记V2：继续视觉、史实与来源许可核验，不代表授权通过"
"P2","sxd-jz","商代金杖","sanxingdui","三星堆博物馆","四川省","商","先秦","金银器","gold","64","true","true","true","true","/artifacts-v2/p1/sxd-jz.png","ai","cover","/artifacts-v2/p1/sxd-jz.png","ai","contain","true","ai-ai","false","false","approved","pending","approved","pending","1122","1402","0.8","1122","1402","0.8","","1722989","f27706cea19ba3db4b72f088cb4db7c6bea52a997f64c65f3687739f02895bc6","AI 生成示意 · 基于参考图统一展陈","true","0","故事偏短:64字","","","已登记V2：继续视觉、史实与来源许可核验，不代表授权通过"
"P2","sxd-qs","商代青铜神树","sanxingdui","三星堆博物馆","四川省","商","先秦","青铜器","tree","77","true","true","true","true","/artifacts-v2/p2-source/sxd-qs.png","ai","cover","/artifacts/sxd-qs.jpg","source","contain","false","ai-source","false","false","approved","pending","approved","pending","1122","1402","0.8","675","900","0.75","","1743224","85df6d589c2c2a8111eb2ba4eb44465facf33d1e20a48225e7fceccce351e93e","AI 生成示意 · 基于真实来源图统一展陈","true","0","故事偏短:77字","","detail:授权尚未确认；detail:当前文件来源绑定未确认","已登记V2：继续视觉、史实与来源许可核验，不代表授权通过"
"P2","sxd-zym","商代青铜纵目面具","sanxingdui","三星堆博物馆","四川省","商","先秦","青铜器","mask","61","true","true","true","true","/artifacts-v2/p2-source/sxd-zym.png","ai","cover","/artifacts/sxd-zym.jpg","source","contain","false","ai-source","false","false","approved","pending","approved","pending","1122","1402","0.8","900","665","1.353","","1628278","7e1bd64f28f9bba356911387e7a0b6e1f62e502755556849224898d6753c934f","AI 生成示意 · 基于真实来源图统一展陈","true","0","故事偏短:61字","","detail:授权尚未确认；detail:当前文件来源绑定未确认","已登记V2：继续视觉、史实与来源许可核验，不代表授权通过"
"P2","sxl-hzx","西汉“皇后之玺”玉印","shanxili","陕西历史博物馆","陕西省","西汉","秦汉","玉器","seal","75","true","true","true","true","/artifacts-v2/p2-source/sxl-hzx.png","ai","cover","/artifacts/sxl-hzx.jpg","source","contain","false","ai-source","false","false","approved","pending","approved","pending","1122","1402","0.8","900","734","1.226","","1537687","6d37b8bd02b8dd9ae7df80fc8780c98e7acea19b6115cddbb411a1b3dd59f345","AI 生成示意 · 基于真实来源图统一展陈","true","0","故事偏短:75字","","detail:授权尚未确认；detail:当前文件来源绑定未确认","已登记V2：继续视觉、史实与来源许可核验，不代表授权通过"
"P2","sxl-wmh","唐鎏金舞马衔杯纹银壶","shanxili","陕西历史博物馆","陕西省","唐","隋唐五代","金银器","pot","74","true","false","true","true","/artifacts/sxl-wmh.jpg","ai","","/artifacts/sxl-wmh.jpg","ai","","true","ai-ai","false","false","","","","","600","900","0.667","600","900","0.667","","85154","621bb63d5bf566f820b08919ba55b26a0d6651cf0fc996852ae660b3bddfd4f8","AI 生成示意","true","0","故事偏短:74字","短边低于900px:600","card:缺少结构化provenance；card:缺少视觉/史实审核记录；detail:缺少结构化provenance；detail:缺少视觉/史实审核记录","列入第二批AI重置并同步修订数据"
"P2","sxl-xmb","唐镶金兽首玛瑙杯","shanxili","陕西历史博物馆","陕西省","唐","隋唐五代","玉器","cup","75","true","false","true","true","/artifacts/sxl-xmb.jpg","ai","","/artifacts/sxl-xmb.jpg","ai","","true","ai-ai","false","false","","","","","600","900","0.667","600","900","0.667","","54187","31aaf7e9cd00ce45735ec611d7febb413ce8abf942505ce07fc31a4e844360ed","AI 生成示意","true","0","故事偏短:75字","短边低于900px:600","card:缺少结构化provenance；card:缺少视觉/史实审核记录；detail:缺少结构化provenance；detail:缺少视觉/史实审核记录","列入第二批AI重置并同步修订数据"
"P2","sy-ljy","清太宗皇太极御用鹿角椅","sygugong","沈阳故宫博物院","辽宁省","清","明清","杂项","misc","66","true","false","true","true","/artifacts/sy-ljy.jpg","ai","","/artifacts/sy-ljy.jpg","ai","","true","ai-ai","false","false","","","","","600","900","0.667","600","900","0.667","","75701","22b19742f1f8f2ced0ffdea9f6af006c803d7b179fff48e60b7bbe1b7ac55a2c","AI 生成示意","true","0","故事偏短:66字","短边低于900px:600","card:缺少结构化provenance；card:缺少视觉/史实审核记录；detail:缺少结构化provenance；detail:缺少视觉/史实审核记录","列入第二批AI重置并同步修订数据"
"P2","sy-wyc","清乾隆款粉彩五燕瓷瓶","sygugong","沈阳故宫博物院","辽宁省","清","明清","陶瓷","vase","114","true","false","true","true","/artifacts/sy-wyc.jpg","ai","","/artifacts/sy-wyc.jpg","ai","","true","ai-ai","false","false","","","","","600","900","0.667","600","900","0.667","","63330","f6b10e126f69602b63870a90158c3c6648ad03e90763ab1eab55829dc8b6b9cb","AI 生成示意","true","0","","短边低于900px:600","card:缺少结构化provenance；card:缺少视觉/史实审核记录；detail:缺少结构化provenance；detail:缺少视觉/史实审核记录","列入第二批AI重置并同步修订数据"
"P2","sy-yyd","清太祖努尔哈赤御用宝剑","sygugong","沈阳故宫博物院","辽宁省","清","明清","杂项","sword","111","true","false","true","true","/artifacts/sy-yyd.jpg","ai","","/artifacts/sy-yyd.jpg","ai","","true","ai-ai","false","false","","","","","600","900","0.667","600","900","0.667","","39147","e36cb99c1369c0f7191b8dd2fb9d05da4e2c95992e3094f621e65a1ddabf979e","AI 生成示意","true","0","","短边低于900px:600","card:缺少结构化provenance；card:缺少视觉/史实审核记录；detail:缺少结构化provenance；detail:缺少视觉/史实审核记录","列入第二批AI重置并同步修订数据"
"P2","sz-jx","北宋嵌螺钿人物花鸟纹经箱","suzhou","苏州博物馆","江苏省","北宋","宋辽金元","漆器","lacquer","65","true","false","true","true","/artifacts/sz-jx.jpg","ai","","/artifacts/sz-jx.jpg","ai","","true","ai-ai","false","false","","","","","600","900","0.667","600","900","0.667","","100253","b0299614f8b55349bf6a405579be7e7b3a3246977b893b2b173630ca07171973","AI 生成示意","true","0","故事偏短:65字","短边低于900px:600","card:缺少结构化provenance；card:缺少视觉/史实审核记录；detail:缺少结构化provenance；detail:缺少视觉/史实审核记录","列入第二批AI重置并同步修订数据"
"P2","sz-lhw","五代秘色瓷莲花碗","suzhou","苏州博物馆","江苏省","五代","隋唐五代","陶瓷","bowl","77","true","false","true","true","/artifacts/sz-lhw.jpg","ai","","/artifacts/sz-lhw.jpg","ai","","true","ai-ai","false","false","","","","","600","900","0.667","600","900","0.667","","59577","ddc4a1d2764ee431a767bf716c43adebc119c90abfe6e01c15d2e82c02e6b299","AI 生成示意","true","0","故事偏短:77字","短边低于900px:600","card:缺少结构化provenance；card:缺少视觉/史实审核记录；detail:缺少结构化provenance；detail:缺少视觉/史实审核记录","列入第二批AI重置并同步修订数据"
"P2","tb-tbd","西周太保鼎","tianbo","天津博物馆","天津市","西周","先秦","青铜器","ding","76","true","true","true","true","/artifacts-v2/p1/tb-tbd.png","ai","cover","/artifacts-v2/p1/tb-tbd.png","ai","contain","true","ai-ai","false","false","approved","pending","approved","pending","1122","1402","0.8","1122","1402","0.8","","1964576","d4c5be28625cabbeee76f783e2bd4afdc3f8295474b028dc7216904967e81513","AI 生成示意 · 基于参考图统一展陈","true","0","故事偏短:76字","","","已登记V2：继续视觉、史实与来源许可核验，不代表授权通过"
"P2","tb-yhc","乾隆款珐琅彩芍药雉鸡图玉壶春瓶","tianbo","天津博物馆","天津市","清","明清","陶瓷","vase","74","true","true","true","true","/artifacts-v2/p1/tb-yhc.png","ai","cover","/artifacts-v2/p1/tb-yhc.png","ai","contain","true","ai-ai","false","false","approved","pending","approved","pending","1122","1402","0.8","1122","1402","0.8","","1704073","16f6ff0a78cc1a840555e6501466867b234d24bb117a1b66f89170e4e0bdfd2b","AI 生成示意 · 基于参考图统一展陈","true","0","故事偏短:74字","","","已登记V2：继续视觉、史实与来源许可核验，不代表授权通过"
"P2","tp-cyb","清翠玉白菜","taibei","台北故宫博物院","台湾省","清","明清","玉器","jade","67","true","false","true","true","/artifacts/tp-cyb.jpg","ai","","/artifacts/tp-cyb.jpg","ai","","true","ai-ai","false","false","","","","","600","900","0.667","600","900","0.667","","59518","60744c3877bb36ce986e3caa186e235e7e081878d0adca517ea8dd8c13fcf2a3","AI 生成示意","true","0","故事偏短:67字","短边低于900px:600","card:缺少结构化provenance；card:缺少视觉/史实审核记录；detail:缺少结构化provenance；detail:缺少视觉/史实审核记录","列入第二批AI重置并同步修订数据"
"P2","tp-kxs","晋王羲之《快雪时晴帖》","taibei","台北故宫博物院","台湾省","东晋","魏晋南北朝","书画","scroll","69","true","false","true","true","/artifacts/tp-kxs.jpg","ai","","/artifacts/tp-kxs.jpg","ai","","true","ai-ai","false","false","","","","","600","900","0.667","600","900","0.667","static","61551","54c00829e2c7ea7fe08bd5ca704e748dc8055c2bd6a19dc576177a2cf88979f2","AI 生成示意","true","0","故事偏短:69字","短边低于900px:600","card:缺少结构化provenance；card:缺少视觉/史实审核记录；detail:缺少结构化provenance；detail:缺少视觉/史实审核记录","列入第二批AI重置并同步修订数据"
"P2","tp-mgd","西周毛公鼎","taibei","台北故宫博物院","台湾省","西周","先秦","青铜器","ding","76","true","false","true","true","/artifacts/tp-mgd.jpg","ai","","/artifacts/tp-mgd.jpg","ai","","true","ai-ai","false","false","","","","","600","900","0.667","600","900","0.667","","66549","12e1cb076c3b17a9690cc980323964642637d998f196d33c40492273cf30f1ab","AI 生成示意","true","0","故事偏短:76字","短边低于900px:600","card:缺少结构化provenance；card:缺少视觉/史实审核记录；detail:缺少结构化provenance；detail:缺少视觉/史实审核记录","列入第二批AI重置并同步修订数据"
"P2","tp-rsp","北宋汝窑天青无纹水仙盆","taibei","台北故宫博物院","台湾省","北宋","宋辽金元","陶瓷","bowl","69","true","false","true","true","/artifacts/tp-rsp.jpg","ai","","/artifacts/tp-rsp.jpg","ai","","true","ai-ai","false","false","","","","","600","900","0.667","600","900","0.667","","51677","faab4cf5e132b0b1a7797b5e4e8ce7af29d45b96917c337b5c8b638e490a0ae7","AI 生成示意","true","0","故事偏短:69字","短边低于900px:600","card:缺少结构化provenance；card:缺少视觉/史实审核记录；detail:缺少结构化provenance；detail:缺少视觉/史实审核记录","列入第二批AI重置并同步修订数据"
"P2","tp-rxs","清肉形石","taibei","台北故宫博物院","台湾省","清","明清","杂项","misc","63","true","false","true","true","/artifacts/tp-rxs.jpg","ai","","/artifacts/tp-rxs.jpg","ai","","true","ai-ai","false","false","","","","","600","900","0.667","600","900","0.667","","67096","c2ec47614b1ef1b6a2f4e85c7dbedf7647cd42a07f941833cdca285ac18ddcdf","AI 生成示意","true","0","故事偏短:63字","短边低于900px:600","card:缺少结构化provenance；card:缺少视觉/史实审核记录；detail:缺少结构化provenance；detail:缺少视觉/史实审核记录","列入第二批AI重置并同步修订数据"
"P2","xa-dqz","隋董钦造鎏金铜弥陀佛像","xian","西安博物院","陕西省","隋","隋唐五代","金银器","buddha","61","true","false","true","true","/artifacts/xa-dqz.jpg","ai","","/artifacts/xa-dqz.jpg","ai","","true","ai-ai","false","false","","","","","600","900","0.667","600","900","0.667","","87933","0e38588f3ef7a25631be199b83733e9bef4705cd18815b1bb3ebf65ba8506668","AI 生成示意","true","0","故事偏短:61字","短边低于900px:600","card:缺少结构化provenance；card:缺少视觉/史实审核记录；detail:缺少结构化provenance；detail:缺少视觉/史实审核记录","列入第二批AI重置并同步修订数据"
"P2","xa-scm","唐三彩腾空马","xian","西安博物院","陕西省","唐","隋唐五代","陶瓷","horse","72","true","false","true","true","/artifacts/xa-scm.jpg","ai","","/artifacts/xa-scm.jpg","ai","","true","ai-ai","false","false","","","","","600","900","0.667","600","900","0.667","","76329","ea364afc4dfa737163624876811c7aa0713874feaf6a38ba537daf11236cbb7b","AI 生成示意","true","0","故事偏短:72字","短边低于900px:600","card:缺少结构化provenance；card:缺少视觉/史实审核记录；detail:缺少结构化provenance；detail:缺少视觉/史实审核记录","列入第二批AI重置并同步修订数据"
"P2","xa-snt","唐仕女俑","xian","西安博物院","陕西省","唐","隋唐五代","陶俑","figure","94","true","false","true","true","/artifacts/xa-snt.jpg","ai","","/artifacts/xa-snt.jpg","ai","","true","ai-ai","false","false","","","","","600","900","0.667","600","900","0.667","","58684","b160e1ff3c4bb5783fb07d3a29a236f862a2a862bd3ec72ccbb9f989e3648021","AI 生成示意","true","0","","短边低于900px:600","card:缺少结构化provenance；card:缺少视觉/史实审核记录；detail:缺少结构化provenance；detail:缺少视觉/史实审核记录","列入第二批AI重置并同步修订数据"
"P2","xj-fxnv","唐《伏羲女娲图》绢画","xinjiang","新疆维吾尔自治区博物馆","新疆维吾尔自治区","唐","隋唐五代","书画","scroll","69","true","false","true","true","/artifacts/xj-fxnv.jpg","ai","","/artifacts/xj-fxnv.jpg","ai","","true","ai-ai","false","false","","","","","600","900","0.667","600","900","0.667","static","85559","8910c6b5525d49ba88fbf3e9c5b5390428babf02cd3ba33e034d924b2e7c754a","AI 生成示意","true","0","故事偏短:69字","短边低于900px:600","card:缺少结构化provenance；card:缺少视觉/史实审核记录；detail:缺少结构化provenance；detail:缺少视觉/史实审核记录","列入第二批AI重置并同步修订数据"
"P2","xj-thy","唐彩绘天王踏鬼木俑","xinjiang","新疆维吾尔自治区博物馆","新疆维吾尔自治区","唐","隋唐五代","杂项","figure","61","true","false","true","true","/artifacts/xj-thy.jpg","ai","","/artifacts/xj-thy.jpg","ai","","true","ai-ai","false","false","","","","","600","900","0.667","600","900","0.667","","83535","9a5aaf00915a0975c3b37b9c1345885016c48d8f704806ee89b7f744d70fcbed","AI 生成示意","true","0","故事偏短:61字","短边低于900px:600","card:缺少结构化provenance；card:缺少视觉/史实审核记录；detail:缺少结构化provenance；detail:缺少视觉/史实审核记录","列入第二批AI重置并同步修订数据"
"P2","xj-wxc","东汉“五星出东方利中国”锦护臂","xinjiang","新疆维吾尔自治区博物馆","新疆维吾尔自治区","东汉","秦汉","织绣","textile","77","true","false","true","true","/artifacts/xj-wxc.jpg","ai","","/artifacts/xj-wxc.jpg","ai","","true","ai-ai","false","false","","","","","600","900","0.667","600","900","0.667","","81365","a52ebaa3175895eb809a17abbfa927a7020c90d78a58f80e329869b1c1cd51e0","AI 生成示意","true","0","故事偏短:77字","短边低于900px:600","card:缺少结构化provenance；card:缺少视觉/史实审核记录；detail:缺少结构化provenance；detail:缺少视觉/史实审核记录","列入第二批AI重置并同步修订数据"
"P2","xz-byj","吐蕃贝叶经","xizang","西藏博物馆","西藏自治区","唐","隋唐五代","杂项","scroll","63","true","false","true","true","/artifacts/xz-byj.jpg","ai","","/artifacts/xz-byj.jpg","ai","","true","ai-ai","false","false","","","","","600","900","0.667","600","900","0.667","static","70422","fbc64c1b2363c922ba83c6317f070b43a109afc7431b52e3c87327fdaaa07b53","AI 生成示意","true","0","故事偏短:63字","短边低于900px:600","card:缺少结构化provenance；card:缺少视觉/史实审核记录；detail:缺少结构化provenance；detail:缺少视觉/史实审核记录","列入第二批AI重置并同步修订数据"
"P2","xz-ljf","明永乐鎏金铜佛造像","xizang","西藏博物馆","西藏自治区","明","明清","金银器","buddha","60","true","false","true","true","/artifacts/xz-ljf.jpg","ai","","/artifacts/xz-ljf.jpg","ai","","true","ai-ai","false","false","","","","","600","900","0.667","600","900","0.667","","99877","69bcd549d6af8af8c469366e6fe796ef192927a7cdbaa29d4c75259b93bf89a5","AI 生成示意","true","0","故事偏短:60字","短边低于900px:600","card:缺少结构化provenance；card:缺少视觉/史实审核记录；detail:缺少结构化provenance；detail:缺少视觉/史实审核记录","列入第二批AI重置并同步修订数据"
"P2","xz-stg","新石器时代双体陶罐","xizang","西藏博物馆","西藏自治区","新石器时代","先秦","陶瓷","pot","75","true","false","true","true","/artifacts/xz-stg.jpg","ai","","/artifacts/xz-stg.jpg","ai","","true","ai-ai","false","false","","","","","600","900","0.667","600","900","0.667","","58834","34d15e51e35374384c0df2509ce5d97e7e45e80eab1ab972b1461976eed67d69","AI 生成示意","true","0","故事偏短:75字","短边低于900px:600","card:缺少结构化provenance；card:缺少视觉/史实审核记录；detail:缺少结构化provenance；detail:缺少视觉/史实审核记录","列入第二批AI重置并同步修订数据"
"P2","yn-dwy","西汉“滇王之印”金印","yunnan","云南省博物馆","云南省","西汉","秦汉","金银器","seal","67","true","false","true","true","/artifacts/yn-dwy.jpg","ai","","/artifacts/yn-dwy.jpg","ai","","true","ai-ai","false","false","","","","","600","900","0.667","600","900","0.667","","69358","dbc804e0b7f9f39b65311756b53da9f6d852b7242b22a7831fa25bd6d561e6b0","AI 生成示意","true","0","故事偏短:67字","短边低于900px:600","card:缺少结构化provenance；card:缺少视觉/史实审核记录；detail:缺少结构化provenance；detail:缺少视觉/史实审核记录","列入第二批AI重置并同步修订数据"
"P2","yn-jcn","宋大理国银鎏金镶珠金翅鸟","yunnan","云南省博物馆","云南省","宋","宋辽金元","金银器","gold","60","true","true","true","true","/artifacts-v2/p2-source/yn-jcn.png","ai","cover","/artifacts/yn-jcn.jpg","source","contain","false","ai-source","false","false","approved","pending","approved","pending","1122","1402","0.8","900","675","1.333","","2084503","1bb06d7328a83587dc7822d2dc54e261e54826c3279397a6aeebe0eb77273906","AI 生成示意 · 基于真实来源图统一展陈","true","0","故事偏短:60字","","detail:授权尚未确认；detail:当前文件来源绑定未确认","已登记V2：继续视觉、史实与来源许可核验，不代表授权通过"
"P2","yn-nha","战国牛虎铜案","yunnan","云南省博物馆","云南省","战国","先秦","青铜器","misc","77","true","false","true","true","/artifacts/yn-nha.jpg","ai","","/artifacts/yn-nha.jpg","ai","","true","ai-ai","false","false","","","","","600","900","0.667","600","900","0.667","","46505","caa3d2e6add09871c6ac4fc2f13283281bf42bbf30258778fe15e0005c5ede37","AI 生成示意","true","0","故事偏短:77字","短边低于900px:600","card:缺少结构化provenance；card:缺少视觉/史实审核记录；detail:缺少结构化provenance；detail:缺少视觉/史实审核记录","列入第二批AI重置并同步修订数据"
"P2","yx-jg","刻辞卜骨（甲骨）","yinxu","殷墟博物馆","河南省","商","先秦","简牍","bone","71","true","true","true","true","/artifacts-v2/p1/yx-jg.png","ai","cover","/artifacts-v2/p1/yx-jg.png","ai","contain","true","ai-ai","false","false","approved","pending","approved","pending","1122","1402","0.8","1122","1402","0.8","","1613452","706d51f2973313b904ba8a4ff8ae3a19d5a9348f064d85b4492a8e1e43b6c48d","AI 生成示意 · 基于参考图统一展陈","true","0","故事偏短:71字","","","已登记V2：继续视觉、史实与来源许可核验，不代表授权通过"
"P2","yx-sxd","商代司母辛鼎","yinxu","殷墟博物馆","河南省","商","先秦","青铜器","ding","61","true","false","true","true","/artifacts/yx-sxd.jpg","ai","","/artifacts/yx-sxd.jpg","ai","","true","ai-ai","false","false","","","","","600","900","0.667","600","900","0.667","","76557","94e672c3e664a933f119fdec1818a5783f25532fee344334fb8c068e037b86b7","AI 生成示意","true","0","故事偏短:61字","短边低于900px:600","card:缺少结构化provenance；card:缺少视觉/史实审核记录；detail:缺少结构化provenance；detail:缺少视觉/史实审核记录","列入第二批AI重置并同步修订数据"
"P2","yx-yz","商代亚长牛尊","yinxu","殷墟博物馆","河南省","商","先秦","青铜器","zun","70","true","false","true","true","/artifacts/yx-yz.jpg","ai","","/artifacts/yx-yz.jpg","ai","","true","ai-ai","false","false","","","","","600","900","0.667","600","900","0.667","","82285","73e6e01560c4f8c72b1a0c647d7a177fea105c75fbd803208584313f6c32740e","AI 生成示意","true","0","故事偏短:70字","短边低于900px:600","card:缺少结构化provenance；card:缺少视觉/史实审核记录；detail:缺少结构化provenance；detail:缺少视觉/史实审核记录","列入第二批AI重置并同步修订数据"
"P2","yz-mb","元霁蓝釉白龙纹梅瓶","yangzhou","扬州博物馆","江苏省","元","宋辽金元","陶瓷","vase","78","true","false","true","true","/artifacts/yz-mb.jpg","ai","","/artifacts/yz-mb.jpg","ai","","true","ai-ai","false","false","","","","","600","900","0.667","600","900","0.667","","90160","96f672cbb78d2eb0631f9fe115df58485d3442b40bb13b18958b028e1f6de98f","AI 生成示意","true","0","故事偏短:78字","短边低于900px:600","card:缺少结构化provenance；card:缺少视觉/史实审核记录；detail:缺少结构化provenance；detail:缺少视觉/史实审核记录","列入第二批AI重置并同步修订数据"
"P2","yz-tj","唐打马球图铜镜","yangzhou","扬州博物馆","江苏省","唐","隋唐五代","金银器","cup","102","true","false","true","true","/artifacts/yz-tj.jpg","ai","","/artifacts/yz-tj.jpg","ai","","true","ai-ai","false","false","","","","","600","900","0.667","600","900","0.667","","72926","14a82a2c3c9cb83828be788bd3998c30ee31a499d57eae147a85ed15695f94ce","AI 生成示意","true","0","","短边低于900px:600","card:缺少结构化provenance；card:缺少视觉/史实审核记录；detail:缺少结构化provenance；detail:缺少视觉/史实审核记录","列入第二批AI重置并同步修订数据"
"P2","yz-zbq","郑板桥《兰竹石图》","yangzhou","扬州博物馆","江苏省","清","明清","书画","scroll","106","true","false","true","true","/artifacts/yz-zbq.jpg","ai","","/artifacts/yz-zbq.jpg","ai","","true","ai-ai","false","false","","","","","600","900","0.667","600","900","0.667","static","79861","b095bc03d0e941851b15b8360edfdd21ddf0e412047f3f3556d1a691cf13f189","AI 生成示意","true","0","","短边低于900px:600","card:缺少结构化provenance；card:缺少视觉/史实审核记录；detail:缺少结构化provenance；detail:缺少视觉/史实审核记录","列入第二批AI重置并同步修订数据"
"P2","zj-aywt","五代吴越国鎏金银阿育王塔","zhejiang","浙江省博物馆","浙江省","五代","隋唐五代","金银器","misc","110","true","false","true","true","/artifacts/zj-aywt.jpg","ai","","/artifacts/zj-aywt.jpg","ai","","true","ai-ai","false","false","","","","","600","900","0.667","600","900","0.667","","94376","c6bf7f901c55d4550de325868b7830e28ae405e64297bb934693a181ce6b9c38","AI 生成示意","true","0","","短边低于900px:600","card:缺少结构化provenance；card:缺少视觉/史实审核记录；detail:缺少结构化provenance；detail:缺少视觉/史实审核记录","列入第二批AI重置并同步修订数据"
"P2","zj-sncy","河姆渡文化双鸟朝阳纹牙雕","zhejiang","浙江省博物馆","浙江省","新石器时代","先秦","杂项","bone","63","true","false","true","true","/artifacts/zj-sncy.jpg","ai","","/artifacts/zj-sncy.jpg","ai","","true","ai-ai","false","false","","","","","600","900","0.667","600","900","0.667","","87799","92f6120f1eb58609b72014e09852682cd4d786a60390a917c25bd342f8d03961","AI 生成示意","true","0","故事偏短:63字","短边低于900px:600","card:缺少结构化provenance；card:缺少视觉/史实审核记录；detail:缺少结构化provenance；detail:缺少视觉/史实审核记录","列入第二批AI重置并同步修订数据"
"P2","zj-yzj","战国越王者旨於睗剑","zhejiang","浙江省博物馆","浙江省","战国","先秦","青铜器","sword","63","true","true","true","true","/artifact-sources/verified/zj-yzj-card-cc0.jpg","source","contain","/artifact-sources/verified/zj-yzj-detail-cc0.jpg","source","contain","false","source-source","false","false","approved","approved","approved","approved","900","600","1.5","2400","1600","1.5","","66593","8d4c83a516743a84ad04df5afa60aa281afe8eff56a346fc4c9bb5705619f2a2","Gary Todd 摄影 · 浙江省博物馆藏越王者旨於睗剑 · CC0 1.0","false","0","故事偏短:63字","短边低于900px:600","","已登记V2：继续视觉、史实与来源许可核验，不代表授权通过"
"P3","gb-cxct","船形彩陶壶","guobo","中国国家博物馆","北京市","新石器时代","先秦","陶瓷","pot","101","true","true","true","true","/artifact-sources/collection-20260922/gb-cxct.jpg","source","contain","/artifact-sources/collection-20260922/gb-cxct.jpg","source","contain","true","source-source","false","false","approved","approved","approved","approved","1600","1274","1.256","1600","1274","1.256","","359890","f46eb99baa35b46d9133c1f19b806c8f687ccefa1cc8b85cf848935953257f29","Editor at Large / Wikimedia Commons / CC BY-SA 2.5","false","0","","","","已登记V2：继续视觉、史实与来源许可核验，不代表授权通过"
"P3","gb-gyts","鹳鱼石斧图彩绘陶缸","guobo","中国国家博物馆","北京市","新石器时代","先秦","陶瓷","pot","101","true","true","true","true","/artifact-sources/collection-20260922/gb-gyts.jpg","source","contain","/artifact-sources/collection-20260922/gb-gyts.jpg","source","contain","true","source-source","false","false","approved","approved","approved","approved","1600","2399","0.667","1600","2399","0.667","","792284","c80d648cbfb383b6c57363320f5fbb223d5be45a0282b831a3279145829ed209","Augustokremo / Wikimedia Commons / CC BY-SA 4.0","false","0","","","","已登记V2：继续视觉、史实与来源许可核验，不代表授权通过"
"P3","gb-hmwd","后母戊鼎","guobo","中国国家博物馆","北京市","商","先秦","青铜器","ding","103","true","true","true","true","/artifacts-v2/p2-source/gb-hmwd.png","ai","cover","/artifacts/gb-hmwd.jpg","source","contain","false","ai-source","false","false","approved","pending","approved","pending","1122","1402","0.8","691","900","0.768","","2367528","3c72328943602d376b10b8a0c561f1d33f5155baa5a016cd282001c6de6e6041","AI 生成示意 · 基于真实来源图统一展陈","true","1","","","card:缺少已核生成模型/服务；card:缺少已核生成日期；detail:授权尚未确认；detail:当前文件来源绑定未确认","已登记V2：继续视觉、史实与来源许可核验，不代表授权通过"
"P3","gb-jgs","击鼓说唱俑","guobo","中国国家博物馆","北京市","东汉","秦汉","陶俑","figure","89","true","true","true","true","/artifacts-v2/p2-source/gb-jgs.png","ai","cover","/artifacts/gb-jgs.jpg","source","contain","false","ai-source","false","false","approved","pending","approved","pending","1122","1402","0.8","600","900","0.667","","2180091","b02e0d2c9e1df23c311193c73f50c2a778ca74dbfef66df3f5f69fadb8447e9e","AI 生成示意 · 基于真实来源图统一展陈","true","1","","","card:缺少已核生成模型/服务；card:缺少已核生成日期；detail:授权尚未确认；detail:当前文件来源绑定未确认","已登记V2：继续视觉、史实与来源许可核验，不代表授权通过"
"P3","gb-jlfw","孝端皇后九龙九凤冠","guobo","中国国家博物馆","北京市","明","明清","金银器","gold","100","true","true","true","true","/artifacts-v2/p2-source/gb-jlfw.png","ai","cover","/artifacts/gb-jlfw.jpg","source","contain","false","ai-source","false","false","approved","pending","approved","pending","1122","1402","0.8","900","675","1.333","","1997804","1ee9c0a81d56f69ed15ecb7297ee1d7502a4c3af9347723ebf30875171fffa58","AI 生成示意 · 基于真实来源图统一展陈","true","0","","","detail:授权尚未确认；detail:当前文件来源绑定未确认","已登记V2：继续视觉、史实与来源许可核验，不代表授权通过"
"P3","gb-syz","四羊方尊","guobo","中国国家博物馆","北京市","商","先秦","青铜器","zun","84","true","true","true","true","/artifacts-v2/p2-source/gb-syz.png","ai","cover","/artifacts/gb-syz.jpg","source","contain","false","ai-source","false","false","approved","pending","approved","pending","1122","1402","0.8","695","800","0.869","","2245731","b9bf85f1ef664d12a15f7fb62f0f59fbe43b0bd5203529e51ece50fe1653c003","AI 生成示意 · 基于真实来源图统一展陈","true","0","","","detail:授权尚未确认；detail:当前文件来源绑定未确认","已登记V2：继续视觉、史实与来源许可核验，不代表授权通过"
"P3","gb-yygd","彩绘雁鱼青铜釭灯","guobo","中国国家博物馆","北京市","西汉","秦汉","青铜器","lamp","97","true","true","true","true","/artifact-sources/collection-20260922/gb-yygd.jpg","source","contain","/artifact-sources/collection-20260922/gb-yygd.jpg","source","contain","true","source-source","false","false","approved","approved","approved","approved","1600","2400","0.667","1600","2400","0.667","","620501","9a484451c5af79f37f8368c6fc9ed527cd026889d7166c87395f1f3cb5bce320","Gary Todd / Wikimedia Commons / CC0","false","0","","","","已登记V2：继续视觉、史实与来源许可核验，不代表授权通过"
"P3","gg-gzdc","各种釉彩大瓶","gugong","故宫博物院","北京市","清","明清","陶瓷","vase","95","true","true","true","true","/artifacts-v2/p1/gg-gzdc.png","ai","cover","/artifacts-v2/p1/gg-gzdc.png","ai","contain","true","ai-ai","false","false","approved","pending","approved","pending","1122","1402","0.8","1122","1402","0.8","","2016114","ceb7d27ef26bc7b50f685ebd0aa2fe7fcf6f0f7c37e1d9156b493599aaf105d2","AI 生成示意 · 基于参考图统一展陈","true","1","","","card:缺少已核生成模型/服务；card:缺少已核生成日期；detail:缺少已核生成模型/服务；detail:缺少已核生成日期","已登记V2：继续视觉、史实与来源许可核验，不代表授权通过"
"P3","gg-jgb","成化款斗彩鸡缸杯","gugong","故宫博物院","北京市","明成化","明清","陶瓷","cup","102","true","true","true","true","/artifacts-v2/ai-pending-20260923/gg-jgb.png","ai","contain","/artifacts-v2/ai-pending-20260923/gg-jgb.png","ai","contain","true","ai-ai","false","false","approved","pending","approved","pending","1122","1402","0.8","1122","1402","0.8","","1811576","9adefabf9e1f3e1552b431fe7399043828ae0384386407dd0180eb9acad310f9","AI 复原示意 · 据馆方文字资料生成，非文物实拍","true","0","","V2 card路径需核对批次命名约定","","已登记V2：继续视觉、史实与来源许可核验，不代表授权通过"
"P3","gg-jgyg","金瓯永固杯","gugong","故宫博物院","北京市","清","明清","金银器","cup","83","true","true","true","true","/artifacts-v2/ai-pending-20260923/gg-jgyg.png","ai","contain","/artifacts-v2/ai-pending-20260923/gg-jgyg.png","ai","contain","true","ai-ai","false","false","approved","pending","approved","pending","1122","1402","0.8","1122","1402","0.8","","2616519","26e06e717e2c21f5a9c586e83c4120b879a8d412a1aa2beef1fb20ab3b38b626","AI 复原示意 · 据馆方文字资料生成，非文物实拍","true","0","","V2 card路径需核对批次命名约定","","已登记V2：继续视觉、史实与来源许可核验，不代表授权通过"
"P3","gg-pft","《平复帖》","gugong","故宫博物院","北京市","西晋","魏晋南北朝","书画","scroll","91","true","true","true","true","/artifacts-v2/p1/gg-pft.png","ai","cover","/artifacts/gg-pft.jpg","source","contain","false","ai-source","false","false","approved","pending","approved","pending","1122","1402","0.8","900","475","1.895","static","1892891","0e52e33eb514adae3457ec544515f9de75209732539f628e3c98c2a8dab45c66","AI 生成示意 · 基于参考图统一展陈","true","0","","","detail:授权尚未确认；detail:当前文件来源绑定未确认","已登记V2：继续视觉、史实与来源许可核验，不代表授权通过"
"P3","gg-qljs","《千里江山图》卷","gugong","故宫博物院","北京市","北宋","宋辽金元","书画","scroll","89","true","true","true","true","/artifacts-v2/p1/gg-qljs.png","ai","cover","/artifacts/gg-qljs.jpg","source","contain","false","ai-source","false","false","approved","pending","approved","pending","1122","1402","0.8","900","36","25","panorama","2337413","ae63f6634ca3549a3c0f5866a88e1b97db6ce6f59169dd1cd491855b40e2fe33","AI 生成示意 · 基于参考图统一展陈","true","2","","","card:缺少已核生成模型/服务；card:缺少已核生成日期；detail:授权尚未确认；detail:当前文件来源绑定未确认","已登记V2：继续视觉、史实与来源许可核验，不代表授权通过"
"P3","gg-ryzl","汝窑淡天青釉弦纹三足樽式炉","gugong","故宫博物院","北京市","北宋","宋辽金元","陶瓷","pot","97","true","true","true","true","/artifacts-v2/ai-pending-20260923/gg-ryzl.png","ai","contain","/artifacts-v2/ai-pending-20260923/gg-ryzl.png","ai","contain","true","ai-ai","false","false","approved","pending","approved","pending","1122","1402","0.8","1122","1402","0.8","","1920722","4a5ae37198349e3459347c779192cbc04acb6ef1e9902a0a5cf43666f1784627","AI 复原示意 · 据馆方文字资料生成，非文物实拍","true","0","","V2 card路径需核对批次命名约定","","已登记V2：继续视觉、史实与来源许可核验，不代表授权通过"
"P3","hb-jly","刘胜金缕玉衣","hebwy","河北博物院","河北省","西汉","秦汉","玉器","jade","105","true","true","true","true","/artifacts-v2/p2-source/hb-jly.png","ai","cover","/artifacts/hb-jly.jpg","source","contain","false","ai-source","false","false","approved","pending","approved","pending","1122","1402","0.8","900","675","1.333","","2537948","144d7c04a1624bd68e14537dda462ef2cf4d8454238a3098089d88a5e3331575","AI 生成示意 · 基于真实来源图统一展陈","true","1","","","card:缺少已核生成模型/服务；card:缺少已核生成日期；detail:授权尚未确认；detail:当前文件来源绑定未确认","已登记V2：继续视觉、史实与来源许可核验，不代表授权通过"
"P3","hk-hrz","北宋定窑白釉孩儿枕","hongkong","香港故宫文化博物馆","香港特别行政区","北宋","宋辽金元","陶瓷","figure","104","true","true","true","true","/artifacts-v2/p1/hk-hrz.png","ai","cover","/artifacts-v2/p1/hk-hrz.png","ai","contain","true","ai-ai","false","false","approved","pending","approved","pending","1122","1402","0.8","1122","1402","0.8","","1511579","4a435023095be1a5e941efe8b5cbb25979bb1084f16cbb3a852d180b88e37909","AI 生成示意 · 基于参考图统一展陈","true","0","","","","已登记V2：继续视觉、史实与来源许可核验，不代表授权通过"
"P3","hk-jgb","明永乐青花龙穿花纹扁瓶","hongkong","香港故宫文化博物馆","香港特别行政区","明永乐","明清","陶瓷","vase","102","true","true","true","true","/artifacts-v2/p1/hk-jgb.png","ai","cover","/artifact-sources/official/hk-jgb.png","source","contain","false","ai-source","false","false","approved","pending","approved","approved","1122","1402","0.8","600","600","1","","1811314","bb755728e761d203c0e9a61a78e55e400719c05b3b4c306594c96004ef545595","AI 生成示意 · 基于参考图统一展陈","true","0","","","detail:缺少许可类型；detail:缺少许可URL；detail:授权尚未确认；detail:当前文件来源绑定未确认","已登记V2：继续视觉、史实与来源许可核验，不代表授权通过"
"P3","hlj-syj","金代双鱼纹铜镜","heilongjiang","黑龙江省博物馆","黑龙江省","金","宋辽金元","青铜器","cup","107","true","true","true","true","/artifacts-v2/ai-pending-20260923/hlj-syj.png","ai","contain","/artifacts-v2/ai-pending-20260923/hlj-syj.png","ai","contain","true","ai-ai","false","false","approved","pending","approved","pending","1122","1402","0.8","1122","1402","0.8","","2816707","7856595d79a8cb76d8dc0ba51db5af6478b283412580a00d93c004a1a1d46284","AI 复原示意 · 据馆方文字资料生成，非文物实拍","true","0","","V2 card路径需核对批次命名约定","","已登记V2：继续视觉、史实与来源许可核验，不代表授权通过"
"P3","hlj-tzl","金代铜坐龙","heilongjiang","黑龙江省博物馆","黑龙江省","金","宋辽金元","青铜器","misc","84","true","true","true","true","/artifacts-v2/p2-source/hlj-tzl.png","ai","cover","/artifacts/hlj-tzl.jpg","source","contain","false","ai-source","false","false","approved","pending","approved","pending","1122","1402","0.8","600","900","0.667","","1547704","3c8296fe03a8c0cae5097b69520149e954d156d50db4742624e9ff8f970cd2f5","AI 生成示意 · 基于真实来源图统一展陈","true","0","","","detail:授权尚未确认；detail:当前文件来源绑定未确认","已登记V2：继续视觉、史实与来源许可核验，不代表授权通过"
"P3","hn-ywtj","云纹铜禁","henan","河南博物院","河南省","春秋","先秦","青铜器","pot","106","true","true","true","true","/artifact-sources/collection-20260922/hn-ywtj.jpg","source","contain","/artifact-sources/collection-20260922/hn-ywtj.jpg","source","contain","true","source-source","false","false","approved","approved","approved","approved","1600","1067","1.5","1600","1067","1.5","","416337","e62ffe8b26b28355002d83dd948fd44f3e6d3bcc563582f23c0698bee68b8fd2","Gary Todd / Wikimedia Commons / CC0","false","0","","","","已登记V2：继续视觉、史实与来源许可核验，不代表授权通过"
"P3","hub-ywj","春秋越王勾践剑","hubei","湖北省博物馆","湖北省","春秋","先秦","青铜器","sword","86","true","true","true","true","/artifacts-v2/p1/hub-ywj.png","ai","cover","/artifacts-v2/p1/hub-ywj.png","ai","contain","true","ai-ai","false","false","approved","pending","approved","pending","1122","1402","0.8","1122","1402","0.8","","1662779","accb01547c22de0d309b4e61d7163a4b9efbbde83564e261cb13f90ea9cd17f4","AI 生成示意 · 基于参考图统一展陈","true","0","","","","已登记V2：继续视觉、史实与来源许可核验，不代表授权通过"
"P3","hub-zhy","战国曾侯乙编钟","hubei","湖北省博物馆","湖北省","战国","先秦","青铜器","bell","87","true","true","true","true","/artifacts-v2/p1/hub-zhy.png","ai","cover","/artifacts-v2/p1/hub-zhy.png","ai","contain","true","ai-ai","false","false","approved","pending","approved","pending","1122","1402","0.8","1122","1402","0.8","","2322530","f55af4e78a03852b704e1e8678d7c664b5a6f5d0d94eae0d2426363a47e12225","AI 生成示意 · 基于参考图统一展陈","true","0","","","","已登记V2：继续视觉、史实与来源许可核验，不代表授权通过"
"P3","js-hjm","商周黄金面具","jinsha","成都金沙遗址博物馆","四川省","商周","先秦","金银器","mask","107","true","true","true","true","/artifacts-v2/p1/js-hjm.png","ai","cover","/artifacts-v2/p1/js-hjm.png","ai","contain","true","ai-ai","false","false","approved","pending","approved","pending","1122","1402","0.8","1122","1402","0.8","","1661462","b4f1c27e50f4c1713d2e91cefadef28202906ba81712ce91085347ae6d022154","AI 生成示意 · 基于参考图统一展陈","true","0","","","","已登记V2：继续视觉、史实与来源许可核验，不代表授权通过"
"P3","jz-yzj","战国越王州句剑","jingzhou","荆州博物馆","湖北省","战国","先秦","青铜器","sword","100","true","true","true","true","/artifacts-v2/p2-source/jz-yzj.png","ai","cover","/artifacts/jz-yzj.jpg","source","contain","false","ai-source","false","false","approved","pending","approved","pending","1122","1402","0.8","900","675","1.333","","1444263","7b1403084e5f07f72d540afe4254e5d3a123219f7fd2646c2c8c10b1743bfe43","AI 生成示意 · 基于真实来源图统一展陈","true","0","","","detail:授权尚未确认；detail:当前文件来源绑定未确认","已登记V2：继续视觉、史实与来源许可核验，不代表授权通过"
"P3","kf-khc","北魏孔惠超石造像","kaifeng","开封市博物馆","河南省","北魏","魏晋南北朝","石刻","buddha","108","true","true","true","true","/artifacts-v2/p2-source/kf-khc.png","ai","cover","/artifacts/kf-khc.jpg","source","contain","false","ai-source","false","false","approved","pending","approved","pending","1122","1402","0.8","600","900","0.667","","2318623","e07b33184ecbc4a2fd4c9bf4626f642b94c548ba073e91d1f879a62f25c15c24","AI 生成示意 · 基于真实来源图统一展陈","true","0","","","detail:缺少来源页URL；detail:缺少作者/机构；detail:缺少许可类型；detail:缺少许可URL；detail:缺少核验日期；detail:授权尚未确认；detail:当前文件来源绑定未确认","已登记V2：继续视觉、史实与来源许可核验，不代表授权通过"
"P3","nb-htb","唐越窑划花卉海棠杯","ningbo","宁波博物院","浙江省","晚唐","隋唐五代","陶瓷","cup","94","true","true","true","true","/artifacts-v2/ai-pending-20260923/nb-htb.png","ai","contain","/artifacts-v2/ai-pending-20260923/nb-htb.png","ai","contain","true","ai-ai","false","false","approved","pending","approved","pending","1122","1402","0.8","1122","1402","0.8","","2263060","eca1bdf3f5bae04011a3c9649c8e4414915ceb81b610e9d1ac03f5539490df26","AI 复原示意 · 据馆方文字资料生成，非文物实拍","true","0","","V2 card路径需核对批次命名约定","","已登记V2：继续视觉、史实与来源许可核验，不代表授权通过"
"P3","sb-bjl","伯矩鬲","shoubo","首都博物馆","北京市","西周","先秦","青铜器","pot","84","true","true","true","true","/artifacts-v2/p1/sb-bjl.png","ai","cover","/artifacts-v2/p1/sb-bjl.png","ai","contain","true","ai-ai","false","false","approved","pending","approved","pending","1122","1402","0.8","1122","1402","0.8","","1978151","0b04e465fc5ff25500f12b80fb4b7eede18d502f02745d46035a9e5f9f7dd2f6","AI 生成示意 · 基于参考图统一展陈","true","0","","","","已登记V2：继续视觉、史实与来源许可核验，不代表授权通过"
"P3","sb-jd","堇鼎","shoubo","首都博物馆","北京市","西周","先秦","青铜器","ding","92","true","true","true","true","/artifacts-v2/p1/sb-jd.png","ai","cover","/artifacts-v2/p1/sb-jd.png","ai","contain","true","ai-ai","false","false","approved","pending","approved","pending","1122","1402","0.8","1122","1402","0.8","","1915594","6576b9593b20c3d9d65249141bed6da87f23bb5374ef7539245b0232e5802789","AI 生成示意 · 基于参考图统一展陈","true","0","","","","已登记V2：继续视觉、史实与来源许可核验，不代表授权通过"
"P3","sh-dkd","大克鼎","shanghai","上海博物馆","上海市","西周","先秦","青铜器","ding","90","true","true","true","true","/artifacts-v2/p2-source/sh-dkd.png","ai","cover","/artifacts/sh-dkd.jpg","source","contain","false","ai-source","false","false","approved","pending","approved","pending","1122","1402","0.8","900","805","1.118","","2338514","0e7ce0bfc622238ccd8b0bc792f4d148d8d98bfbe4866f9f7625fc9d27aa9b33","AI 生成示意 · 基于真实来源图统一展陈","true","0","","","detail:授权尚未确认；detail:当前文件来源绑定未确认","已登记V2：继续视觉、史实与来源许可核验，不代表授权通过"
"P3","sh-ltry","朱克柔缂丝《莲塘乳鸭图》","shanghai","上海博物馆","上海市","南宋","宋辽金元","织绣","textile","105","true","true","true","true","/artifacts-v2/ai-pending-20260923/sh-ltry.png","ai","contain","/artifacts-v2/ai-pending-20260923/sh-ltry.png","ai","contain","true","ai-ai","false","false","approved","pending","approved","pending","1122","1402","0.8","1122","1402","0.8","","2875881","86d1acefa28056bb95174db5c3ee9547f1dcb651bade4ac20438a476bbff2706","AI 复原示意 · 据馆方文字资料生成，非文物实拍","true","0","","V2 card路径需核对批次命名约定","","已登记V2：继续视觉、史实与来源许可核验，不代表授权通过"
"P3","sh-sqf","战国商鞅方升","shanghai","上海博物馆","上海市","战国","先秦","青铜器","cup","80","true","true","true","true","/artifacts-v2/p2-source/sh-sqf.png","ai","cover","/artifact-sources/official/sh-sqf.jpg","source","contain","false","ai-source","false","false","approved","pending","approved","approved","1122","1402","0.8","2000","1193","1.676","","1767466","522c6a6e3a07329f7f44df1808817eae2a9653200308bae4907b2e7175627820","AI 生成示意 · 基于真实来源图统一展陈","true","0","","","detail:缺少许可类型；detail:缺少许可URL；detail:授权尚未确认；detail:当前文件来源绑定未确认","已登记V2：继续视觉、史实与来源许可核验，不代表授权通过"
"P3","sh-syt","王羲之《上虞帖》唐摹本","shanghai","上海博物馆","上海市","东晋","魏晋南北朝","书画","scroll","83","true","true","true","true","/artifacts-v2/p1/sh-syt.png","ai","cover","/artifacts/sh-syt.jpg","source","contain","false","ai-source","false","false","approved","pending","approved","pending","1122","1402","0.8","900","392","2.296","static","1977747","186f4d577210c0cd502b92a180b0d55337345606658b94c01d7a088c3e9d8911","AI 生成示意 · 基于参考图统一展陈","true","0","","","detail:授权尚未确认；detail:当前文件来源绑定未确认","已登记V2：继续视觉、史实与来源许可核验，不代表授权通过"
"P3","sh-zzjp","子仲姜盘","shanghai","上海博物馆","上海市","春秋","先秦","青铜器","pot","99","true","true","true","true","/artifact-sources/collection-20260922/sh-zzjp.jpg","source","contain","/artifact-sources/collection-20260922/sh-zzjp.jpg","source","contain","true","source-source","false","false","approved","approved","approved","approved","1600","1143","1.4","1600","1143","1.4","","280830","9b3128adc2434a805ce9d96611150f3c6eb91d461bb1b55d777812073accb9d5","Alexey Yakovlev / Wikimedia Commons / CC0","false","0","","","","已登记V2：继续视觉、史实与来源许可核验，不代表授权通过"
"P3","sxl-lt","唐三彩骆驼载乐俑","shanxili","陕西历史博物馆","陕西省","唐","隋唐五代","陶俑","figure","83","true","true","true","true","/artifacts-v2/ai-pending-20260923/sxl-lt.png","ai","contain","/artifacts-v2/ai-pending-20260923/sxl-lt.png","ai","contain","true","ai-ai","false","false","approved","pending","approved","pending","1122","1402","0.8","1122","1402","0.8","","2350150","215cb93a1d11a63d0bf9ef7855b6065f5181289729fbf47450b4f5c017199686","AI 复原示意 · 据馆方文字资料生成，非文物实拍","true","0","","V2 card路径需核对批次命名约定","","已登记V2：继续视觉、史实与来源许可核验，不代表授权通过"
"P3","sxl-ptxn","葡萄花鸟纹银香囊","shanxili","陕西历史博物馆","陕西省","唐","隋唐五代","金银器","gold","112","true","true","true","true","/artifacts-v2/ai-pending-20260923/sxl-ptxn.png","ai","contain","/artifacts-v2/ai-pending-20260923/sxl-ptxn.png","ai","contain","true","ai-ai","false","false","approved","pending","approved","pending","1122","1402","0.8","1122","1402","0.8","","2066637","18cef49d9ae1faeead8d2b4efde819a633e87e071f4ea7c38ef209af719f31e5","AI 复原示意 · 据馆方文字资料生成，非文物实拍","true","0","","V2 card路径需核对批次命名约定","","已登记V2：继续视觉、史实与来源许可核验，不代表授权通过"
"P3","sxl-yjb","唐鸳鸯莲瓣纹金碗","shanxili","陕西历史博物馆","陕西省","唐","隋唐五代","金银器","gold","95","true","true","true","true","/artifacts-v2/p2-source/sxl-yjb.png","ai","cover","/artifacts/sxl-yjb.jpg","source","contain","false","ai-source","false","false","approved","pending","approved","pending","1122","1402","0.8","900","675","1.333","","2032178","b72faa75b0bbfbcbb0c68fbd0f6a67b0e837d1af20cbe41384e3538671d1ae34","AI 生成示意 · 基于真实来源图统一展陈","true","0","","","detail:授权尚未确认；detail:当前文件来源绑定未确认","已登记V2：继续视觉、史实与来源许可核验，不代表授权通过"
"P3","sz-bz","北宋真珠舍利宝幢","suzhou","苏州博物馆","江苏省","北宋","宋辽金元","杂项","misc","84","true","true","true","true","/artifacts-v2/p2-source/sz-bz.png","ai","cover","/artifacts/sz-bz.jpg","source","contain","false","ai-source","false","false","approved","pending","approved","pending","1122","1402","0.8","601","900","0.668","","1811859","cf2eb6e12e0fc1f76a338ed4395bd07546f0a2160d09bc0662447abb22ed36f3","AI 生成示意 · 基于真实来源图统一展陈","true","0","","","detail:缺少来源页URL；detail:缺少作者/机构；detail:缺少许可类型；detail:缺少许可URL；detail:缺少核验日期；detail:授权尚未确认；detail:当前文件来源绑定未确认","已登记V2：继续视觉、史实与来源许可核验，不代表授权通过"
"P3","tb-xjhl","范宽《雪景寒林图》","tianbo","天津博物馆","天津市","北宋","宋辽金元","书画","scroll","85","true","true","true","true","/artifacts-v2/p2-source/tb-xjhl.png","ai","cover","/artifacts/tb-xjhl.jpg","source","contain","false","ai-source","false","false","approved","pending","approved","pending","1122","1402","0.8","748","900","0.831","static","2776872","039e1ee299025b59d5b8c4837dbc63180925861d57b4c6b1fa44f3ea05be4586","AI 生成示意 · 基于真实来源图统一展陈","true","0","","","detail:授权尚未确认；detail:当前文件来源绑定未确认","已登记V2：继续视觉、史实与来源许可核验，不代表授权通过"
"P3","zj-fcst","黄公望《富春山居图·剩山图》","zhejiang","浙江省博物馆","浙江省","元","宋辽金元","书画","scroll","86","true","true","true","true","/artifacts-v2/p2-source/zj-fcst.png","ai","cover","/artifacts/zj-fcst.jpg","source","contain","false","ai-source","false","false","approved","pending","approved","pending","1122","1402","0.8","900","601","1.498","static","1889453","9b98e3f52a23b02d76c9a0f5b16261c580d4ed3c62a64d3713e65d153623d781","AI 生成示意 · 基于真实来源图统一展陈","true","0","","","detail:缺少来源页URL；detail:缺少作者/机构；detail:缺少许可类型；detail:缺少许可URL；detail:缺少核验日期；detail:授权尚未确认；detail:当前文件来源绑定未确认","已登记V2：继续视觉、史实与来源许可核验，不代表授权通过"