id,name,museum,sourceUrl,author,institution,license,licenseUrl,verifiedAt,linkCheckedAt,authorizationStatus,assetMatchStatus,assetSha256,src,hold,closeoutStatus,evidenceNote
"gg-qmsh","《清明上河图》卷","故宫博物院","https://commons.wikimedia.org/wiki/File:Alongtheriver_QingMing.jpg","张择端","故宫博物院","PD-Art","https://creativecommons.org/publicdomain/mark/1.0/","2026-09-15","2026-09-15","pending","pending","7eff9b37c36f3348c1b7dbc5693b7e40da101314a8214adcb3a127215bbb15f0","/artifacts/gg-qmsh.jpg","","skipped-download-blocked","已读取逐文件说明与许可证区域；本地缩图与原始文件尚缺完整绑定证据，授权继续待核。"
"gg-qljs","《千里江山图》卷","故宫博物院","https://commons.wikimedia.org/wiki/File:%E7%8E%8B%E5%B8%8C%E5%AD%9F%E5%8D%83%E9%87%8C%E6%B1%9F%E5%B1%B1%E5%9B%BE%E5%8D%B7.png","王希孟","故宫博物院","PD-scan","https://creativecommons.org/publicdomain/mark/1.0/","2026-09-15","2026-09-15","pending","pending","ffa4af8f0fc545266a7432f65cf59e8a760edc0832f4bb770d0c392a7c6c5801","/artifacts/gg-qljs.jpg","","skipped-download-blocked","已读取逐文件说明与许可证区域；本地缩图与原始文件尚缺完整绑定证据，授权继续待核。"
"gg-pft","《平复帖》","故宫博物院","https://commons.wikimedia.org/wiki/File:%E9%99%86%E6%9C%BA%E8%8D%89%E9%9A%B6%E5%B9%B3%E5%A4%8D%E5%B8%96%E5%8D%B7.png","陆机","故宫博物院","PD-Art","https://creativecommons.org/publicdomain/mark/1.0/","2026-09-15","2026-09-15","pending","pending","540f6438d1234270251db485632f53babca6a72dde39bb664e5acc527cba8dbf","/artifacts/gg-pft.jpg","","","已读取逐文件说明与许可证区域；本地缩图与原始文件尚缺完整绑定证据，授权继续待核。"
"gg-jgyg","金瓯永固杯","故宫博物院","https://commons.wikimedia.org/wiki/File:%E9%87%91%E7%94%8C%E6%B0%B8%E5%9B%BA%E6%9D%AF.png","国立故宫博物院","国立故宫博物院（台北）","CC BY 4.0","https://creativecommons.org/licenses/by/4.0/","2026-09-15","2026-09-15","pending","mismatch","c89791eb306436f3c03ffbaf70fed29c5cee7ae9b1d3224fc5008d18d27ec2b0","/artifacts/gg-jgyg.jpg","true","pending-license","来源页图像标注台北故宫故雜005490，并非本站北京故宫记录。"
"gb-hmwd","后母戊鼎","中国国家博物馆","https://commons.wikimedia.org/wiki/File:HouMuWuDingFullView.jpg","Mlogic","中国国家博物馆","CC BY-SA 3.0","https://creativecommons.org/licenses/by-sa/3.0/","2026-09-15","2026-09-15","pending","pending","7f94efd9197da68da234eb978f79a27d62f6d0aa0c88c3839090e878968936ea","/artifacts/gb-hmwd.jpg","","","已读取逐文件说明与许可证区域；本地缩图与原始文件尚缺完整绑定证据，授权继续待核。"
"gb-syz","四羊方尊","中国国家博物馆","https://commons.wikimedia.org/wiki/File:Square_zun_with_four_sheep_01.jpg","Smartneddy","中国国家博物馆","CC BY-SA 3.0","https://creativecommons.org/licenses/by-sa/3.0/","2026-09-15","2026-09-15","pending","pending","244a3b01198de4ca251cd4d1e0732d9eab34c9c54601d1fca7577108910b0b24","/artifacts/gb-syz.jpg","","","已读取逐文件说明与许可证区域；本地缩图与原始文件尚缺完整绑定证据，授权继续待核。"
"gb-jgs","击鼓说唱俑","中国国家博物馆","https://commons.wikimedia.org/wiki/File:Ceramic_figure_of_a_story-teller.jpg","Shujianyang","中国国家博物馆","CC0 1.0","https://creativecommons.org/publicdomain/zero/1.0/","2026-09-15","2026-09-15","pending","pending","aea5d9d84b161d7b85dab8ff4dc34b05dc2cf670f0de81dcf91d2c1a9e6b0758","/artifacts/gb-jgs.jpg","","","已读取逐文件说明与许可证区域；本地缩图与原始文件尚缺完整绑定证据，授权继续待核。"
"gb-jlfw","孝端皇后九龙九凤冠","中国国家博物馆","https://commons.wikimedia.org/wiki/File:%E5%AD%9D%E7%AB%AF%E6%98%BE%E7%9A%87%E5%90%8E%E4%B9%9D%E9%BE%99%E4%B9%9D%E5%87%A4%E5%86%A0.jpeg","清原染子","中国国家博物馆","PD-self","https://commons.wikimedia.org/wiki/File:%E5%AD%9D%E7%AB%AF%E6%98%BE%E7%9A%87%E5%90%8E%E4%B9%9D%E9%BE%99%E4%B9%9D%E5%87%A4%E5%86%A0.jpeg#Licensing","2026-09-15","2026-09-15","pending","pending","35db0fa195dfd37b811c1cd59ee79dced595cee803d7d537716c3e0934cf926c","/artifacts/gb-jlfw.jpg","","","已读取逐文件说明与许可证区域；本地缩图与原始文件尚缺完整绑定证据，授权继续待核。"
"sb-qhbf","元青花凤首扁壶","首都博物馆","https://commons.wikimedia.org/wiki/File:%E6%99%AF%E5%BE%B7%E9%95%87%E7%AA%91%E9%9D%92%E8%8A%B1%E5%87%A4%E9%A6%96%E6%89%81%E5%A3%B609124.jpg","Augusthaiho","","CC BY-SA 4.0","https://creativecommons.org/licenses/by-sa/4.0/","2026-09-15","2026-09-15","pending","pending","f474a1121a335308657f487a31f7644ccaf6855bd1f4b25977df449130e494a8","/artifacts/sb-qhbf.jpg","","","已读取逐文件说明与许可证区域；本地缩图与原始文件尚缺完整绑定证据，授权继续待核。"
"tb-xjhl","范宽《雪景寒林图》","天津博物馆","https://commons.wikimedia.org/wiki/File:Xuejinghanlintu.jpg","范宽","天津博物馆","PD-Art","https://creativecommons.org/publicdomain/mark/1.0/","2026-09-15","2026-09-15","pending","pending","dd753d6f794edc27b11f710186a723500042702f329d6cc3d3fb32810606c0a7","/artifacts/tb-xjhl.jpg","","","已读取逐文件说明与许可证区域；本地缩图与原始文件尚缺完整绑定证据，授权继续待核。"
"hb-cxd","长信宫灯","河北博物院","https://lthb.hebeimedia.cn/c/2022-07-20/563282.html","","河北博物院 / 河北新闻网旅图河北","","","2026-09-15","2026-09-15","restricted","pending","b4b520b345177bb8c8d9ea6a46296a61ff9ab03f757a8529ac0e634b8ef7eaba","/artifact-sources/official/hb-cxd.png","","","页面明确未经允许不得复制或镜像；未取得额外授权，停止展示此来源图，详情仅保留标识清楚的 AI 示意。AI 参考图权利仍待核。"
"hb-jly","刘胜金缕玉衣","河北博物院","https://commons.wikimedia.org/wiki/File:Jin_Lv_Yu_Yi_of_Liusheng%2C_Han_Dynasty%2CChina_(Hebei_Museum).jpg","XRAY96","河北博物院","PD-self","https://commons.wikimedia.org/wiki/File:Jin_Lv_Yu_Yi_of_Liusheng%2C_Han_Dynasty%2CChina_(Hebei_Museum).jpg#Licensing","2026-09-15","2026-09-15","pending","pending","cab1b60deb2ccc9eebe3e3ac0bceff8fa42089354fab209f41dec1ed0fd8e212","/artifacts/hb-jly.jpg","","","已读取逐文件说明与许可证区域；本地缩图与原始文件尚缺完整绑定证据，授权继续待核。"
"nm-jgs","战国匈奴鹰形金冠","内蒙古博物院","https://commons.wikimedia.org/wiki/File:%E5%8C%88%E5%A5%B4%E7%8E%8B%E9%87%91%E5%86%A0.jpg","三猎","内蒙古博物院","CC BY-SA 4.0","https://creativecommons.org/licenses/by-sa/4.0/","2026-09-15","2026-09-15","pending","pending","2ee0d235b33d2020d76c39275996cd065400ecd2c5250dd459b61c8bf6239daf","/artifacts/nm-jgs.jpg","","","已读取逐文件说明与许可证区域；本地缩图与原始文件尚缺完整绑定证据，授权继续待核。"
"lb-zfsg","周昉《簪花仕女图》","辽宁省博物馆","","","文化和旅游部 / 辽宁省博物馆","","","2026-09-15","2026-09-15","pending","pending","32cfa0ba533d0a9c291173b392fb6be01b55d75817a0951324824a798a818a64","/artifacts/lb-zfsg.jpg","","","馆藏或研究线索，不是当前 AI 图的来源或授权证明；尚未取得可绑定到当前文物的开放许可文件。"
"lb-gf","《虢国夫人游春图》宋摹本","辽宁省博物馆","","","文化和旅游部 / 辽宁省博物馆","","","2026-09-15","2026-09-15","pending","pending","44d109c453c5564b2fcb43c334131e1f103522c8406ca1e36054052dcacd37fb","/artifacts/lb-gf.jpg","","","馆藏或研究线索，不是当前 AI 图的来源或授权证明；尚未取得可绑定到当前文物的开放许可文件。"
"jl-efj","苏轼《洞庭春色赋·中山松醪赋》卷","吉林省博物院","","","吉林省文化和旅游厅 / 吉林省博物院","","","2026-09-15","2026-09-15","pending","pending","bfb444c0b52fa419fb0b289a7e15549d84a5fd01207aa51056b7d85680a0c22e","/artifacts/jl-efj.jpg","","","馆藏或研究线索，不是当前 AI 图的来源或授权证明；尚未取得可绑定到当前文物的开放许可文件。"
"jl-wjg","张瑀《文姬归汉图》卷","吉林省博物院","","","吉林省文化和旅游厅 / 吉林省博物院","","","2026-09-15","2026-09-15","pending","pending","db2d630276a95a5dd569986ba374f4e2a0caf9065b885c6812a9978267470947","/artifacts/jl-wjg.jpg","","","馆藏或研究线索，不是当前 AI 图的来源或授权证明；尚未取得可绑定到当前文物的开放许可文件。"
"hlj-tzl","金代铜坐龙","黑龙江省博物馆","https://commons.wikimedia.org/wiki/File:%E9%93%9C%E5%9D%90%E9%BE%99-4.jpg","Huanokinhejo","黑龙江省博物馆","CC BY-SA 4.0","https://creativecommons.org/licenses/by-sa/4.0/","2026-09-15","2026-09-15","pending","pending","60d97e5e0fc42bd0a08c984aef36b09eaa2bf39816f3e6d6156ae81df937fc52","/artifacts/hlj-tzl.jpg","","","已读取逐文件说明与许可证区域；本地缩图与原始文件尚缺完整绑定证据，授权继续待核。"
"hlj-syj","金代双鱼纹铜镜","黑龙江省博物馆","","","","","","","","pending","unresolved","8987b40931944d8b94c635f3fde1c1360c984522b0942efe6abf4291c61bff16","/artifacts/hlj-syj.jpg","true","pending-specific-object-and-license","分类页出现复制品线索；文件说明页未能读取，不能认定为原件影像。"
"sh-dkd","大克鼎","上海博物馆","https://commons.wikimedia.org/wiki/File:Da_Ke_ding.jpg","Mountain","上海博物馆","CC BY-SA 3.0","https://creativecommons.org/licenses/by-sa/3.0/","2026-09-15","2026-09-15","pending","pending","28967b4cfe43c684a263c6aa9d7fbfb2dd79e572b96181138a1d622b2e7005cd","/artifacts/sh-dkd.jpg","","","已读取逐文件说明与许可证区域；本地缩图与原始文件尚缺完整绑定证据，授权继续待核。"
"sh-syt","王羲之《上虞帖》唐摹本","上海博物馆","https://commons.wikimedia.org/wiki/File:%E7%8E%8B%E7%BE%B2%E4%B9%8B_%E8%8D%89%E4%B9%A6%E4%B8%8A%E8%99%9E%E5%B8%96%E5%8D%B7.jpg","王羲之（唐摹本）","上海博物馆","PD-Art","https://creativecommons.org/publicdomain/mark/1.0/","2026-09-15","2026-09-15","pending","pending","2f3f6f706c4921e8483c113354eacc4dcb0277a330dc5cf294241d94172f2193","/artifacts/sh-syt.jpg","","","已读取逐文件说明与许可证区域；本地缩图与原始文件尚缺完整绑定证据，授权继续待核。"
"sh-sqf","战国商鞅方升","上海博物馆","https://www.shanghaimuseum.net/mu/frontend/pg/m/article/id/CI00000346","","上海博物馆","","","2026-09-15","2026-09-15","pending","pending","4df068c5b71eec6caca562769de18a06571abc9813c3f97ec90d36b1ce74451c","/artifact-sources/official/sh-sqf.jpg","","","官方藏品页可读并标注版权；未见本图开放许可，不能把官网公开展示视为授权。"
"sz-bz","北宋真珠舍利宝幢","苏州博物馆","","","","","","","","pending","pending","8ffa301c154d64cc4b80a0473c90cbb9ba03aae976167eb7062f93c66bbb419e","/artifacts/sz-bz.jpg","","","已检索到分类页线索，逐文件说明页读取失败；不据文件名或分类页页脚填写作者与许可。"
"yz-zbq","郑板桥《兰竹石图》","扬州博物馆","","","","","","","","pending","pending","b095bc03d0e941851b15b8360edfdd21ddf0e412047f3f3556d1a691cf13f189","/artifacts/yz-zbq.jpg","","","馆藏或研究线索，不是当前 AI 图的来源或授权证明；尚未取得可绑定到当前文物的开放许可文件。"
"zj-fcst","黄公望《富春山居图·剩山图》","浙江省博物馆","","","","","","","","pending","pending","febf065b464e30c7221a621b9926ac89607a51d4b18dad6d12a42498ba7031ca","/artifacts/zj-fcst.jpg","","","已检索到分类页线索，逐文件说明页读取失败；不据文件名或分类页页脚填写作者与许可。"
"zj-yzj","战国越王者旨於睗剑","浙江省博物馆","https://commons.wikimedia.org/wiki/File:Yuyue_People-_Warring_States_Bronze_Sword_of_Zhu_Ji_Yu_Shi,_King_of_the_Yue_%E8%B6%8A%E7%8E%8B%E8%80%85%E6%97%A8%E6%96%BC%E7%9D%97%E5%89%91_%E6%B5%99%E6%B1%9F%E5%8D%9A%E7%89%A9%E9%A6%86.jpg","Gary Todd","浙江省博物馆","CC0 1.0","https://creativecommons.org/publicdomain/zero/1.0/","2026-09-15","2026-09-15","verified","verified","b5dd26e6a32c72d6c082869fb0e7d160822604cce12291697ee5dfba8f158c28","/artifact-sources/verified/zj-yzj-detail-cc0.jpg","false","replaced-verified","摄影者原始发布文件与Commons公布SHA-1完全一致；逐文件CC0声明及Flickr许可复核记录已核读，画面与浙江馆藏单剑对应。verified表示本项目证据核验通过，并非馆方背书。"
"nb-wgj","清末民初万工轿","宁波博物院","https://commons.wikimedia.org/wiki/File:Wedding_sedan_chair_in_Zhejiang_Museum.JPG","LukeLOU","浙江省博物馆","CC BY-SA 3.0","https://creativecommons.org/licenses/by-sa/3.0/","2026-09-15","2026-09-15","pending","mismatch","82ccbaa58f31f42b73b4a8e3568c32fe494c1b29af8abf8f2597a01702907282","/artifacts/nb-wgj.jpg","true","pending-license","来源页明确馆藏为浙江省博物馆，与本站宁波博物馆记录不符。"
"jdz-qhmb","元青花缠枝牡丹纹梅瓶","景德镇中国陶瓷博物馆","","","","","","","","pending","unresolved","670fa8e5f67e80dab941c61363c195c2ffbf6feac7f80a835ad7822687616849","/artifacts/jdz-qhmb.jpg","true","pending-license","来源线索落入北京保利2018春拍分类，不能确认是景德镇馆藏的缠枝牡丹梅瓶。"
"kz-kzsj","明版《孔子圣迹图》","孔子博物馆","","","","","","","","pending","pending","1f127266fc781fd7b985e26af64df1a8ae27850a0664f057537f066d9edc70f8","/artifacts/kz-kzsj.jpg","","","馆藏或研究线索，不是当前 AI 图的来源或授权证明；尚未取得可绑定到当前文物的开放许可文件。"
"qzx-zyj","明赵秉忠状元卷","青州市博物馆","https://commons.wikimedia.org/wiki/File:%E7%8A%B6%E5%85%83%E5%8D%B7.JPG","三猎","青州博物馆","CC BY-SA 4.0","https://creativecommons.org/licenses/by-sa/4.0/","2026-09-15","2026-09-15","pending","pending","64942b286039163d3e0d55def37774a977d1443ac757fa5bf901ebdfa372c336","/artifacts/qzx-zyj.jpg","","","已读取逐文件说明与许可证区域；本地缩图与原始文件尚缺完整绑定证据，授权继续待核。"
"hn-jhg","贾湖骨笛","河南博物院","https://commons.wikimedia.org/wiki/File:%E8%B4%BE%E6%B9%96%E9%AA%A8%E7%AC%9B_%E7%AB%96.jpg","Cangminzho","河南博物院","CC BY-SA 4.0","https://creativecommons.org/licenses/by-sa/4.0/","2026-09-15","2026-09-15","pending","pending","703eebceddac5fc8330a62b8c0c3c106d26b82d8863a3358466e8c18496c6e1f","/artifacts/hn-jhg.jpg","","","已读取逐文件说明与许可证区域；本地缩图与原始文件尚缺完整绑定证据，授权继续待核。"
"hn-fhxz","商代妇好鸮尊","河南博物院","https://commons.wikimedia.org/wiki/File:20260408_Bronze_Owl-Shaped_Zun_with_Inscriptions_of_Fu_Hao.jpg","Windmemories","河南博物院 / 中国国家博物馆","CC BY-SA 4.0","https://creativecommons.org/licenses/by-sa/4.0/","2026-09-15","2026-09-15","pending","pending","886df4fd7158ca6d8a38d41a3ea79dc9db09630b9cce6ea274babdbb0f10cea7","/artifacts/hn-fhxz.jpg","","","来源页照片含两件鸮尊，前方为河南博物院、后方为中国国家博物馆；不能把整张照片都称为河南单件馆藏。当前文件绑定仍待核。"
"hn-lhfh","春秋莲鹤方壶","河南博物院","https://commons.wikimedia.org/wiki/File:20260408_Rectangular_Pot_with_Lotus_Petal_Cover_and_Crane_Decoration_01.jpg","Windmemories","河南博物院","CC BY-SA 4.0","https://creativecommons.org/licenses/by-sa/4.0/","2026-09-15","2026-09-15","pending","pending","c5619ad31955241e167d55ed63191688d793d0406c8b1fffcdc661dec0b8ea84","/artifacts/hn-lhfh.jpg","","","已读取逐文件说明与许可证区域；本地缩图与原始文件尚缺完整绑定证据，授权继续待核。"
"kf-khc","北魏孔惠超石造像","开封市博物馆","","","","","","","","pending","pending","1549903999b60dec4a87c97176b3f55324d7724d0b5cc76c5e4bfa87baff4e09","/artifacts/kf-khc.jpg","","","已检索到分类页线索，逐文件说明页读取失败；不据文件名或分类页页脚填写作者与许可。"
"jz-yzj","战国越王州句剑","荆州博物馆","https://commons.wikimedia.org/wiki/File:%E8%B6%8A%E7%8E%8B%E5%B7%9E%E5%8F%A5%E5%89%91_03.jpg","AriaKoi","荆州博物馆","CC BY 4.0","https://creativecommons.org/licenses/by/4.0/","2026-09-15","2026-09-15","pending","pending","87ee793e569dc8e608da92354b052e7ec49ae8d13685655d5586eb2b03535f98","/artifacts/jz-yzj.jpg","","","已读取逐文件说明与许可证区域；本地缩图与原始文件尚缺完整绑定证据，授权继续待核。"
"hun-tbh","西汉马王堆T形帛画","湖南博物院","https://commons.wikimedia.org/wiki/File:Bani%C3%A8re_fun%C3%A9raire%2C_peinture_sur_soie%2C_Chine.jpg","佚名（古画）；Yann Forget（扫描上传）","湖南博物院","PD-Art","https://creativecommons.org/publicdomain/mark/1.0/","2026-09-15","2026-09-15","pending","pending","3c5c3613eba8479354f45ed6edeff946a52f96777d9a8feb696c814de2e88454","/artifacts/hun-tbh.jpg","","","已读取逐文件说明与许可证区域；本地缩图与原始文件尚缺完整绑定证据，授权继续待核。"
"hun-ssd","西汉素纱襌衣","湖南博物院","https://commons.wikimedia.org/wiki/File:Plain_Unlined_Silk_Gauze_Gown%2C_Hunan_Museum%2C_picture2.jpg","Huangdan2060","湖南博物院","CC0 1.0","https://creativecommons.org/publicdomain/zero/1.0/","2026-09-15","2026-09-15","pending","pending","47c7ca323c74e6dc3780aafccceaa237e9033b8b70d8d122c218aeb78fe9a889","/artifacts/hun-ssd.jpg","","","已读取逐文件说明与许可证区域；本地缩图与原始文件尚缺完整绑定证据，授权继续待核。"
"gd-mlt","南宋陈容《墨龙图》轴","广东省博物馆","","","广东省博物馆","","","2026-09-15","2026-09-15","pending","pending","c10cbf3a47e1f70b629a1c1b5ef818d2853498aa55b16b92fd077f38dd860b6b","/artifacts/gd-mlt.jpg","","","馆藏或研究线索，不是当前 AI 图的来源或授权证明；尚未取得可绑定到当前文物的开放许可文件。"
"cq-wyq","东汉乌杨石阙","重庆中国三峡博物馆","","","","","","","","pending","pending","2972f50bc7e2864f8365291ed7db08ff7b87279827cd97fdb957420f9f9b909b","/artifacts/cq-wyq.jpg","","","已检索到分类页线索，逐文件说明页读取失败；不据文件名或分类页页脚填写作者与许可。"
"cq-hty","明唐寅临《韩熙载夜宴图》卷","重庆中国三峡博物馆","","","重庆中国三峡博物馆","","","2026-09-15","2026-09-15","pending","pending","2279bb79b0129a15f7deb0394133e89589e169ded6dd53e40c3397c7a43ecaaf","/artifacts/cq-hty.jpg","","","馆藏或研究线索，不是当前 AI 图的来源或授权证明；尚未取得可绑定到当前文物的开放许可文件。"
"dz-qsg","南宋宝顶山千手观音","大足石刻博物馆","https://commons.wikimedia.org/wiki/File:Avalokitesvara.jpg","Calton（页面根据版权声明推定）","大足石刻","CC BY-SA 3.0","https://creativecommons.org/licenses/by-sa/3.0/","2026-09-15","2026-09-15","pending","pending","9f38a8aa2856fb93f5918da11a14e96bbb59953d79cf24fe118586c6536b6a01","/artifacts/dz-qsg.jpg","","","已读取逐文件说明与许可证区域；本地缩图与原始文件尚缺完整绑定证据，授权继续待核。"
"sxd-qs","商代青铜神树","三星堆博物馆","https://commons.wikimedia.org/wiki/File:%E2%85%A0%E5%8F%B7%E5%A4%A7%E5%9E%8B%E9%9D%92%E9%93%9C%E7%A5%9E%E6%A0%91.jpg","Tyg728","三星堆博物馆","CC BY-SA 4.0","https://creativecommons.org/licenses/by-sa/4.0/","2026-09-15","2026-09-15","pending","pending","1263e6991877c8245142e6def9848ab9156592a2be002aea8e327e17f810466c","/artifacts/sxd-qs.jpg","","","已读取逐文件说明与许可证区域；本地缩图与原始文件尚缺完整绑定证据，授权继续待核。"
"sxd-dlr","商代青铜大立人","三星堆博物馆","https://commons.wikimedia.org/wiki/File:%E4%B8%89%E6%98%9F%E5%A0%86%E5%87%BA%E5%9C%9F%E9%9D%92%E9%93%9C%E5%A4%A7%E7%AB%8B%E4%BA%BA%E5%83%8F%2C_2017-09-17.jpg","Siyuwj","三星堆博物馆","CC BY-SA 4.0","https://creativecommons.org/licenses/by-sa/4.0/","2026-09-15","2026-09-15","pending","pending","b5cf953fd8223413c26de0c03fd9b61379187f4b2a7ae9b4053eb7e1fa8ec441","/artifacts/sxd-dlr.jpg","","","已读取逐文件说明与许可证区域；本地缩图与原始文件尚缺完整绑定证据，授权继续待核。"
"sxd-hjm","商代黄金面具","三星堆博物馆","https://commons.wikimedia.org/wiki/File:Sanxingdui_Oct_2007_585.jpg","G41rn8","三星堆博物馆","CC BY-SA 4.0","https://creativecommons.org/licenses/by-sa/4.0/","2026-09-15","2026-09-15","pending","pending","5171ac0be9c72dfde85784c3c634315b34f23508086ffa40bb3f5a5d1a5e7b5c","/artifacts/sxd-hjm.jpg","","","来源页描述为贴金箔的青铜头像，不能仅凭黄金面具名称认定为2021年出土的独立金面具；当前实物版本与图像绑定仍待核。"
"sxd-zym","商代青铜纵目面具","三星堆博物馆","https://commons.wikimedia.org/wiki/File:Bronze_Mask_with_Protruding_Eyes.jpg","momo","三星堆博物馆","CC BY 2.0","https://creativecommons.org/licenses/by/2.0/","2026-09-15","2026-09-15","pending","pending","92538c62246bc46bce03e8b0d8c1ed5ef999faf2d04a76c18c530920b58370c6","/artifacts/sxd-zym.jpg","","","已读取逐文件说明与许可证区域；本地缩图与原始文件尚缺完整绑定证据，授权继续待核。"
"yn-jcn","宋大理国银鎏金镶珠金翅鸟","云南省博物馆","https://commons.wikimedia.org/wiki/File:%E5%A4%A7%E7%90%86%E5%B4%87%E5%9C%A3%E5%AF%BA%E5%8D%83%E5%AF%BB%E5%A1%94%E5%87%BA%E5%9C%9F-%E9%93%B6%E9%8E%8F%E9%87%91%E9%95%B6%E7%8F%A0%E9%87%91%E7%BF%85%E9%B8%9F-%E5%A4%A7%E7%90%86%E5%9B%BD-%E4%BA%91%E5%8D%97%E7%9C%81%E5%8D%9A%E7%89%A9%E9%A6%86_2025-09-18_04.jpg","Kcx36","云南省博物馆","CC BY-SA 4.0","https://creativecommons.org/licenses/by-sa/4.0/","2026-09-15","2026-09-15","pending","pending","f33499df6ce356043c3815fbd6895861618a38adcce8376222c703c2b75ca24c","/artifacts/yn-jcn.jpg","","","已读取逐文件说明与许可证区域；本地缩图与原始文件尚缺完整绑定证据，授权继续待核。"
"xz-byj","吐蕃贝叶经","西藏博物馆","","","","","","","","pending","pending","fbc64c1b2363c922ba83c6317f070b43a109afc7431b52e3c87327fdaaa07b53","/artifacts/xz-byj.jpg","","","馆藏或研究线索，不是当前 AI 图的来源或授权证明；尚未取得可绑定到当前文物的开放许可文件。"
"sxl-hzx","西汉“皇后之玺”玉印","陕西历史博物馆","https://commons.wikimedia.org/wiki/File:%22%E7%9A%87%E5%90%8E%E4%B9%8B%E7%8E%BA%22%E7%8E%89%E5%8D%B0.jpg","Antolavoasio","","CC BY-SA 4.0","https://creativecommons.org/licenses/by-sa/4.0/","2026-09-15","2026-09-15","pending","pending","7c94a12efca04528ed4fdd2c5c0661ec8225e0610f9205502ce8d66ecfe8f9b7","/artifacts/sxl-hzx.jpg","","","已读取逐文件说明与许可证区域；本地缩图与原始文件尚缺完整绑定证据，授权继续待核。"
"sxl-lt","唐三彩骆驼载乐俑","陕西历史博物馆","https://commons.wikimedia.org/wiki/File:20251026_Sancai-glazed_Pottery_Musician_on_Camelback.jpg","Windmemories","中国国家博物馆","CC BY-SA 4.0","https://creativecommons.org/licenses/by-sa/4.0/","2026-09-15","2026-09-15","pending","mismatch","b363d71896788e9c9604ba318acef44444e887f9305b750e08a727567532864d","/artifacts/sxl-lt.jpg","true","skipped-download-blocked","来源页明确为中国国家博物馆鲜于廉墓出土骆驼载乐俑，与本站陕西历史博物馆记录不符。"
"sxl-yjb","唐鸳鸯莲瓣纹金碗","陕西历史博物馆","https://commons.wikimedia.org/wiki/File:%E9%B8%B3%E9%B8%AF%E8%8E%B2%E7%93%A3%E7%BA%B9%E9%87%91%E7%A2%97_20091112.jpg","颐园新居","陕西历史博物馆","CC BY-SA 3.0","https://creativecommons.org/licenses/by-sa/3.0/","2026-09-15","2026-09-15","pending","pending","d6413e208b9d5b659ebb5ea059daebdd6d044a24578025325525eef3a406036c","/artifacts/sxl-yjb.jpg","","","已读取逐文件说明与许可证区域；本地缩图与原始文件尚缺完整绑定证据，授权继续待核。"
"dh-jsl","北魏第257窟《九色鹿本生》壁画","敦煌研究院（莫高窟）","","","敦煌研究院","","","2026-09-15","2026-09-15","pending","pending","f257091d929fb0a7c8f12744e36043dfd1010cce369106673e44da76241d81af","/artifacts/dh-jsl.jpg","","","馆藏或研究线索，不是当前 AI 图的来源或授权证明；尚未取得可绑定到当前文物的开放许可文件。"
"nx-jxb","西夏文佛经《吉祥遍至口和本续》","宁夏博物馆","","","宁夏文物考古研究所","","","","","pending","pending","79726a2bdb61b6ecdd2819264d62c2d450d0851562568a70ff7f048f21543b3d","/artifacts/nx-jxb.jpg","","","馆藏或研究线索，不是当前 AI 图的来源或授权证明；尚未取得可绑定到当前文物的开放许可文件。"
"xj-fxnv","唐《伏羲女娲图》绢画","新疆维吾尔自治区博物馆","","","南京中医药大学博物馆 / 新疆博物馆","","","2026-09-15","2026-09-15","pending","pending","8910c6b5525d49ba88fbf3e9c5b5390428babf02cd3ba33e034d924b2e7c754a","/artifacts/xj-fxnv.jpg","","","馆藏或研究线索，不是当前 AI 图的来源或授权证明；尚未取得可绑定到当前文物的开放许可文件。"
"hk-lsf","《洛神赋图》卷（北宋摹本）","香港故宫文化博物馆","","","香港故宫文化博物馆 / 故宫博物院","","","2026-09-15","2026-09-15","pending","pending","28010bf973fce46192ed844c228ac5dc33c1bd5bcab9e2caa6330115cb2bcdd7","/artifacts/hk-lsf.jpg","","","官方展览页表明作品归藏北京故宫；香港为借展场景，不应理解为香港永久馆藏。AI 图授权不因展览页存在而确认。"
"hk-jgb","明永乐青花龙穿花纹扁瓶","香港故宫文化博物馆","https://www.hkpm.org.hk/sc/visit/audio-guide/g3-clay-to-treasure","","香港故宫文化博物馆 / 故宫博物院","","","2026-09-15","2026-09-15","pending","pending","2a68ca8c7c54fbc3049dbdb7cb102e587e1e355117723d7fe87bcd828426a7d5","/artifact-sources/official/hk-jgb.png","","","官方页面对应明永乐青花龙穿花纹扁瓶，标注 © 故宫博物院；未见开放许可，授权待核。"
"mo-klk","明克拉克瓷青花盘","澳门博物馆","https://commons.wikimedia.org/wiki/File:2015.04.12.00001a.jpg","Hillarjr","","CC BY-SA 4.0","https://creativecommons.org/licenses/by-sa/4.0/","2026-09-15","2026-09-15","pending","unresolved","2a29823fcc03bc32ac307fd536dc5c06527dbfd0e0fe2444e8b20f951107a6fa","/artifacts/mo-klk.jpg","true","pending-license-and-reference","文件说明只识别为克拉克瓷盘，未提供澳门博物馆收藏依据；元数据含 eBay 处理说明，需要核查上传者权利与实物身份。"
"mo-wxh","清外销通草水彩画","澳门博物馆","","","","","","","","pending","pending","217a50428ad8e01c91fdbb90eba9f2b2eab9637bf3ed79d176b91fb2da50b40c","/artifacts/mo-wxh.jpg","","","检索到的是广东馆藏通草画，不是澳门具体藏品，不能迁移此图；需明确澳门记录的登记号。"
"tp-kxs","晋王羲之《快雪时晴帖》","台北故宫博物院","","","国立故宫博物院（台北）","","","2026-09-15","2026-09-15","pending","pending","54c00829e2c7ea7fe08bd5ca704e748dc8055c2bd6a19dc576177a2cf88979f2","/artifacts/tp-kxs.jpg","","","官方页面声明中阶图 CC BY 4.0；本次尚未下载并绑定具体本幅文件，仍展示明确标识的 AI 图，授权不升级。"
