id,name,museumId,institution,sourceUrl,checkedAt,recordIdentifier,supports,evidenceSha256,imageKind,photoAuthorization,originalSha256,cardSha256,detailSha256,processingManifest
"cd-lacquer-dou","漆豆","chengdu-city","成都博物馆","https://www.cdmuseum.com/xianqin/201901/41.html","2026-10-04T08:17:01.307Z","/xianqin/201901/41.html","器物名称与馆方逐件记录；成都商业街船棺葬出土。木胎髹黑漆，盘面大部涂朱，口径41.5厘米、足径37.5厘米、高23.8厘米。盘与宽圈足共同构成盛食器，外壁纹饰被馆方描述为似蝉纹，不应把相似判断写成确定图像释读。 资料不构成图片许可。","e19f34d78feb3bbeed4a8d8aa29563ee1cdd5fcb222302a1bcf552a737ca6c08","ai","unknown","3c84cd27c76f42eb9a96c379898d00897de9b3ca48e419f66dbbb370fd662710","2e57959aa38fa1e0f3190e2d99f8bcb82b2cfe2090da2c516c60c0aba6c29fd8","bd9fac1fe84eeb71425cd4c494d6bbf8d3f34671add1c1583b6b657189e560c7","/data/image-processing/expansion-tranche-02.json"
"cd-meridian-lacquer-model","经穴漆人","chengdu-city","成都博物馆","https://cdmuseum.com/xinwen/202109/2453.html","2026-10-04T08:19:40.362Z","/xinwen/202109/2453.html","器物名称与馆方逐件记录；成都老官山汉墓出土的经穴漆人高14厘米，通体黑漆，双臂垂于体侧。身上刻绘经脉与穴位，并有器官名称。馆方转载将其解释为可能用于经脉教学的模型；AI图只表现概括器形，不供定位穴位或医学使用。 资料不构成图片许可。","a4d697cd73ab0ffec67176ee7105469e7455dc078f34c9332f4a063674775f33","ai","unknown","f0aa138e96fb6413752259acb251cf65f7089d421a5a7dea415b84a7493ac5af","129579c360135f6ae0ef5befebb07c3c9329d8853ce6fbf18ecbc42d1437f731","1523e88dc091c13fa81b0728be15e5dbbe960a74b9231be699614c4a49346ba3","/data/image-processing/expansion-tranche-02.json"
"gb-linghua-lian","菱花形漆奁","guobo","中国国家博物馆","https://www.chnmuseum.cn/zp/zpml/201812/t20181218_26113.shtml","2026-10-04T08:17:01.652Z","/zp/zpml/201812/t20181218_26113.shtml","器物名称与馆方逐件记录；这件南宋漆奁以菱花形轮廓组织多层套盒。奁高17.3厘米、直径16.7厘米，另有三件小盒。古代梳篦和化妆物品大小不同，组合收纳因而值得观察。馆方没有给出本件使用者、作坊或发现地点，不宜补写闺房主人。 资料不构成图片许可。","55e61e793eb3a88e0e54dff75c8e04c2891ab35d313a160e31b6ab8436d9afe8","ai","unknown","db19d1624cac028e240ecddfa9bca6ada9fff8ac7b2a3a8fabc9a626ad20bde8","df6da16677b6f54e6c993a428f693493cd20c3ff15f435bdc2e4014d57c88929","1a2986451b7ae9b6fb11794c145244d81d380493dc73e142a29f54418608e7c0","/data/image-processing/expansion-tranche-02.json"
"gb-landscape-brushpot","黑漆描金山水大笔筒","guobo","中国国家博物馆","https://www.chnmuseum.cn/zp/zpml/201812/t20181218_25639.shtml","2026-10-04T08:17:02.159Z","/zp/zpml/201812/t20181218_25639.shtml","器物名称与馆方逐件记录；这件高22.8厘米的黑漆山水笔筒由国博记录为日本制作、赠送清朝的礼物。器面以金色山水装饰。读者可以比较书桌用具如何承载图像与交流；具体赠送年份、使者与制造者没有在记录中给出，不能补成外交故事。 资料不构成图片许可。","2c69f0d6e8f45c198076d0be460fa5bbb69af694ef157e5841bb5f9b26925f7a","ai","unknown","c35da0dd8167dacd8828d0160d83c67643bb4e02a633e68c78d1f1f6ae5a685f","35b8df76e6810190e86450676e0b14c4c2862566bd8065e546bb657f33ea7dae","9bf4b9ff95135ade288683c0609e9306b9e9b1f210928d2fbdddf4a1e9cef92d","/data/image-processing/expansion-tranche-02.json"
"gb-medicine-lacquer-cabinet","黑漆描金龙纹方角药柜","guobo","中国国家博物馆","https://www.chnmuseum.cn/zp/zpml/csp/202208/t20220812_256940.shtml","2026-10-04T08:20:46.122Z","/zp/zpml/csp/202208/t20220812_256940.shtml","器物名称与馆方逐件记录；明万历药柜高94.1厘米，木胎黑漆、双开门，柜内设八方旋转药屉。馆方说明全柜可存140种药物，下部另有三个大抽屉。它让我们看到药材分类和取用的设计；李时珍嘉靖年间任职并不能证明他使用过这件万历柜。 资料不构成图片许可。","f642572f85b11a3198a1826c748a88a94ec7cb6b1398b2989651797bd26a6cc6","ai","unknown","77375739dcd42d124d0c6231d15e51e67eb164225819e85dee434661548428cc","a24340438f900415bdb3701512874456f17fdfc9e9a80c23e797ce1143df5d46","7d312f395a2fe58fc39a9b25b28de6298719c41797ee2af0b0299fe0ce116bfe","/data/image-processing/expansion-tranche-02.json"
"gb-bone-inlay-storage-box","黑漆嵌骨山水人物纹五屉官皮箱","guobo","中国国家博物馆","https://www.chnmuseum.cn/zp/zpml/csp/202208/t20220812_256941.shtml","2026-10-04T08:20:46.468Z","/zp/zpml/csp/202208/t20220812_256941.shtml","器物名称与馆方逐件记录；这件晚明官皮箱长35、宽22、高35厘米，是可移动的收纳小箱。前有双门，内分三层、五个抽屉，铜吊牌便于拉开。黑漆表面的嵌骨图像与内部葫芦、花卉装饰提供观察线索；具体人物故事未被逐一释读。 资料不构成图片许可。","0c3a014b31d6467a40501d943744237d3f4440715d3ff16cf6101659b1a56b81","ai","unknown","4d1b0dc7f807954e88dc31e707938eec32f38631047b524e1476337cd385e877","7edad4d94c23ebf067b468f73f3911f8466c40cbec52a8acebf13bb94de2838c","d79e83ce236cda15ba3fb7859dd478db180573e90275a0b0e2a266c0ced87218","/data/image-processing/expansion-tranche-02.json"
"gb-red-panpipes","乾隆红漆描金云龙纹排箫","guobo","中国国家博物馆","https://www.chnmuseum.cn/zp/zpml/201812/t20181218_26920.shtml","2026-10-04T08:18:30.965Z","/zp/zpml/201812/t20181218_26920.shtml","器物名称与馆方逐件记录；国博这件宫廷排箫通高34厘米，最宽37厘米，髹红漆并以金粉绘纹与题字。上部排列16根吹奏管，每管对应一个音。故事可从排列与音律命名展开，但没有听过原件演奏的证据，也不能依据AI图认读音名。 资料不构成图片许可。","2c5aa5db7763fc873f2e7770cc3c4815bc18403d5941665d048749e48055f098","ai","unknown","eaa87bd91677dfaf69b3b469c3604b6a99dec93563e403491edf4a4e3c3f26ac","330611c6799200786e260168e602cb3081a4a9f5a2b7c5ab80c7896ab209109e","08ba1de874f5abbe78b69f11e62b99ac24aa1efa1205c9ad4f7e29651e5bb653","/data/image-processing/expansion-tranche-02.json"
"gb-folding-table","黄花梨包铜活折叠桌","guobo","中国国家博物馆","https://www.chnmuseum.cn/zp/zpml/csp/202208/t20220812_256942.shtml","2026-10-04T08:20:46.731Z","/zp/zpml/csp/202208/t20220812_256942.shtml","器物名称与馆方逐件记录；这张晚明黄花梨小桌长71、宽44、高25厘米，腿部可沿转轴旋转折起，边抹及连接处包铜以减轻磨损。它的妙处不只在木纹，也在收起与支撑的结构安排。原页未说明使用者和行旅用途，不能写成某位文人的旅行桌。 资料不构成图片许可。","4e79ecd957c947cd34a887cc7829b421fc82bbd2ee26a063dc6b016d7bb12a0c","ai","unknown","aee453078f3390054056bdb36898e16af3095a71018dfde2e58bf377f567c6ea","7271fdcd21956a77a94fedb09c1b4a493141762df9288e7baf9bfeb65af6b0ee","86c74a679f38ed9c3e7bdb803f58c95cbdf7d0c537f8844841bc0976928bddd8","/data/image-processing/expansion-tranche-02.json"
"gb-basin-stand","黄花梨雕花六足高面盆架","guobo","中国国家博物馆","https://www.chnmuseum.cn/zp/zpml/csp/202208/t20220812_256943.shtml","2026-10-04T08:20:46.980Z","/zp/zpml/csp/202208/t20220812_256943.shtml","器物名称与馆方逐件记录；清中期六足面盆架高182厘米、直径63厘米，腿与直枨交叉联结，上部有雕花背架。洗漱家具也能在稳固、空间和装饰之间作选择。馆方没有确认配套面盆或使用房间，因此AI示意不额外加入盆具。 资料不构成图片许可。","be243ed32c7a754c7d2894cd65cd91f64e03ad9a99d87caf29f7b0a9fc806e4a","ai","unknown","32b9743b98fee57d56ac43fb38b6b62ec6be51c989e9a81ea8033a5d5ea12922","0dd2a4df36707b5f5592e5cef50a53c113bfc43b3069ac9ea373d99cd36389ac","e920fe879ce29a159382b7761b516767afb20016398fb7c815f1abfaf9fbca1f","/data/image-processing/expansion-tranche-02.json"
"gb-red-embroidered-skirt","红实地纱打籽彩绣花鸟裙","guobo","中国国家博物馆","https://www.chnmuseum.cn/zp/zpml/csp/202112/t20211221_253258.shtml","2026-10-04T08:18:30.676Z","/zp/zpml/csp/202112/t20211221_253258.shtml","器物名称与馆方逐件记录；这条清代红纱裙通长104.5厘米，下摆145厘米，前方有马面，两侧各12褶。花鸟边饰之外，打籽绣还表现螳螂、促织与杂花。先看平面与褶裥如何配合，再找不同装饰部位；没有本件穿着者的姓名记录。 资料不构成图片许可。","e87503e6279695ab0197c8a13ce56cebb4d7758fa9471bc8eb50b1870c4200c4","ai","unknown","d90dd58239087a69f816f57fdec84694720822437c1deb0e9e315549102f9235","5b84ab2eda446b110f2a0d1b10f5cd92159dd57c9c781ab9c85f52e9d5fa36d2","7ac3c6acf0cd40264b55fe6bfe54345a1dc28e934ce95b6a986039f3a6f5040d","/data/image-processing/expansion-tranche-02.json"
"gb-blue-gauze-jacket","天青纱镶花边女上衣","guobo","中国国家博物馆","https://www.chnmuseum.cn/zp/zpml/csp/202112/t20211220_253253.shtml","2026-10-04T08:19:39.427Z","/zp/zpml/csp/202112/t20211220_253253.shtml","器物名称与馆方逐件记录；清代天青纱女上衣身长97.5厘米，采用大襟右衽、立领和宽袖。领围、袖口、襟边与下摆镶宽幅黑色花边，梅竹与蝙蝠等纹样沿边组织。晚清多道镶边是背景，不能把通论十八镶说成本件实数。 资料不构成图片许可。","5c5f4ee8b0bf6af3cd8faefc191d654673ee494f23969463dda1696104e7bcae","ai","unknown","7f5aa95bf1cccd34cf5493943b1d9144c85f05a7481b791982bac39f81da1553","0090e5bb13e0ab7b5c697ce5743e53166b0866333058582823760429caa33f47","7a4b24a9dc62616471a82da03d45e5ff15776362a4d8daf8b9d0d6fa982be0c0","/data/image-processing/expansion-tranche-02.json"
"gb-fish-embroidered-shoes","绣金鱼纹鞋","guobo","中国国家博物馆","https://www.chnmuseum.cn/zp/zpml/csp/202112/t20211220_253254.shtml","2026-10-04T08:19:39.740Z","/zp/zpml/csp/202112/t20211220_253254.shtml","器物名称与馆方逐件记录；清代鱼纹鞋高8.9厘米、长20厘米。灰绸鞋面上用黄线绣鱼鳞，鱼头形包头与黑边相配；木跟外裱白棉布，形成船形厚底。它属于馆方记录的满族妇女鞋式，不应与缠足鞋混称，也不知道具体穿着者。 资料不构成图片许可。","451123004c66c3b577828fc50e80a1f7cf61222f94d78682296c8e8e9973ee4f","ai","unknown","02f661166dc2b562de441f331674704a33c7c1ced6c6d8bb7e67d84256da2da9","ddc1f42a9fad0d234581ba65c62f69ca2f8af22a96ad5e9da2ea0fb206bbb3f6","af83af4df1538c28e6550dd1bfcda2ef1e09d89f73895275d131225c686d241f","/data/image-processing/expansion-tranche-02.json"
"gb-goose-kesi","缂丝仙鹅图轴","guobo","中国国家博物馆","https://www.chnmuseum.cn/zp/zpml/csp/202112/t20211221_253284.shtml","2026-10-04T08:19:40.054Z","/zp/zpml/csp/202112/t20211221_253284.shtml","器物名称与馆方逐件记录；国博馆藏字段将仙鹅缂丝图轴列为明代，纵59.5厘米、横49.5厘米。画面有水边坡石、嫩竹与昂首的鹅，色丝组织出图像。收藏印提供流传线索，但尚未逐一考释其年代；AI图是主题概括，不复制原作布局或印章。 资料不构成图片许可。","d58417f216d91da4ab72fd208a1d52118120d9394804f86ee0afe50bb395b3ad","ai","unknown","99cdea286c0b1e7051faf0d758ea4b0ba23d038ca3b976f1c10f323fb9d170a9","1b5991ef121cb514ba7745e7a9586fa68c5d66542858e039eacbfb3644a57cb7","7dc7e39c47327d7f9a644c65c4a6e2f626fa7239adca3a119609ae70b5ceaf27","/data/image-processing/expansion-tranche-02.json"
"gg-shen-meique-kesi","沈子蕃缂丝梅鹊图轴","gugong","故宫博物院","https://www.dpm.org.cn/collection/embroider/234663.html","2026-10-04T08:18:30.234Z","/collection/embroider/234663.html","器物名称与馆方逐件记录；南宋沈子蕃梅鹊缂丝图轴纵104厘米、宽36厘米，清宫旧藏。它依画稿以不同色丝分区缂织，经线相通而纬线不贯穿整个幅面。馆方给出织物密度与款印，但作者生卒年不详；AI主题图不替代原件的针织纹理和收藏印。 资料不构成图片许可。","58280c4baa92bc38d4ef4922c4343879bb73c86b30c94173ab27675937b77748","ai","unknown","382fe02fc91c05c3bb66e9d6c702f40d3bbc02c0af99d9f18f23369b8775326b","e09d1ac392e7a75f759d58909817dfaf3665f59a121b0f7e76543cb27fd02f7a","9546daf289a5545d6a23b4b61da990186009bfbf80d6e782c3041d0bab006e39","/data/image-processing/expansion-tranche-02.json"
"gb-peony-gold-satin","蓝地牡丹织金缎","guobo","中国国家博物馆","https://www.chnmuseum.cn/zp/zpml/csp/202112/t20211221_253272.shtml","2026-10-04T08:22:07.566Z","/zp/zpml/csp/202112/t20211221_253272.shtml","器物名称与馆方逐件记录；这件蓝地牡丹织金缎全长325厘米、宽79厘米。缎面借浮长经纬形成平滑光泽，金色牡丹又改变了表面的视觉节奏。官网年代字段作明，正文却称清代，现保留冲突而不选一个确定朝代；它是面料，不臆造为某人的衣服。 资料不构成图片许可。","3b2f3ceb29261051590dde43aacc71adb93669e3962ae586a557558d3a376725","ai","unknown","0ebc14bd05c12029b1c918ad2b8791f1fec5ac89dadb67b8170dfea59d064f39","2f0a580cc915e03822214d6f22d4d34969fe06ad5664e934898e74b0c2f0ff9a","3af6397741a924ef73ceedaa61d85ec31b14782242487f6aeefb6291b8e2ea23","/data/image-processing/expansion-tranche-02.json"
"gg-chrysanthemum-lacquer-dish","脱胎朱漆菊瓣式盘","gugong","故宫博物院","https://www.dpm.org.cn/collection/lacquerware/232150.html","2026-10-04T08:23:18.231Z","/collection/lacquerware/232150.html","器物名称与馆方逐件记录；乾隆菊瓣漆盘口径14厘米、高3.5厘米，浅腹与矮圈足构成轻巧轮廓。盘心御题署乾隆甲午，即1774年。馆方结合清宫档案说明曾命苏州制作此类盘；关于超越前朝的说法是御诗表达，不是已证技术排名。 资料不构成图片许可。","04a62359348aa2572aed326a136ea56f1578389686d33b7c62d6b78f0006a864","ai","unknown","033ceec60d5c042aa9f91fb6fee7dac9460e838ca8fbf3a37976034a0e799479","b41ad0519171dae8b5caf53b9d1b0504b937c851c47de68851daf2a8c10e46de","d0f8ec2a1a49d760b1b7182c37691a34ed3ae5ae7f405377ef7f69dc739eb6e9","/data/image-processing/expansion-tranche-02.json"
"hb-heifu-letter","睡虎地秦简墓黑夫“家信”木牍","hubei","湖北省博物馆","https://m-www.hbww.org.cn/p/5381.html","2026-10-04T08:22:27.105Z","/p/5381.html","器物名称与馆方逐件记录；馆方记录的黑夫家信木牍于1975年出土于云梦睡虎地4号墓，长22厘米、宽4厘米。文字涉及黑夫与惊从军至淮阳一带的情况。应与11号墓法律竹简分开；网页总字数口径不等于每片字数，AI图不提供可读释文。 资料不构成图片许可。","0cf79efdc0158968df5f67423f9fea4955d3ec3d1b219807dbed7c60ca756068","ai","unknown","cca8449afe9d63156b6c9930019c47337a5431058e7e8a3e5c135c7a99cfdabc","ca9e5d7d4219bd223a85e38c01230f9606eab39087b94c56f8801379c27a272d","6d38ebb8870ffa2c61ee2460b2b11dd296891215baf3ea5208128554629aaa98","/data/image-processing/expansion-tranche-02.json"
"hb-xiaolv-slips","睡虎地秦简《效律》","hubei","湖北省博物馆","https://m-www.hbww.org.cn/p/5371.html","2026-10-04T08:24:36.854Z","/p/5371.html","器物名称与馆方逐件记录；这组效律竹简共60枚，长27厘米，1975年出土于云梦睡虎地11号墓，湖北省博物馆藏。内容涉及核验县和都官物资账目的制度。本条按一组入库，不把60枚计作60件，也不与现有秦律十八种条目混为同一篇。 资料不构成图片许可。","cf89360b507c99908ac36cf7626817e65995d0660832a013467d311f82cd01e9","ai","unknown","79f9f87f39eb4ec10ec39b17c73b6d6ffdf312435c5045d08fae1542057d1913","8fd4ad4064d3216d458d606857849dbd31cbaf9b429a9b219eb625349e6427be","9559f1bc24badcb2888a796cd727bf74a479b3c133c084427418607b0e1d0abe","/data/image-processing/expansion-tranche-02.json"
"hb-longgang-tablet","龙岗木牍","hubei","湖北省博物馆","https://m-www.hbww.org.cn/p/5382.html","2026-10-04T08:23:18.641Z","/p/5382.html","器物名称与馆方逐件记录；秦代龙岗木牍长36.5厘米、宽3.2厘米，1975年出土于云梦龙岗6号墓，现藏湖北省博物馆。两面以墨书秦隶，共38字，馆方说明内容为纠正误判的法律文书。没有完整案情，不能补写被告、案发经过或最终命运。 资料不构成图片许可。","b5cf9404acee68998a420483fb40e9fa7fdf6d1e45f28bc3395c0d2cfffd84b8","ai","unknown","61cc3a23832fe0aab2869e753bb332237637734c1db6dff82badc0e7e6cef587","715420b17dc521fa33bcc3bffab9efc3eb1162ab322a11727a38ab0381f13513","6811b05da6f1f03cd9f4e6d594bb38898a05891f92f70fa7d1a0932cc3dd8a0f","/data/image-processing/expansion-tranche-02.json"
"sz-bamboo-brushpot","刻字竹笔筒","shenzhen-city","深圳博物馆","https://shenzhenmuseum.com/webCollection/collectionDetail?lmType=L0303&resId=a572599a2109492099bd896a6d0cc0da","2026-10-04T08:21:21.498Z","a572599a2109492099bd896a6d0cc0da","器物名称与馆方逐件记录；深圳博物馆的清代刻字竹笔筒口径与底径均5厘米，高11.7厘米。竹材、圆筒与刻字共同组成小型案头器具。官网没有展示可核释文与刻作者，AI图因此不生成可读字迹；使用者、产地和收藏来源继续未知。 资料不构成图片许可。","d6346cccee10ed44fa2fcd8137247dacbd1d7e8c3aa0552c6947e33a466e6ed7","ai","unknown","6a968b9f0f7689230728062917110c55671ac4dd02d19f273e537e01bbd47ea4","e6224286c23e402192f0889b1440856729edce38e767b208e002020937fbbf96","9560d281480570666c281640d3be5f5bc1f0afc0c3a324584acb58fa39b7d59f","/data/image-processing/expansion-tranche-02.json"