id,name,institution,dynasty,category,recordIdentifier,sourceUrl,evidenceUrl,evidenceKey,checkedAt,evidenceSha256,photoAuthorization,supports
"wh-stone-spade","屈家岭文化石耜","武汉博物馆","新石器时代屈家岭文化","杂项","exhibitId=7ce30e5b2580a4a95f5880983d0ad66f","http://www.whmuseum.com.cn/collection/玉石器/7ce30e5b2580a4a95f5880983d0ad66f","http://www.whmuseum.com.cn/japi/sw-cms-cloud/api/queryExhibitById/7ce30e5b2580a4a95f5880983d0ad66f","1ff2a789251d74f3b19b","2026-10-05T04:28:41.929Z","e5a8dab0d3b730dbaaf75f85c313438bfb28ee8d3653f6c63be0024b1c66a635","unknown","官方逐件名称、年代、形制、尺寸及摘要明列事实；本件具体发现年月与制作者未载。 不构成照片再利用许可。"
"wh-drum-pot","灰陶鼓形壶","武汉博物馆","商","陶瓷","exhibitId=6bab0a546a2070fbd7ffa77c9bbd6734","http://www.whmuseum.com.cn/collection/陶瓷/6bab0a546a2070fbd7ffa77c9bbd6734","http://www.whmuseum.com.cn/japi/sw-cms-cloud/api/queryExhibitById/6bab0a546a2070fbd7ffa77c9bbd6734","8180a51e68aab53ebf07","2026-10-05T04:28:41.871Z","1bd2211cbf141d4d1036112fff364fb649c3171f533d3993e374e9d5eeaa51ba","unknown","官方逐件名称、年代、形制、尺寸及摘要明列事实；实际使用痕迹与用途未核。 不构成照片再利用许可。"
"wh-pottery-yan","陶甗","武汉博物馆","商","陶瓷","exhibitId=4edb65118f7ed4c124b4a146b052e531","http://www.whmuseum.com.cn/collection/陶瓷/4edb65118f7ed4c124b4a146b052e531","http://www.whmuseum.com.cn/japi/sw-cms-cloud/api/queryExhibitById/4edb65118f7ed4c124b4a146b052e531","4642fe52f49267c79517","2026-10-05T04:28:41.871Z","2a9fd844642b42030aa39b1c512d57ee327f63f88cd8637e3d1182dba01091d1","unknown","官方逐件名称、年代、形制、尺寸及摘要明列事实；不补造具体炊食菜单与蒸汽实验。 不构成照片再利用许可。"
"wh-pottery-dui","陶敦","武汉博物馆","战国","陶瓷","exhibitId=f31376077d2c04b38d4b13bb0ae2ee1a","http://www.whmuseum.com.cn/collection/陶瓷/f31376077d2c04b38d4b13bb0ae2ee1a","http://www.whmuseum.com.cn/japi/sw-cms-cloud/api/queryExhibitById/f31376077d2c04b38d4b13bb0ae2ee1a","03942c9945f4c8adda2b","2026-10-05T04:28:41.929Z","2d87905902c575157c124035a7ebb9a778733494f578e8444b59deb376bd7147","unknown","官方逐件名称、年代、形制、尺寸及摘要明列事实；出土年份、墓号与物主未知。 不构成照片再利用许可。"
"wh-pigsty-latrine","陶圈厕","武汉博物馆","汉","陶瓷","exhibitId=eece3d959ff9dfc768ba57dc9223e0ea","http://www.whmuseum.com.cn/collection/陶瓷/eece3d959ff9dfc768ba57dc9223e0ea","http://www.whmuseum.com.cn/japi/sw-cms-cloud/api/queryExhibitById/eece3d959ff9dfc768ba57dc9223e0ea","617934b61020b12202d0","2026-10-05T04:28:41.870Z","cf8e8240ac205c1c23a64a80e05c4e5251ec261572bf5ff357d16333e94a0ed6","unknown","官方逐件名称、年代、形制、尺寸及摘要明列事实；不能从模型推导当时所有家庭的卫生水平。 不构成照片再利用许可。"
"wh-mother-candlestick","青釉妇人抱子陶烛台","武汉博物馆","汉","陶俑","exhibitId=6cfefb213f334407a27b97773729d1f1","http://www.whmuseum.com.cn/collection/陶瓷/6cfefb213f334407a27b97773729d1f1","http://www.whmuseum.com.cn/japi/sw-cms-cloud/api/queryExhibitById/6cfefb213f334407a27b97773729d1f1","4763f3d29e3ff48683b1","2026-10-05T04:28:41.972Z","08fcdf4e4e12e16515caa4d5596bb0a0a3b9b5b32c4a1d378ffd5506d5589d71","unknown","官方逐件名称、年代、形制、尺寸及摘要明列事实；原釉与埋藏变化不由AI定色；发现过程未载。 不构成照片再利用许可。"
"wh-dabu-coin","“大布黄千”铜币","武汉博物馆","新莽","青铜器","exhibitId=dbf5a639e4826e185bb1fb1a8d6f4052","http://www.whmuseum.com.cn/collection/铜器/dbf5a639e4826e185bb1fb1a8d6f4052","http://www.whmuseum.com.cn/japi/sw-cms-cloud/api/queryExhibitById/dbf5a639e4826e185bb1fb1a8d6f4052","5f897af47996d6965c64","2026-10-05T04:28:41.972Z","19d5ce343a08fa42475af3c1c026253d6f05384c16dd204d9ff18b512c2c3fb8","unknown","官方逐件名称、年代、形制、尺寸及摘要明列事实；馆方字段西汉与王莽时期应区别；不虚构出土年月。 不构成照片再利用许可。"
"wh-measuring-ding","“菅邑家”鼎","武汉博物馆","汉","青铜器","exhibitId=9035e09f767bcd01680bd5c6a74d3c6c","http://www.whmuseum.com.cn/collection/铜器/9035e09f767bcd01680bd5c6a74d3c6c","http://www.whmuseum.com.cn/japi/sw-cms-cloud/api/queryExhibitById/9035e09f767bcd01680bd5c6a74d3c6c","dd2976ec0a9d65b1d106","2026-10-05T04:28:41.972Z","9dddb5194f1b5b2e904a08195ff74afb6414d52114898232336fba3416ff0572","unknown","官方逐件名称、年代、形制、尺寸及摘要明列事实；古单位不擅自换算为唯一现代数值。 不构成照片再利用许可。"
"wh-people-mirror","“中国人民”五乳神兽镜","武汉博物馆","汉","青铜器","exhibitId=15e17b4ca076bde7a168e5303360e2d2","http://www.whmuseum.com.cn/collection/铜器/15e17b4ca076bde7a168e5303360e2d2","http://www.whmuseum.com.cn/japi/sw-cms-cloud/api/queryExhibitById/15e17b4ca076bde7a168e5303360e2d2","b3d1c28c5e0d1f253ce5","2026-10-05T04:28:41.972Z","8c203925d3f83e417070933e18917e3bd0a6199c58979fae4b893cb521e3de5a","unknown","官方逐件名称、年代、形制、尺寸及摘要明列事实；取得方式为拣选，不写成考古出土；词义时代边界保留。 不构成照片再利用许可。"
"wh-yangguang-trigger","“延光三年”鎏金铭文弩机","武汉博物馆","东汉","青铜器","exhibitId=81c701e6892e9551b884bfbbb01c131f","http://www.whmuseum.com.cn/collection/铜器/81c701e6892e9551b884bfbbb01c131f","http://www.whmuseum.com.cn/japi/sw-cms-cloud/api/queryExhibitById/81c701e6892e9551b884bfbbb01c131f","83f096746fa7d547a685","2026-10-05T04:28:41.971Z","affd70a304132f10f8d35c1db6e6dfdf258c62e8be117e48fe6189674af6917e","unknown","官方逐件名称、年代、形制、尺寸及摘要明列事实；工匠身份、完整安装关系与后续流转未载。 不构成照片再利用许可。"
"wh-lushi-mirror","鲁诗铭文重列式神兽镜","武汉博物馆","东汉","青铜器","exhibitId=ee6812427eacb8acdfc9857d26ecf564","http://www.whmuseum.com.cn/collection/铜器/ee6812427eacb8acdfc9857d26ecf564","http://www.whmuseum.com.cn/japi/sw-cms-cloud/api/queryExhibitById/ee6812427eacb8acdfc9857d26ecf564","2cef6e2a052ac0ab6827","2026-10-05T04:28:42.019Z","8af431f0229eb02378992aae63cc8c4eba9f0ac2017cfa69d3b1e2afb53890e3","unknown","官方逐件名称、年代、形制、尺寸及摘要明列事实；鲁诗归属按馆方所引研究解释表述，未补原论文。 不构成照片再利用许可。"
"wh-fortress-model","青瓷坞堡","武汉博物馆","三国 吴","陶瓷","exhibitId=da92870a4cb6ff81e7bfb9b0cc6f9e03","http://www.whmuseum.com.cn/collection/陶瓷/da92870a4cb6ff81e7bfb9b0cc6f9e03","http://www.whmuseum.com.cn/japi/sw-cms-cloud/api/queryExhibitById/da92870a4cb6ff81e7bfb9b0cc6f9e03","e040ac6a606da0b0f02b","2026-10-05T04:28:42.020Z","92457db43091dffc2665165de4c34cb1ac8dcd5297f9c7b903dabfcab1b22740","unknown","官方逐件名称、年代、形制、尺寸及摘要明列事实；与执盾俑同地区不等于同墓；建筑细部AI概括。 不构成照片再利用许可。"
"wh-shield-figure","青瓷执盾俑","武汉博物馆","三国 吴","陶俑","exhibitId=e6ec605238d437715bdcf46a0214ed7a","http://www.whmuseum.com.cn/collection/陶瓷/e6ec605238d437715bdcf46a0214ed7a","http://www.whmuseum.com.cn/japi/sw-cms-cloud/api/queryExhibitById/e6ec605238d437715bdcf46a0214ed7a","c648769caaeea0152a75","2026-10-05T04:28:42.020Z","419bd01b371aa948a373372f23aab584cc49c72d42dad12fd26baa722dd48133","unknown","官方逐件名称、年代、形制、尺寸及摘要明列事实；不能从模型服饰确认实际军衔或个人姓名。 不构成照片再利用许可。"
"wh-zhaozhuo-trigger","“赵濯”铭文青铜弩机","武汉博物馆","三国","青铜器","exhibitId=24c09eeed03f4aa350742644b4b3db15","http://www.whmuseum.com.cn/collection/铜器/24c09eeed03f4aa350742644b4b3db15","http://www.whmuseum.com.cn/japi/sw-cms-cloud/api/queryExhibitById/24c09eeed03f4aa350742644b4b3db15","ea272fcfa7e9e99d49ad","2026-10-05T04:28:42.020Z","f9779ef832b64f03ef23454d15e970844f6d59fd78ad91e9260ecad9a720d4e5","unknown","官方逐件名称、年代、形制、尺寸及摘要明列事实；完整墓号、出土年月与使用次序未载。 不构成照片再利用许可。"
"wh-tiger-vessel","青瓷虎子","武汉博物馆","西晋","陶瓷","exhibitId=963c36c0042448a99001a6ad33057b89","http://www.whmuseum.com.cn/collection/陶瓷/963c36c0042448a99001a6ad33057b89","http://www.whmuseum.com.cn/japi/sw-cms-cloud/api/queryExhibitById/963c36c0042448a99001a6ad33057b89","c976439588818f4b430d","2026-10-05T04:28:42.020Z","2b52c334fa822b8ae7bb1d6e734206c46973826f310dd9dc11ac65e3be9271fd","unknown","官方逐件名称、年代、形制、尺寸及摘要明列事实；不得把便壶用途写成定论。 不构成照片再利用许可。"
"wh-well-model","青瓷井","武汉博物馆","西晋","陶瓷","exhibitId=9aa35f07ba74ab67c546c4c7aea61b9a","http://www.whmuseum.com.cn/collection/陶瓷/9aa35f07ba74ab67c546c4c7aea61b9a","http://www.whmuseum.com.cn/japi/sw-cms-cloud/api/queryExhibitById/9aa35f07ba74ab67c546c4c7aea61b9a","d8691341e742828e9270","2026-10-05T04:28:42.059Z","9626e33520eb1ca1cc753be79ed84f089219615aa697448bbb3d8505baf463cf","unknown","官方逐件名称、年代、形制、尺寸及摘要明列事实；发现年份与对应家庭未知。 不构成照片再利用许可。"
"wh-many-foot-inkstone","多足青瓷砚","武汉博物馆","南北朝","陶瓷","exhibitId=ec457ba22a1bc41a36c0841574a10293","http://www.whmuseum.com.cn/collection/陶瓷/ec457ba22a1bc41a36c0841574a10293","http://www.whmuseum.com.cn/japi/sw-cms-cloud/api/queryExhibitById/ec457ba22a1bc41a36c0841574a10293","c10c49e0a836349f6de1","2026-10-05T04:28:42.061Z","7d28d2525ca82273a38c0985f1763eba6e924dcd150070f3488540348b16c74f","unknown","官方逐件名称、年代、形制、尺寸及摘要明列事实；相似形制不建立本件与后器的直接传承。 不构成照片再利用许可。"
"wh-snake-seal","蛇钮金印","武汉博物馆","西晋","金银器","exhibitId=ef48d98ea58d0e83717b3177e2b96155","http://www.whmuseum.com.cn/collection/其它/ef48d98ea58d0e83717b3177e2b96155","http://www.whmuseum.com.cn/japi/sw-cms-cloud/api/queryExhibitById/ef48d98ea58d0e83717b3177e2b96155","6a4bd2222c5711f1bde1","2026-10-05T04:28:42.059Z","49d169c83f75032ed29ab7382a6a33dcee8e7da87744ba12fb8ee571109b11e7","unknown","官方逐件名称、年代、形制、尺寸及摘要明列事实；古代称谓需置于时代语境，不推断今人族属。 不构成照片再利用许可。"
"wh-chicken-ewer","青瓷龙柄鸡首壶","武汉博物馆","隋","陶瓷","exhibitId=75ac577b1961832baedc748cab0d73f3","http://www.whmuseum.com.cn/collection/陶瓷/75ac577b1961832baedc748cab0d73f3","http://www.whmuseum.com.cn/japi/sw-cms-cloud/api/queryExhibitById/75ac577b1961832baedc748cab0d73f3","1223baf15255ed44da58","2026-10-05T04:28:42.062Z","0038f10c19bdc63b6d2614e3acf90a6ac7d664a965740d57101f140108e47eae","unknown","官方逐件名称、年代、形制、尺寸及摘要明列事实；未载出土年份，不虚构具体墓主。 不构成照片再利用许可。"
"wh-chengni-inkstone","抄手澄泥砚","武汉博物馆","宋","陶瓷","exhibitId=178752855674be902f8d03102c75ab70","http://www.whmuseum.com.cn/collection/陶瓷/178752855674be902f8d03102c75ab70","http://www.whmuseum.com.cn/japi/sw-cms-cloud/api/queryExhibitById/178752855674be902f8d03102c75ab70","ea523f1bff4555e1059b","2026-10-05T04:28:42.062Z","5547c7783568d2696391bec354c6fa5a1600c97b53abdb072d488486920120ca","unknown","官方逐件名称、年代、形制、尺寸及摘要明列事实；后刻题款次序、真伪与入藏过程未核。 不构成照片再利用许可。"
"cz-gold-lotus-box","朱漆戗金莲瓣式人物花卉纹奁","常州博物馆","南宋","漆器","id=369","https://www.czmuseum.cn/mobile/#/feaDetail?id=369&cid=12","https://www.czmuseum.cn/api/supreme/achieve_supreme_detail?id=369&cid=&terminal=1","13b0b169f39f975e2d0c","2026-10-05T04:28:42.444Z","a43889b5c81f82c28d668cb8dd498c0217901c0e3f234fd7663e75e08a028861","unknown","官方逐件名称、年代、形制、尺寸及摘要明列事实；不补造仕女身份；铭款不由AI复刻。 不构成照片再利用许可。"
"cz-trumpet-lacquer","喇叭形漆器","常州博物馆","新石器时代马家浜文化","漆器","id=44","https://www.czmuseum.cn/mobile/#/feaDetail?id=44&cid=12","https://www.czmuseum.cn/api/supreme/achieve_supreme_detail?id=44&cid=&terminal=1","721d8abeedd32adb35fa","2026-10-05T04:28:42.434Z","c83dea2643fbc9651a92f06aca72f3d057c6e86488d3420efa43168c2a943b9a","unknown","官方逐件名称、年代、形制、尺寸及摘要明列事实；不沿用最早之类缺乏范围限定的绝对排名。 不构成照片再利用许可。"
"cz-carved-cup","雕花漆杯","常州博物馆","明","漆器","id=417","https://www.czmuseum.cn/mobile/#/feaDetail?id=417&cid=12","https://www.czmuseum.cn/api/supreme/achieve_supreme_detail?id=417&cid=&terminal=1","e7c156a82e468e007c09","2026-10-05T04:28:42.456Z","24113977fa575c903cc039ee9d5c9bbac60e0e2dd578743a4ecfc373be52f1ea","unknown","官方逐件名称、年代、形制、尺寸及摘要明列事实；发现、入藏经过未载。 不构成照片再利用许可。"
"cz-wood-cane","木手杖","常州博物馆","元","杂项","id=418","https://www.czmuseum.cn/mobile/#/feaDetail?id=418&cid=12","https://www.czmuseum.cn/api/supreme/achieve_supreme_detail?id=418&cid=&terminal=1","7edd5b8a90dec1d5260d","2026-10-05T04:28:42.444Z","10d5e0cb0f843235959cb16536181588bbe503ed8fb15dda079799d10c6abb93","unknown","官方逐件名称、年代、形制、尺寸及摘要明列事实；不可因竹节造型误写竹材。 不构成照片再利用许可。"
"cz-wood-spoon","木勺","常州博物馆","元","杂项","id=416","https://www.czmuseum.cn/mobile/#/feaDetail?id=416&cid=12","https://www.czmuseum.cn/api/supreme/achieve_supreme_detail?id=416&cid=&terminal=1","fb9ca4bac2b44ede491b","2026-10-05T04:28:42.455Z","097a89b4addbc8e86148a23e47687bf588019dcd5f115582af7bc1c3c32bc9ac","unknown","官方逐件名称、年代、形制、尺寸及摘要明列事实；具体食物与物主未知。 不构成照片再利用许可。"
"cz-wood-chopstick","木筷","常州博物馆","元","杂项","id=415","https://www.czmuseum.cn/mobile/#/feaDetail?id=415&cid=12","https://www.czmuseum.cn/api/supreme/achieve_supreme_detail?id=415&cid=&terminal=1","fc84edd24c53b1a590d7","2026-10-05T04:28:42.649Z","4b9e021b0ef2eac9a011d3eec25c816e2887772737272fda547a2a10c7e079c3","unknown","官方逐件名称、年代、形制、尺寸及摘要明列事实；记录未明确原套数量，不拆分或补配成对。 不构成照片再利用许可。"
"cz-yuan-black-bowl","黑漆碗","常州博物馆","元","漆器","id=414","https://www.czmuseum.cn/mobile/#/feaDetail?id=414&cid=12","https://www.czmuseum.cn/api/supreme/achieve_supreme_detail?id=414&cid=&terminal=1","b95b852b97e8981af103","2026-10-05T04:28:42.649Z","e90ac4ba97775e39f7291e2150be9c3526534f3b6d17e9f10027b787f217bd9b","unknown","官方逐件名称、年代、形制、尺寸及摘要明列事实；铭款所指匠人详细生平未知。 不构成照片再利用许可。"
"cz-phagspa-bowl","“八思巴文”漆碗","常州博物馆","元","漆器","id=413","https://www.czmuseum.cn/mobile/#/feaDetail?id=413&cid=12","https://www.czmuseum.cn/api/supreme/achieve_supreme_detail?id=413&cid=&terminal=1","9c650d547146476cfca6","2026-10-05T04:28:42.649Z","d7f627c5a3718d9fa6a944e4a210db8ea97633f78bad87f75cfef972cfb80067","unknown","官方逐件名称、年代、形制、尺寸及摘要明列事实；只计官网id413这一具体碗，不合并id412尺寸。 不构成照片再利用许可。"
"cz-bamboo-comb","竹篦","常州博物馆","南宋","杂项","id=410","https://www.czmuseum.cn/mobile/#/feaDetail?id=410&cid=12","https://www.czmuseum.cn/api/supreme/achieve_supreme_detail?id=410&cid=&terminal=1","d43c1bc9f0d21beac5f5","2026-10-05T04:28:42.649Z","2e1701f7a3360af791b59a4493f215a3dad84f7873aaa17598ac35d8d5d73573","unknown","官方逐件名称、年代、形制、尺寸及摘要明列事实；不将缺失档子补绘为完好。 不构成照片再利用许可。"
"cz-pearl-comb","半月形镶珠木梳","常州博物馆","南宋","杂项","id=409","https://www.czmuseum.cn/mobile/#/feaDetail?id=409&cid=12","https://www.czmuseum.cn/api/supreme/achieve_supreme_detail?id=409&cid=&terminal=1","3a4790971fe9a9288329","2026-10-05T04:28:42.649Z","562e88222dc0775320352b8040bf3024d0b7ddca8164080bb9aa770873cba9b5","unknown","官方逐件名称、年代、形制、尺寸及摘要明列事实；物主与使用场合未知。 不构成照片再利用许可。"
"cz-wood-roller","木卷轴","常州博物馆","南宋","杂项","id=408","https://www.czmuseum.cn/mobile/#/feaDetail?id=408&cid=12","https://www.czmuseum.cn/api/supreme/achieve_supreme_detail?id=408&cid=&terminal=1","4354ca6e3bbf6f42beca","2026-10-05T04:28:42.816Z","a200a1eafb4089f8eded31fb5288fbbad72fe356d8dac7a9d7581135acd4458b","unknown","官方逐件名称、年代、形制、尺寸及摘要明列事实；原配书画内容未知。 不构成照片再利用许可。"
"cz-lacquer-brush","黑漆刻花竹毛刷","常州博物馆","南宋","漆器","id=382","https://www.czmuseum.cn/mobile/#/feaDetail?id=382&cid=12","https://www.czmuseum.cn/api/supreme/achieve_supreme_detail?id=382&cid=&terminal=1","694ab28f4dc543376cf7","2026-10-05T04:28:42.816Z","4119477e8254347a104e190bf80a47bdb90992dcf638831422ef2ab27a75d6c5","unknown","官方逐件名称、年代、形制、尺寸及摘要明列事实；用途属伴出组合解释，不把原主人身份写定。 不构成照片再利用许可。"
"cz-wood-chair","木椅","常州博物馆","南宋","杂项","id=380","https://www.czmuseum.cn/mobile/#/feaDetail?id=380&cid=12","https://www.czmuseum.cn/api/supreme/achieve_supreme_detail?id=380&cid=&terminal=1","3b9f96af8c658e7db4e1","2026-10-05T04:28:42.817Z","54d65c5eea128bfa7ffd37717d5a64a2ae2bde1167384d47cee9b624a98cb9f1","unknown","官方逐件名称、年代、形制、尺寸及摘要明列事实；比例模型不推导实际使用者身高。 不构成照片再利用许可。"
"cz-wood-table","木桌","常州博物馆","南宋","杂项","id=379","https://www.czmuseum.cn/mobile/#/feaDetail?id=379&cid=12","https://www.czmuseum.cn/api/supreme/achieve_supreme_detail?id=379&cid=&terminal=1","284094afeb6b885ce833","2026-10-05T04:28:42.814Z","7065b821bb7d83c0e8d4eb6c43372542b9b14e86626bb4c8c50acaad19d0a597","unknown","官方逐件名称、年代、形制、尺寸及摘要明列事实；供桌用途为馆方解释，不能编造祭品清单。 不构成照片再利用许可。"
"cz-lacquer-teacup","漆托盏","常州博物馆","南宋","漆器","id=378","https://www.czmuseum.cn/mobile/#/feaDetail?id=378&cid=12","https://www.czmuseum.cn/api/supreme/achieve_supreme_detail?id=378&cid=&terminal=1","95e7a5f6063889f69119","2026-10-05T04:28:42.816Z","da026facc39dc8c8446bbc86bd4ccab51308583c4a1b0176b0083eb86e5c83e3","unknown","官方逐件名称、年代、形制、尺寸及摘要明列事实；不写成另件id374的葵花托。 不构成照片再利用许可。"
"cz-petal-dish","花瓣式漆盘","常州博物馆","南宋","漆器","id=377","https://www.czmuseum.cn/mobile/#/feaDetail?id=377&cid=12","https://www.czmuseum.cn/api/supreme/achieve_supreme_detail?id=377&cid=&terminal=1","1e21f4acf47c82bfeea0","2026-10-05T04:28:42.979Z","359dcf7b8d7e0507c4e17a00abd5ce5d78b4f7f6ebb1ac44ce25ee57b98f323d","unknown","官方逐件名称、年代、形制、尺寸及摘要明列事实；未核具体墓号；AI瓣数不作史料。 不构成照片再利用许可。"
"cz-black-washer","黑漆洗","常州博物馆","南宋","漆器","id=375","https://www.czmuseum.cn/mobile/#/feaDetail?id=375&cid=12","https://www.czmuseum.cn/api/supreme/achieve_supreme_detail?id=375&cid=&terminal=1","c2cc3e15e6ef07992e57","2026-10-05T04:28:42.979Z","38283c4423cac95a2a77ffd3ca7183ede9aab4f39d464359ab3f4c4ac784d7cc","unknown","官方逐件名称、年代、形制、尺寸及摘要明列事实；具体用途与使用痕迹未核，不因洗字等同砚洗。 不构成照片再利用许可。"
"cz-mirror-case","剔犀执镜盒","常州博物馆","南宋","漆器","id=373","https://www.czmuseum.cn/mobile/#/feaDetail?id=373&cid=12","https://www.czmuseum.cn/api/supreme/achieve_supreme_detail?id=373&cid=&terminal=1","c79abe2c4c70bacb3242","2026-10-05T04:28:42.981Z","dc1a1887da0ae19bb5dd239a3fd7aba7005c56a98dfb6ce3b3b16e10294d29e1","unknown","官方逐件名称、年代、形制、尺寸及摘要明列事实；镜与盒不拆充本批数量，原镜纹饰不补绘。 不构成照片再利用许可。"
"cz-red-rect-box","朱漆戗金人物花卉纹长方盒","常州博物馆","南宋","漆器","id=372","https://www.czmuseum.cn/mobile/#/feaDetail?id=372&cid=12","https://www.czmuseum.cn/api/supreme/achieve_supreme_detail?id=372&cid=&terminal=1","c25dec398ab3060b6ee0","2026-10-05T04:28:42.979Z","f7552306190da19f896abc6be09a9141c263206ae08e6b7b372e0516956e656e","unknown","官方逐件名称、年代、形制、尺寸及摘要明列事实；典故对应属图像解释，不说就是阮修写实肖像。 不构成照片再利用许可。"
"cz-willow-box","黑地戗金细钩填柳塘纹长方漆盒","常州博物馆","南宋","漆器","id=371","https://www.czmuseum.cn/mobile/#/feaDetail?id=371&cid=12","https://www.czmuseum.cn/api/supreme/achieve_supreme_detail?id=371&cid=&terminal=1","bf6f7348d55e40e2a27e","2026-10-05T04:28:42.980Z","e70d219e9b70fbf300e3706c6ce2bd28843f646d64ecb0d857bdf88ba277c6e5","unknown","官方逐件名称、年代、形制、尺寸及摘要明列事实；细纹AI不用于辨识原工艺微痕。 不构成照片再利用许可。"
"cz-silk-brush","毛笔","常州博物馆","南宋","杂项","id=367","https://www.czmuseum.cn/mobile/#/feaDetail?id=367&cid=12","https://www.czmuseum.cn/api/supreme/achieve_supreme_detail?id=367&cid=&terminal=1","431b1a479626bc43e0f6","2026-10-05T04:28:43.142Z","955114c6b67c067a41691f05c2a3ffb4ba3f7697f4896a1c7e6a8ba19f50e38d","unknown","官方逐件名称、年代、形制、尺寸及摘要明列事实；细丝材质据馆方记录，不从AI认定动物毛。 不构成照片再利用许可。"
"cz-red-hairpick","朱漆发插","常州博物馆","南宋","漆器","id=365","https://www.czmuseum.cn/mobile/#/feaDetail?id=365&cid=12","https://www.czmuseum.cn/api/supreme/achieve_supreme_detail?id=365&cid=&terminal=1","fbb22376141f9664812e","2026-10-05T04:28:43.142Z","172da345681e567b7bcca2b63d5d5deaf90a55eb914ba3240d6e6b1f37b8071c","unknown","官方逐件名称、年代、形制、尺寸及摘要明列事实；发插与茶筅两说保留，不用摆拍确定用途。 不构成照片再利用许可。"
"cz-changzhou-bowl","“常州”铭花瓣式黑漆碗","常州博物馆","宋","漆器","id=360","https://www.czmuseum.cn/mobile/#/feaDetail?id=360&cid=12","https://www.czmuseum.cn/api/supreme/achieve_supreme_detail?id=360&cid=&terminal=1","4edd6ab83a1f5f46efbc","2026-10-05T04:28:43.143Z","486e14261c7fb12728e6e278a4893c0c6277de5e83f53a2d7fa456a409c0e2f8","unknown","官方逐件名称、年代、形制、尺寸及摘要明列事实；甲戌不能不加证据换算为唯一公元年。 不构成照片再利用许可。"
"cz-wood-paddle","木桨","常州博物馆","新石器时代马家浜文化","杂项","id=239","https://www.czmuseum.cn/mobile/#/feaDetail?id=239&cid=12","https://www.czmuseum.cn/api/supreme/achieve_supreme_detail?id=239&cid=&terminal=1","ab5d0e70db67d5b5b477","2026-10-05T04:28:43.141Z","a7df0816761d7e46a1a035a36b05e5f1029c258abe4aae20252e09f80a18fad0","unknown","官方逐件名称、年代、形制、尺寸及摘要明列事实；不修补残叶；系绳用途为推测。 不构成照片再利用许可。"
"cz-wood-scull","木橹","常州博物馆","新石器时代马家浜文化","杂项","id=238","https://www.czmuseum.cn/mobile/#/feaDetail?id=238&cid=12","https://www.czmuseum.cn/api/supreme/achieve_supreme_detail?id=238&cid=&terminal=1","006c3e80fd87d332de11","2026-10-05T04:28:43.142Z","04e83521f9f43f2c1f2c5462de81328cddbdde3756f77b4c3596991e4c811e73","unknown","官方逐件名称、年代、形制、尺寸及摘要明列事实；天下第一橹为传播称誉，不作排他学术排名。 不构成照片再利用许可。"
