"id","name","institution","dynasty","recordIdentifier","sourceUrl","checkedAt","evidenceSha256","admissionStatus","photoAuthorization"
"jnz-yellow-dragon-robe","明黄色彩云金龙纹妆花缎夹蟒袍","江宁织造博物馆","清•道光","Antique/show/id/117","https://www.njmuseumadmin.com/Antique/show/id/117","2026-10-05T08:32:04.775Z","d9c1ae37d7cd69c3b0ea58338a0090948d9854c0564b22c7f230f8551d7b7bd6","candidate-not-admitted","unknown"
"jnz-crane-robe","缎绣团鹤纹吉服袍","江宁织造博物馆","清","Antique/show/id/133","https://www.njmuseumadmin.com/Antique/show/id/133","2026-10-05T08:32:07.792Z","387ee36e356d709fc4ca17d2376a507d232a636371d66df02b6cda88552208f2","candidate-not-admitted","unknown"
"jnz-blue-kesi-robe","蓝地缂丝金龙纹蟒袍","江宁织造博物馆","清","Antique/show/id/132","https://www.njmuseumadmin.com/Antique/show/id/132","2026-10-05T08:32:07.905Z","4f68e759aa951ac8959a7eac8444f0638b9d146191b1e02ab2e5bf20425d253a","candidate-not-admitted","unknown"
"jnz-navy-dragon-jacket","石青色缎绣四团彩云金龙纹夹龙褂","江宁织造博物馆","清•咸丰","Antique/show/id/124","https://www.njmuseumadmin.com/Antique/show/id/124","2026-10-05T08:41:43.626Z","8caf5c3d49f8fcf29a53622a0bc1c4599921ddae79fd6ecdffbc3672b5bdbdfb","candidate-not-admitted","unknown"
"jnz-red-woman-robe","大红色缎平金绣八团云龙纹夹女蟒","江宁织造博物馆","清•光绪","Antique/show/id/122","https://www.njmuseumadmin.com/Antique/show/id/122","2026-10-05T08:41:43.700Z","b70f2bd8384f15dc04144fb200496065ef08286715951b8d2bda5a27783a06da","candidate-not-admitted","unknown"
"jnz-purple-brocade-robe","紫色云龙杂宝纹妆花绸单蟒袍","江宁织造博物馆","清•光绪","Antique/show/id/118","https://www.njmuseumadmin.com/Antique/show/id/118","2026-10-05T08:41:43.867Z","e754306f7d5e426c2005f92765f44d152683dab0feeb529364b23975a6f68771","candidate-not-admitted","unknown"
"jnz-yellow-velvet-coat","杏黄色织金妆花绒缠枝莲纹夹服","江宁织造博物馆","清","Antique/show/id/121","https://www.njmuseumadmin.com/Antique/show/id/121","2026-10-05T08:41:44.257Z","eda41eb7de26e72fc33d16c6f2ef7a7bc29ca01bafee1029a1268e6bdfffd36b","candidate-not-admitted","unknown"
"lc-ox-cart-group","陶牛车及俑群","六朝博物馆","东晋","Antique/show/id/134","https://www.njmuseumadmin.com/Antique/show/id/134","2026-10-05T08:28:46.436Z","d0ea8cfce54a1205023cd0eb4e1d5927e5aab4f1de2642ba8157b886861261a9","candidate-not-admitted","unknown"
"lc-soul-jar-buildings","青瓷堆塑人物楼阙魂瓶","六朝博物馆","三国•吴","Antique/show/id/30","https://www.njmuseumadmin.com/Antique/show/id/30","2026-10-05T08:32:02.953Z","ed6cdb632dbd66c9895c2406e2de98e043967c7cf6dae169132bbee68b33649e","candidate-not-admitted","unknown"
"lc-chicken-head-ewer","青瓷鸡首壶","六朝博物馆","东晋","Antique/show/id/29","https://www.njmuseumadmin.com/Antique/show/id/29","2026-10-05T08:32:03.142Z","931fd9b2bee3cfd169bfee1f1803f13c9e1c1bb64c788c4a6ecb6f1f038361c3","candidate-not-admitted","unknown"
"lc-cicada-gold-ornament","蝉纹金珰","六朝博物馆","东晋","Antique/show/id/28","https://www.njmuseumadmin.com/Antique/show/id/28","2026-10-05T08:32:03.267Z","5809bb4c142db6c87a1767cd94bdf07f3375c091de1a2dde783f4a416ce325a9","candidate-not-admitted","unknown"
"lc-guanzhong-gold-seal","“关中侯印”金印","六朝博物馆","东晋","Antique/show/id/15","https://www.njmuseumadmin.com/Antique/show/id/15","2026-10-05T08:32:03.403Z","d869153b86ab35316f12e071fa7cfe78951c7b3d7c226a14240e4e4c3bdf67a1","candidate-not-admitted","unknown"
"lc-human-face-tile","人面纹瓦当","六朝博物馆","六朝","Antique/show/id/14","https://www.njmuseumadmin.com/Antique/show/id/14","2026-10-05T08:32:03.501Z","982886d0eb262945c9b3bd759e501d625fa7693f7cfdc252b16c7e8a6a698abc","candidate-not-admitted","unknown"
"lc-lotus-vase-pair","青瓷莲花尊","六朝博物馆","南朝","Antique/show/id/13","https://www.njmuseumadmin.com/Antique/show/id/13","2026-10-05T08:32:03.739Z","29a86198a92d9a59067c95842b820bab32fe694448fe7f460e0d0c8c045c36e4","candidate-not-admitted","unknown"
"lc-winged-figure-jar","青瓷釉下彩羽人纹盘口壶","六朝博物馆","三国•吴","Antique/show/id/8","https://www.njmuseumadmin.com/Antique/show/id/8","2026-10-05T08:32:03.846Z","dd558312c902527916e6baded190f6472c0a6d2c4563bdbc7594e1a0e598a531","candidate-not-admitted","unknown"
"lc-liang-buddha","铜造佛像","六朝博物馆","南朝•梁•大通元年（公元527年）","Antique/show/id/160","https://www.njmuseumadmin.com/Antique/show/id/160","2026-10-05T08:32:06.238Z","621eae1a9d16a1f7eabbf52827f0301ac9df35056bc6cf8b5edf3e949ac7aac7","candidate-not-admitted","unknown"
"lc-sheep-insertion-vessel","青瓷羊形插器","六朝博物馆","三国•吴","Antique/show/id/153","https://www.njmuseumadmin.com/Antique/show/id/153","2026-10-05T08:32:07.579Z","2766eacef263a709da83fb22f901f13780bb6cf7878d8148a81b732e6c156783","candidate-not-admitted","unknown"
"lc-celadon-huzi","青瓷虎子","六朝博物馆","三国•吴","Antique/show/id/152","https://www.njmuseumadmin.com/Antique/show/id/152","2026-10-05T08:32:07.690Z","c11db6ddef4f5b5acc1097fac0dac7f330c2d11832a905f08eb31bcad0c8e79b","candidate-not-admitted","unknown"
"lc-musician-figurine-group","青瓷伎乐俑群","六朝博物馆","三国吴","Antique/show/id/34","https://www.njmuseumadmin.com/Antique/show/id/34","2026-10-05T08:32:08.397Z","935a6b75c9c9ad5c322ad2ba3cc926e9cb68b62ca792e4c74e3bd63e0c0afe60","candidate-not-admitted","unknown"
"njc-bronze-yi","铜匜","南京市博物馆","西周","Antique/show/id/40","https://www.njmuseumadmin.com/Antique/show/id/40","2026-10-05T08:28:46.340Z","9fb3f496afcbde75b37b2e1afd846230c00716fcbfad43a9c0e3b942ee30935a","candidate-not-admitted","unknown"
"njc-weifuren-li-group","“卫夫人”铜鬲","南京市博物馆","春秋","Antique/show/id/44","https://www.njmuseumadmin.com/Antique/show/id/44","2026-10-05T08:32:04.041Z","810ddc36dcb866dab069a82ea0a2e1ce54b4d5665b1810cefb88fcfd6a800ada","candidate-not-admitted","unknown"
"njc-bronze-nao","兽面纹青铜铙","南京市博物馆","商","Antique/show/id/39","https://www.njmuseumadmin.com/Antique/show/id/39","2026-10-05T08:32:04.148Z","c0de9b1834f6a8b20cd7e0514d8d1b6f411ca2ec54667ba23723de4564df2fcd","candidate-not-admitted","unknown"
"njc-xiaohe-meiping","青花萧何月下追韩信图梅瓶","南京市博物馆","元","Antique/show/id/9","https://www.njmuseumadmin.com/Antique/show/id/9","2026-10-05T08:32:04.251Z","4c1194e7cfc8504bea0480760777781be9de0e33f40835e0f5d897ccdb387473","candidate-not-admitted","unknown"
"njc-ashoka-pagoda","七宝阿育王塔","南京市博物馆","北宋","Antique/show/id/65","https://www.njmuseumadmin.com/Antique/show/id/65","2026-10-05T08:32:04.349Z","5eae7100c7d5c02c61e7ff30db0b04ad51841ce0f9832fa18f43017e68cd7435","candidate-not-admitted","unknown"
"njc-glazed-building-parts","大报恩寺琉璃构件","南京市博物馆","明","Antique/show/id/41","https://www.njmuseumadmin.com/Antique/show/id/41","2026-10-05T08:32:04.448Z","ce85a36b3668d64d9268e2f9889d2e788b15913b34485c8b8b2c1f8ad8fdc18e","candidate-not-admitted","unknown"
"njc-gem-lotus-gold-box","嵌宝石莲纹金盒","南京市博物馆","明","Antique/show/id/45","https://www.njmuseumadmin.com/Antique/show/id/45","2026-10-05T08:32:04.560Z","d816cd40469b11c35cfced0943e1b75213a41e5647108c0c1da5bba8d3cf70db","candidate-not-admitted","unknown"
"njc-bull-head-pot","牛首陶罐","南京市博物馆","新石器","Antique/show/id/67","https://www.njmuseumadmin.com/Antique/show/id/67","2026-10-05T08:41:45.485Z","ec5d1be1475ae5f66ad1a434994883a15163ac15c0ef855c6e37bc15732928ab","candidate-not-admitted","unknown"
"njc-amber-lotus-cup","渔翁戏荷琥珀杯","南京市博物馆","明","Antique/show/id/10","https://www.njmuseumadmin.com/Antique/show/id/10","2026-10-05T08:32:04.982Z","1a307558a90c1c042db5b7aefd53d2e8d120dc1b07079b95efd1f64765dcdc4b","candidate-not-admitted","unknown"
"njc-silver-gold-coffin","长干寺银椁、金棺","南京市博物馆","北宋","Antique/show/id/49","https://www.njmuseumadmin.com/Antique/show/id/49","2026-10-05T08:32:05.094Z","b4ea3ea71c0df1d3318b050dae608ac2a18a493504bf45b4639da83e6761567a","candidate-not-admitted","unknown"
"njc-double-chi-jade-cup","双螭耳玉杯","南京市博物馆","明","Antique/show/id/38","https://www.njmuseumadmin.com/Antique/show/id/38","2026-10-05T08:32:05.222Z","8530b80efb51a8e69d1b804db13d3eca22ec2381f174b999312d6bd1fb8d804f","candidate-not-admitted","unknown"
"njc-changsha-butterfly-ewer","长沙窑青釉褐彩花蝶纹瓷执壶","南京市博物馆","唐","Antique/show/id/71","https://www.njmuseumadmin.com/Antique/show/id/71","2026-10-05T08:41:43.544Z","cf3e031c959668edfbc5b077982675e7f0b2f58a5a3d98cee189e36e569f0dab","candidate-not-admitted","unknown"
"njc-neifu-meiping","景德镇窑“内府”瓷梅瓶","南京市博物馆","明","Antique/show/id/150","https://www.njmuseumadmin.com/Antique/show/id/150","2026-10-05T08:32:05.539Z","0caf28906bfb1f99cdb7165c4ac38aadd72a63a6f89d21317f3201ef0e2ce79d","candidate-not-admitted","unknown"
"njc-muqian-gold-plaque","“黔宁王遗记”金牌","南京市博物馆","明","Antique/show/id/60","https://www.njmuseumadmin.com/Antique/show/id/60","2026-10-05T08:32:05.989Z","d3551033559bc189b8dd377cf3eee9aef7c80ed059985a0fa17702450db76636","candidate-not-admitted","unknown"
"njc-brown-incense-pair","褐釉瓷香熏","南京市博物馆","东晋","Antique/show/id/82","https://www.njmuseumadmin.com/Antique/show/id/82","2026-10-05T08:32:06.343Z","985aeb488befa6b88a11473158b22ae2ae9b701b0d71d0d1216226be8789ae1a","candidate-not-admitted","unknown"
"njc-zengziyi-fu","“曾子義行”铜簠","南京市博物馆","春秋","Antique/show/id/58","https://www.njmuseumadmin.com/Antique/show/id/58","2026-10-05T08:32:06.474Z","e00f3ea3a5b8d5443d82ea2907e0c33ef89e8b471e49cc54776967c0ada64b5f","candidate-not-admitted","unknown"
"njc-lotus-silver-burner","长干寺鎏金莲花宝子银香炉","南京市博物馆","北宋","Antique/show/id/55","https://www.njmuseumadmin.com/Antique/show/id/55","2026-10-05T08:32:06.884Z","27e18c8e7c9317fe0e91c1e52e295e2d871775c3cbd2f10da580fc145323077b","candidate-not-admitted","unknown"
"njc-crystal-leaf-cup","蕉叶纹水晶杯","南京市博物馆","北宋","Antique/show/id/61","https://www.njmuseumadmin.com/Antique/show/id/61","2026-10-05T08:32:06.980Z","1fe039ff3b453ea7627be666850921d1dcf3c8b5b8c799847f8bd7296726b0ec","candidate-not-admitted","unknown"
"njc-gilded-silver-boxes","长干寺鎏金银函","南京市博物馆","北宋","Antique/show/id/52","https://www.njmuseumadmin.com/Antique/show/id/52","2026-10-05T08:32:07.089Z","75bdea8e5a226ed7d74b348c0183b289ecf9f2a01069828b36feaf29a092cd96","candidate-not-admitted","unknown"
"njc-buddha-gold-box","佛像纹金盒","南京市博物馆","明","Antique/show/id/50","https://www.njmuseumadmin.com/Antique/show/id/50","2026-10-05T08:32:08.749Z","b2a20a2a8c43266e021d219b32c9ff7020905a731b7d03be14ab63436feb942c","candidate-not-admitted","unknown"
"njc-wu-dashu-pan","“工吴大叔”铜盘","南京市博物馆","春秋","Antique/show/id/136","https://www.njmuseumadmin.com/Antique/show/id/136","2026-10-05T08:32:09.058Z","33702f5403fc590f966738d2833e09667abba430ebfa97b63fc5390cb28d35f8","candidate-not-admitted","unknown"
"njc-ding-duck-bowl","定窑白釉鸳荷纹瓷碗","南京市博物馆","宋","Antique/show/id/135","https://www.njmuseumadmin.com/Antique/show/id/135","2026-10-05T08:32:09.582Z","37b75fc96d727a598698850714699f6035ec10b66891ebc7f29575dbdb22c864","candidate-not-admitted","unknown"
"njc-jade-egret-gold-base","镶金座荷鹭纹玉饰件","南京市博物馆","明","Antique/show/id/48","https://www.njmuseumadmin.com/Antique/show/id/48","2026-10-05T08:32:09.908Z","f39812ade675badabd271f1612206a36a3219229f8eaa5443776948f8f26a9bb","candidate-not-admitted","unknown"
"njc-linked-jade-buckle","蟠螭纹玉带扣","南京市博物馆","元","Antique/show/id/74","https://www.njmuseumadmin.com/Antique/show/id/74","2026-10-05T08:41:42.874Z","6ff09b207e2e8e68a383a248d9746ebce913139769f10b19df6736de1dafc27b","candidate-not-admitted","unknown"
"njc-liangqi-bell-group","“梁其”铜钟","南京市博物馆","西周","Antique/show/id/68","https://www.njmuseumadmin.com/Antique/show/id/68","2026-10-05T08:41:44.423Z","307320a2690e16dab1e0842372f80d862373bd920999bf20d4f054b07e5cf34d","candidate-not-admitted","unknown"
"njc-diamond-bronze-sword","菱格纹铜剑","南京市博物馆","春秋","Antique/show/id/137","https://www.njmuseumadmin.com/Antique/show/id/137","2026-10-05T08:41:44.602Z","32e171b6fbd52f53bf04fcaf795a73ded6e7f897658bf6e64d9cf9e33a8d350c","candidate-not-admitted","unknown"
